start_date,end_date,aggregation,eth_revenue,usd_revenue,eth_income,usd_income,usd_premiums,registration_count,renewal_count,active_names
2019-01-01,2019-12-31,year,1956.1480730280869,,,,,30829,1331,108667
2019-05-04,2019-05-04,day,,,,,0,282,38,2092
2019-05-04,2025-12-06,period,63001.722664850975,124254784.44664308,,,,,,
2019-05-05,2019-05-05,day,,,,,0,231,16,3601
2019-05-06,2019-05-06,day,,,,,0,143,5,5126
2019-05-07,2019-05-07,day,,,,,0,122,3,6396
2019-05-08,2019-05-08,day,,,,,0,175,17,7857
2019-05-09,2019-05-09,day,,,,,0,120,10,8833
2019-05-10,2019-05-10,day,,,,,0,116,1,9153
2019-05-11,2019-05-11,day,,,,,0,128,77,9710
2019-05-12,2019-05-12,day,,,,,0,135,4,10404
2019-05-13,2019-05-13,day,,,,,0,111,8,11127
2019-05-14,2019-05-14,day,,,,,0,139,3,11984
2019-05-15,2019-05-15,day,,,,,0,168,10,12431
2019-05-16,2019-05-16,day,,,,,0,86,4,13034
2019-05-17,2019-05-17,day,,,,,0,63,0,13440
2019-05-18,2019-05-18,day,,,,,0,84,12,14193
2019-05-19,2019-05-19,day,,,,,0,86,2,14745
2019-05-20,2019-05-20,day,,,,,0,56,3,15073
2019-05-21,2019-05-21,day,,,,,0,88,1,15312
2019-05-22,2019-05-22,day,,,,,0,62,1,15492
2019-05-23,2019-05-23,day,,,,,0,77,1,15679
2019-05-24,2019-05-24,day,,,,,0,103,3,15980
2019-05-25,2019-05-25,day,,,,,0,78,2,16270
2019-05-26,2019-05-26,day,,,,,0,54,3,16626
2019-05-27,2019-05-27,day,,,,,0,83,3,16905
2019-05-28,2019-05-28,day,,,,,0,78,0,17348
2019-05-29,2019-05-29,day,,,,,0,45,2,17671
2019-05-30,2019-05-30,day,,,,,0,97,0,17827
2019-05-31,2019-05-31,day,,,,,0,56,6,18037
2019-06-01,2019-06-01,day,,,,,0,72,2,18284
2019-06-02,2019-06-02,day,,,,,0,97,3,18661
2019-06-03,2019-06-03,day,,,,,0,216,1,18931
2019-06-04,2019-06-04,day,,,,,0,197,4,19213
2019-06-05,2019-06-05,day,,,,,0,101,0,19379
2019-06-06,2019-06-06,day,,,,,0,105,4,19628
2019-06-07,2019-06-07,day,,,,,0,66,5,19894
2019-06-08,2019-06-08,day,,,,,0,104,5,20062
2019-06-09,2019-06-09,day,,,,,0,129,0,20332
2019-06-10,2019-06-10,day,,,,,0,36,9,21325
2019-06-11,2019-06-11,day,,,,,0,62,4,21660
2019-06-12,2019-06-12,day,,,,,0,57,3,21856
2019-06-13,2019-06-13,day,,,,,0,80,10,22058
2019-06-14,2019-06-14,day,,,,,0,75,2,22366
2019-06-15,2019-06-15,day,,,,,0,87,3,23187
2019-06-16,2019-06-16,day,,,,,0,134,0,23817
2019-06-17,2019-06-17,day,,,,,0,44,0,24016
2019-06-18,2019-06-18,day,,,,,0,70,2,24245
2019-06-19,2019-06-19,day,,,,,0,167,7,24602
2019-06-20,2019-06-20,day,,,,,0,86,2,24939
2019-06-21,2019-06-21,day,,,,,0,93,1,25180
2019-06-22,2019-06-22,day,,,,,0,67,0,25417
2019-06-23,2019-06-23,day,,,,,0,78,18,25990
2019-06-24,2019-06-24,day,,,,,0,70,2,26185
2019-06-25,2019-06-25,day,,,,,0,28,2,26268
2019-06-26,2019-06-26,day,,,,,0,29,0,26366
2019-06-27,2019-06-27,day,,,,,0,33,0,26593
2019-06-28,2019-06-28,day,,,,,0,39,0,26673
2019-06-29,2019-06-29,day,,,,,0,58,4,26754
2019-06-30,2019-06-30,day,,,,,0,45,13,26866
2019-07-01,2019-07-01,day,,,,,0,80,2,27077
2019-07-02,2019-07-02,day,,,,,0,5,0,27242
2019-07-03,2019-07-03,day,,,,,0,46,2,27350
2019-07-04,2019-07-04,day,,,,,0,22,7,27424
2019-07-05,2019-07-05,day,,,,,0,25,0,27460
2019-07-06,2019-07-06,day,,,,,0,142,0,27635
2019-07-07,2019-07-07,day,,,,,0,67,4,27854
2019-07-08,2019-07-08,day,,,,,0,86,1,28202
2019-07-09,2019-07-09,day,,,,,0,46,1,28700
2019-07-10,2019-07-10,day,,,,,0,32,11,28811
2019-07-11,2019-07-11,day,,,,,0,32,1,28968
2019-07-12,2019-07-12,day,,,,,0,32,2,29071
2019-07-13,2019-07-13,day,,,,,0,22,6,29518
2019-07-14,2019-07-14,day,,,,,0,97,4,29879
2019-07-15,2019-07-15,day,,,,,0,42,0,30152
2019-07-16,2019-07-16,day,,,,,0,58,0,30229
2019-07-17,2019-07-17,day,,,,,0,33,2,30341
2019-07-18,2019-07-18,day,,,,,0,100,0,30701
2019-07-19,2019-07-19,day,,,,,0,40,1,30927
2019-07-20,2019-07-20,day,,,,,0,49,0,31356
2019-07-21,2019-07-21,day,,,,,0,199,5,32078
2019-07-22,2019-07-22,day,,,,,0,49,1,32374
2019-07-23,2019-07-23,day,,,,,0,95,3,33094
2019-07-24,2019-07-24,day,,,,,0,34,2,33295
2019-07-25,2019-07-25,day,,,,,0,27,0,33949
2019-07-26,2019-07-26,day,,,,,0,69,1,35311
2019-07-27,2019-07-27,day,,,,,0,191,2,37080
2019-07-28,2019-07-28,day,,,,,0,73,2,39061
2019-07-29,2019-07-29,day,,,,,0,24,1,40707
2019-07-30,2019-07-30,day,,,,,0,14,1,41862
2019-07-31,2019-07-31,day,,,,,0,29,0,44015
2019-08-01,2019-08-01,day,,,,,0,27,1,44950
2019-08-02,2019-08-02,day,,,,,0,9,10,46658
2019-08-03,2019-08-03,day,,,,,0,8,0,48080
2019-08-04,2019-08-04,day,,,,,0,16,7,51115
2019-08-05,2019-08-05,day,,,,,0,22,2,53221
2019-08-06,2019-08-06,day,,,,,0,21,1,54420
2019-08-07,2019-08-07,day,,,,,0,31,0,56097
2019-08-08,2019-08-08,day,,,,,0,13,2,62012
2019-08-09,2019-08-09,day,,,,,0,16,0,62217
2019-08-10,2019-08-10,day,,,,,0,38,0,62350
2019-08-11,2019-08-11,day,,,,,0,30,1,62399
2019-08-12,2019-08-12,day,,,,,0,46,4,62599
2019-08-13,2019-08-13,day,,,,,0,60,1,62769
2019-08-14,2019-08-14,day,,,,,0,43,0,62907
2019-08-15,2019-08-15,day,,,,,0,26,1,63139
2019-08-16,2019-08-16,day,,,,,0,38,2,63274
2019-08-17,2019-08-17,day,,,,,0,31,2,63404
2019-08-18,2019-08-18,day,,,,,0,15,0,63454
2019-08-19,2019-08-19,day,,,,,0,35,0,63499
2019-08-20,2019-08-20,day,,,,,0,27,1,63534
2019-08-21,2019-08-21,day,,,,,0,25,1,63586
2019-08-22,2019-08-22,day,,,,,0,28,1,63654
2019-08-23,2019-08-23,day,,,,,0,77,0,63793
2019-08-24,2019-08-24,day,,,,,0,22,0,64392
2019-08-25,2019-08-25,day,,,,,0,36,2,64858
2019-08-26,2019-08-26,day,,,,,0,42,1,65303
2019-08-27,2019-08-27,day,,,,,0,78,3,65502
2019-08-28,2019-08-28,day,,,,,0,120,1,65953
2019-08-29,2019-08-29,day,,,,,0,71,0,66168
2019-08-30,2019-08-30,day,,,,,0,17,2,66246
2019-08-31,2019-08-31,day,,,,,0,146,0,66559
2019-09-01,2019-09-01,day,,,,,0,49,1,66720
2019-09-02,2019-09-02,day,,,,,0,63,0,66797
2019-09-03,2019-09-03,day,,,,,0,22,1,66982
2019-09-04,2019-09-04,day,,,,,0,64,0,67072
2019-09-05,2019-09-05,day,,,,,0,35,1,67302
2019-09-06,2019-09-06,day,,,,,0,33,2,67445
2019-09-07,2019-09-07,day,,,,,0,15,0,67518
2019-09-08,2019-09-08,day,,,,,0,39,0,67574
2019-09-09,2019-09-09,day,,,,,0,32,0,67617
2019-09-10,2019-09-10,day,,,,,0,42,0,67669
2019-09-11,2019-09-11,day,,,,,0,14,3,67701
2019-09-12,2019-09-12,day,,,,,0,27,13,67738
2019-09-13,2019-09-13,day,,,,,0,39,5,67785
2019-09-14,2019-09-14,day,,,,,0,75,1,67929
2019-09-15,2019-09-15,day,,,,,0,68,1,68031
2019-09-16,2019-09-16,day,,,,,0,46,2,68146
2019-09-17,2019-09-17,day,,,,,0,16,1,68210
2019-09-18,2019-09-18,day,,,,,0,20,0,68265
2019-09-19,2019-09-19,day,,,,,0,18,2,68337
2019-09-20,2019-09-20,day,,,,,0,39,0,68477
2019-09-21,2019-09-21,day,,,,,0,11,0,68556
2019-09-22,2019-09-22,day,,,,,0,22,1,68605
2019-09-23,2019-09-23,day,,,,,0,32,0,68638
2019-09-24,2019-09-24,day,,,,,0,31,19,68797
2019-09-25,2019-09-25,day,,,,,0,16,0,68848
2019-09-26,2019-09-26,day,,,,,0,52,2,69008
2019-09-27,2019-09-27,day,,,,,0,25,0,69077
2019-09-28,2019-09-28,day,,,,,0,18,2,69354
2019-09-29,2019-09-29,day,,,,,0,73,2,69807
2019-09-30,2019-09-30,day,,,,,0,161,22,70491
2019-10-01,2019-10-01,day,,,,,0,349,2,71705
2019-10-02,2019-10-02,day,,,,,0,161,15,72066
2019-10-03,2019-10-03,day,,,,,0,155,1,72519
2019-10-04,2019-10-04,day,,,,,0,99,1,72987
2019-10-05,2019-10-05,day,,,,,0,74,3,73406
2019-10-06,2019-10-06,day,,,,,0,108,0,73799
2019-10-07,2019-10-07,day,,,,,0,104,0,73994
2019-10-08,2019-10-08,day,,,,,0,80,10,74145
2019-10-09,2019-10-09,day,,,,,0,63,1,74295
2019-10-10,2019-10-10,day,,,,,0,77,5,74397
2019-10-11,2019-10-11,day,,,,,0,62,1,74464
2019-10-12,2019-10-12,day,,,,,0,92,88,74811
2019-10-13,2019-10-13,day,,,,,0,81,2,74918
2019-10-14,2019-10-14,day,,,,,0,54,4,75085
2019-10-15,2019-10-15,day,,,,,0,57,2,75151
2019-10-16,2019-10-16,day,,,,,0,94,2,75270
2019-10-17,2019-10-17,day,,,,,0,122,2,75455
2019-10-18,2019-10-18,day,,,,,0,161,4,76183
2019-10-19,2019-10-19,day,,,,,0,215,10,76907
2019-10-20,2019-10-20,day,,,,,0,150,9,77439
2019-10-21,2019-10-21,day,,,,,0,166,2,77901
2019-10-22,2019-10-22,day,,,,,0,204,7,78134
2019-10-23,2019-10-23,day,,,,,0,177,1,78433
2019-10-24,2019-10-24,day,,,,,0,129,1,78595
2019-10-25,2019-10-25,day,,,,,0,134,5,78880
2019-10-26,2019-10-26,day,,,,,0,109,3,79343
2019-10-27,2019-10-27,day,,,,,0,98,2,79695
2019-10-28,2019-10-28,day,,,,,0,101,4,79937
2019-10-29,2019-10-29,day,,,,,0,120,0,80119
2019-10-30,2019-10-30,day,,,,,0,97,14,80319
2019-10-31,2019-10-31,day,,,,,0,84,0,80623
2019-11-01,2019-11-01,day,,,,,0,87,3,80847
2019-11-02,2019-11-02,day,,,,,0,70,0,81070
2019-11-03,2019-11-03,day,,,,,0,106,0,81316
2019-11-04,2019-11-04,day,,,,,0,72,3,81522
2019-11-05,2019-11-05,day,,,,,0,71,5,81693
2019-11-06,2019-11-06,day,,,,,0,1320,70,83313
2019-11-07,2019-11-07,day,,,,,0,1988,16,85665
2019-11-08,2019-11-08,day,,,,,0,893,10,86759
2019-11-09,2019-11-09,day,,,,,0,744,9,87722
2019-11-10,2019-11-10,day,,,,,0,582,213,88726
2019-11-11,2019-11-11,day,,,,,0,688,9,89923
2019-11-12,2019-11-12,day,,,,,0,832,25,91285
2019-11-13,2019-11-13,day,,,,,0,814,3,92800
2019-11-14,2019-11-14,day,,,,,0,586,6,93907
2019-11-15,2019-11-15,day,,,,,0,513,9,94831
2019-11-16,2019-11-16,day,,,,,0,399,11,95709
2019-11-17,2019-11-17,day,,,,,0,218,1,96303
2019-11-18,2019-11-18,day,,,,,0,344,4,97019
2019-11-19,2019-11-19,day,,,,,0,458,8,97677
2019-11-20,2019-11-20,day,,,,,0,379,7,98311
2019-11-21,2019-11-21,day,,,,,0,348,2,98867
2019-11-22,2019-11-22,day,,,,,0,168,1,99136
2019-11-23,2019-11-23,day,,,,,0,275,1,99657
2019-11-24,2019-11-24,day,,,,,0,281,1,100394
2019-11-25,2019-11-25,day,,,,,0,209,1,100863
2019-11-26,2019-11-26,day,,,,,0,165,1,101357
2019-11-27,2019-11-27,day,,,,,0,245,29,101902
2019-11-28,2019-11-28,day,,,,,0,209,6,102321
2019-11-29,2019-11-29,day,,,,,0,191,4,102888
2019-11-30,2019-11-30,day,,,,,0,181,2,103310
2019-12-01,2019-12-01,day,,,,,0,189,4,103871
2019-12-02,2019-12-02,day,,,,,0,240,24,104445
2019-12-03,2019-12-03,day,,,,,0,163,3,104661
2019-12-04,2019-12-04,day,,,,,0,210,0,104894
2019-12-05,2019-12-05,day,,,,,0,221,10,105159
2019-12-06,2019-12-06,day,,,,,0,135,8,105341
2019-12-07,2019-12-07,day,,,,,0,155,6,105540
2019-12-08,2019-12-08,day,,,,,0,82,2,105658
2019-12-09,2019-12-09,day,,,,,0,142,2,105823
2019-12-10,2019-12-10,day,,,,,0,108,1,106045
2019-12-11,2019-12-11,day,,,,,0,90,2,106178
2019-12-12,2019-12-12,day,,,,,0,75,12,106285
2019-12-13,2019-12-13,day,,,,,0,79,8,106378
2019-12-14,2019-12-14,day,,,,,0,135,2,106517
2019-12-15,2019-12-15,day,,,,,0,91,0,106698
2019-12-16,2019-12-16,day,,,,,0,129,1,106832
2019-12-17,2019-12-17,day,,,,,0,126,20,107009
2019-12-18,2019-12-18,day,,,,,0,105,1,107155
2019-12-19,2019-12-19,day,,,,,0,158,3,107319
2019-12-20,2019-12-20,day,,,,,0,72,1,107436
2019-12-21,2019-12-21,day,,,,,0,48,3,107516
2019-12-22,2019-12-22,day,,,,,0,64,0,107588
2019-12-23,2019-12-23,day,,,,,0,112,2,107740
2019-12-24,2019-12-24,day,,,,,0,66,2,107823
2019-12-25,2019-12-25,day,,,,,0,105,1,107930
2019-12-26,2019-12-26,day,,,,,0,104,1,108083
2019-12-27,2019-12-27,day,,,,,0,138,14,108227
2019-12-28,2019-12-28,day,,,,,0,109,2,108349
2019-12-29,2019-12-29,day,,,,,0,83,0,108437
2019-12-30,2019-12-30,day,,,,,0,100,3,108544
2019-12-31,2019-12-31,day,,,,,0,120,2,108667
2020-01-01,2020-01-01,day,,,,,0,59,2,108739
2020-01-01,2020-12-31,year,5147.478003403014,1334746.4020929295,1537.0789170540831,650914.0430868159,,45268,52177,145502
2020-01-02,2020-01-02,day,,,,,0,153,3,108903
2020-01-03,2020-01-03,day,,,,,0,112,9,109053
2020-01-04,2020-01-04,day,,,,,0,85,3,109147
2020-01-05,2020-01-05,day,,,,,0,64,3,109232
2020-01-06,2020-01-06,day,,,,,0,81,2,109413
2020-01-07,2020-01-07,day,,,,,0,147,6,109643
2020-01-08,2020-01-08,day,,,,,0,93,6,109777
2020-01-09,2020-01-09,day,,,,,0,124,4,109951
2020-01-10,2020-01-10,day,,,,,0,108,2,110217
2020-01-11,2020-01-11,day,,,,,0,91,9,110328
2020-01-12,2020-01-12,day,,,,,0,68,11,110470
2020-01-13,2020-01-13,day,,,,,0,72,3,110707
2020-01-14,2020-01-14,day,,,,,0,72,8,110811
2020-01-15,2020-01-15,day,,,,,0,74,1,110895
2020-01-16,2020-01-16,day,,,,,0,126,2,111035
2020-01-17,2020-01-17,day,,,,,0,69,9,111375
2020-01-18,2020-01-18,day,,,,,0,111,123,111542
2020-01-19,2020-01-19,day,,,,,0,199,2,111761
2020-01-20,2020-01-20,day,,,,,0,148,2,112132
2020-01-21,2020-01-21,day,,,,,0,153,6,112366
2020-01-22,2020-01-22,day,,,,,0,61,4,112493
2020-01-23,2020-01-23,day,,,,,0,80,3,112675
2020-01-24,2020-01-24,day,,,,,0,124,3,112799
2020-01-25,2020-01-25,day,,,,,0,44,8,112847
2020-01-26,2020-01-26,day,,,,,0,25,1,112894
2020-01-27,2020-01-27,day,,,,,0,60,0,113038
2020-01-28,2020-01-28,day,,,,,0,107,4,113187
2020-01-29,2020-01-29,day,,,,,0,49,5,113288
2020-01-30,2020-01-30,day,,,,,0,65,13,113406
2020-01-31,2020-01-31,day,,,,,0,64,26,113520
2020-02-01,2020-02-01,day,,,,,0,169,57,113740
2020-02-02,2020-02-02,day,,,,,0,151,48,113900
2020-02-03,2020-02-03,day,,,,,0,34,9,113943
2020-02-04,2020-02-04,day,,,,,,,,113943
2020-02-05,2020-02-05,day,,,,,,,,113943
2020-02-06,2020-02-06,day,,,,,,,,113943
2020-02-07,2020-02-07,day,,,,,,,,113943
2020-02-08,2020-02-08,day,,,,,,,,113943
2020-02-09,2020-02-09,day,,,,,,,,113943
2020-02-10,2020-02-10,day,,,,,0,229,6,114175
2020-02-11,2020-02-11,day,,,,,0,345,51,114558
2020-02-12,2020-02-12,day,,,,,0,126,59,114723
2020-02-13,2020-02-13,day,,,,,0,100,20,114841
2020-02-14,2020-02-14,day,,,,,0,99,54,114950
2020-02-15,2020-02-15,day,,,,,0,118,10,115071
2020-02-16,2020-02-16,day,,,,,0,61,22,115140
2020-02-17,2020-02-17,day,,,,,0,122,57,115270
2020-02-18,2020-02-18,day,,,,,0,74,14,115353
2020-02-19,2020-02-19,day,,,,,0,96,33,115473
2020-02-20,2020-02-20,day,,,,,0,104,15,115586
2020-02-21,2020-02-21,day,,,,,0,131,4,115719
2020-02-22,2020-02-22,day,,,,,0,84,29,115831
2020-02-23,2020-02-23,day,,,,,0,102,119,116045
2020-02-24,2020-02-24,day,,,,,0,102,122,116264
2020-02-25,2020-02-25,day,,,,,0,83,118,116460
2020-02-26,2020-02-26,day,,,,,0,167,154,116776
2020-02-27,2020-02-27,day,,,,,0,122,193,117088
2020-02-28,2020-02-28,day,,,,,0,127,51,117256
2020-02-29,2020-02-29,day,,,,,0,105,27,117383
2020-03-01,2020-03-01,day,,,,,0,70,70,117515
2020-03-02,2020-03-02,day,,,,,0,116,11,117634
2020-03-03,2020-03-03,day,,,,,0,97,9,117740
2020-03-04,2020-03-04,day,,,,,0,98,22,117813
2020-03-05,2020-03-05,day,,,,,0,83,23,117911
2020-03-06,2020-03-06,day,,,,,0,72,41,118014
2020-03-07,2020-03-07,day,,,,,0,88,15,118109
2020-03-08,2020-03-08,day,,,,,0,58,6,118172
2020-03-09,2020-03-09,day,,,,,0,29,6,118204
2020-03-10,2020-03-10,day,,,,,0,42,7,118249
2020-03-11,2020-03-11,day,,,,,0,58,8,118312
2020-03-12,2020-03-12,day,,,,,0,10,90,118323
2020-03-13,2020-03-13,day,,,,,0,24,209,118354
2020-03-14,2020-03-14,day,,,,,0,39,170,118393
2020-03-15,2020-03-15,day,,,,,0,23,135,118418
2020-03-16,2020-03-16,day,,,,,0,22,109,118446
2020-03-17,2020-03-17,day,,,,,0,36,321,118483
2020-03-18,2020-03-18,day,,,,,0,28,243,118515
2020-03-19,2020-03-19,day,,,,,0,65,18,118595
2020-03-20,2020-03-20,day,,,,,0,74,29,118685
2020-03-21,2020-03-21,day,,,,,0,70,21,118771
2020-03-22,2020-03-22,day,,,,,0,58,86,118837
2020-03-23,2020-03-23,day,,,,,0,84,28,118944
2020-03-24,2020-03-24,day,,,,,0,51,22,119011
2020-03-25,2020-03-25,day,,,,,0,57,104,119078
2020-03-26,2020-03-26,day,,,,,0,39,47,119132
2020-03-27,2020-03-27,day,,,,,0,49,83,119190
2020-03-28,2020-03-28,day,,,,,0,69,194,119270
2020-03-29,2020-03-29,day,,,,,0,56,113,119348
2020-03-30,2020-03-30,day,,,,,0,44,43,119395
2020-03-31,2020-03-31,day,,,,,0,47,48,119463
2020-04-01,2020-04-01,day,,,,,0,55,65,119526
2020-04-02,2020-04-02,day,,,,,0,74,189,119636
2020-04-03,2020-04-03,day,,,,,0,90,130,119784
2020-04-04,2020-04-04,day,,,,,0,64,124,119918
2020-04-05,2020-04-05,day,,,,,0,55,139,120074
2020-04-06,2020-04-06,day,,,,,0,68,55,120176
2020-04-07,2020-04-07,day,,,,,0,60,166,120240
2020-04-08,2020-04-08,day,,,,,0,37,89,120309
2020-04-09,2020-04-09,day,,,,,0,72,186,120440
2020-04-10,2020-04-10,day,,,,,0,46,104,120554
2020-04-11,2020-04-11,day,,,,,0,63,65,120653
2020-04-12,2020-04-12,day,,,,,0,71,75,120749
2020-04-13,2020-04-13,day,,,,,0,108,200,120903
2020-04-14,2020-04-14,day,,,,,0,128,30,121053
2020-04-15,2020-04-15,day,,,,,0,166,45,121230
2020-04-16,2020-04-16,day,,,,,0,68,52,121320
2020-04-17,2020-04-17,day,,,,,0,117,228,121631
2020-04-18,2020-04-18,day,,,,,0,98,114,121800
2020-04-19,2020-04-19,day,,,,,0,148,263,122067
2020-04-20,2020-04-20,day,,,,,0,104,315,122356
2020-04-21,2020-04-21,day,,,,,0,158,159,122597
2020-04-22,2020-04-22,day,,,,,0,118,294,122759
2020-04-23,2020-04-23,day,,,,,0,108,579,122963
2020-04-24,2020-04-24,day,,,,,0,84,434,123257
2020-04-25,2020-04-25,day,,,,,0,90,223,123450
2020-04-26,2020-04-26,day,,,,,0,70,299,123708
2020-04-27,2020-04-27,day,,,,,0,64,222,123905
2020-04-28,2020-04-28,day,,,,,0,83,610,124368
2020-04-29,2020-04-29,day,,,,,0,76,731,124815
2020-04-30,2020-04-30,day,,,,,0,80,798,125297
2020-05-01,2020-05-01,day,,,,,0,115,1285,125963
2020-05-02,2020-05-02,day,,,,,0,183,1923,127254
2020-05-03,2020-05-03,day,,,,,0,188,3639,129834
2020-05-04,2020-05-04,day,,,,,0,165,969,145502
2020-05-05,2020-05-05,day,,901.782505514603,,,0,199,494,66005
2020-05-06,2020-05-06,day,,4303.312741827905,,,0,110,243,66100
2020-05-07,2020-05-07,day,,1909.8477254746772,,,0,75,86,66148
2020-05-08,2020-05-08,day,,2173.0428907856212,,,0,149,198,66327
2020-05-09,2020-05-09,day,,1649.7851745992612,,,0,79,177,66391
2020-05-10,2020-05-10,day,,726.215085783261,,,81.99805618289062,45,33,66355
2020-05-11,2020-05-11,day,,1228.9158141139637,,,140.89849253068155,43,93,66348
2020-05-12,2020-05-12,day,,2181.5816675683836,,,107.16797687694844,76,225,66534
2020-05-13,2020-05-13,day,,1394.943501233524,,,5.672274831151447,67,81,66565
2020-05-14,2020-05-14,day,,825.5361380409588,,,171.85996731470848,59,35,66568
2020-05-15,2020-05-15,day,,5790.458260125358,,,33.758677773893645,78,250,66708
2020-05-16,2020-05-16,day,,1896.940384572103,,,25.432055207862703,126,125,66848
2020-05-17,2020-05-17,day,,2577.8502834586166,,,0.306619835915904,53,49,66882
2020-05-18,2020-05-18,day,,1672.9811375364282,,,10.668424270584527,68,46,66933
2020-05-19,2020-05-19,day,,1320.6140766019862,,,1.9895394850940118,55,52,66938
2020-05-20,2020-05-20,day,,731.2131226348145,,,9.404447346932802,61,54,67030
2020-05-21,2020-05-21,day,,1108.8520250661566,,,0,82,96,67059
2020-05-22,2020-05-22,day,,1718.5197981893252,,,33.30040433457851,59,143,67180
2020-05-23,2020-05-23,day,,2885.609524575396,,,39.466437414377495,91,171,67382
2020-05-24,2020-05-24,day,,2845.6072225571284,,,7.853800644935651,82,326,67435
2020-05-25,2020-05-25,day,,1955.5383352035756,,,21.649714751899577,118,89,67581
2020-05-26,2020-05-26,day,,2860.3349513908433,,,42.90746164129359,159,184,67834
2020-05-27,2020-05-27,day,,1150.1243354055437,,,9.188843888519322,75,20,67932
2020-05-28,2020-05-28,day,,1493.1897126699207,,,7.610018034115399,91,50,67966
2020-05-29,2020-05-29,day,,1152.2628692147257,,,23.622393541294056,91,85,68144
2020-05-30,2020-05-30,day,,2265.390078673793,,,8.05350166246803,137,30,68215
2020-05-31,2020-05-31,day,,939.160760265271,,,8.88599839934033,73,28,68273
2020-06-01,2020-06-01,day,,4028.4398132046517,,,27.66600170972621,147,172,68464
2020-06-02,2020-06-02,day,,2286.526856799198,,,27.04094586054776,41,74,68505
2020-06-03,2020-06-03,day,,2662.301578424706,,,42.871229034328884,112,106,68606
2020-06-04,2020-06-04,day,,1644.3492390627828,,,11.829513170978757,61,23,68536
2020-06-05,2020-06-05,day,,462.75145391976775,,,2.8570517062101914,39,16,68556
2020-06-06,2020-06-06,day,,1638.880723310586,,,49.925213185064024,70,159,68641
2020-06-07,2020-06-07,day,,1078.0841660104907,,,4.49392079666491,36,41,68654
2020-06-08,2020-06-08,day,,1471.8451186236814,,,11.526367069476997,115,57,68815
2020-06-09,2020-06-09,day,,1336.965848144963,,,33.5702902621546,32,97,68831
2020-06-10,2020-06-10,day,,7506.988037898458,,,22.83768872872834,57,85,68881
2020-06-11,2020-06-11,day,,4060.352974462385,,,58.78860566973878,44,219,68940
2020-06-12,2020-06-12,day,,1873.2717906688827,,,12.815374246275361,48,207,69019
2020-06-13,2020-06-13,day,,1380.9244761299044,,,13.504142248595736,55,105,69060
2020-06-14,2020-06-14,day,,2201.9530567151437,,,20.09808817323627,32,191,69115
2020-06-15,2020-06-15,day,,1094.1789050271843,,,15.559103563414107,37,69,69156
2020-06-16,2020-06-16,day,,858.9601942844197,,,18.61929866804792,37,55,69081
2020-06-17,2020-06-17,day,,2137.221209262967,,,23.25451372803502,49,107,69154
2020-06-18,2020-06-18,day,,1327.40311770075,,,25.26941429975724,126,109,69291
2020-06-19,2020-06-19,day,,1983.0574738217204,,,22.142215717358276,69,116,69270
2020-06-20,2020-06-20,day,,921.1039676575058,,,8.280942221865459,103,25,69283
2020-06-21,2020-06-21,day,,1933.2801439155353,,,26.640156580764412,86,91,69342
2020-06-22,2020-06-22,day,,853.5525272083433,,,12.557327601697503,57,43,69354
2020-06-23,2020-06-23,day,,2261.035918523769,,,22.325025086737682,97,53,69419
2020-06-24,2020-06-24,day,,803.9298996851403,,,6.510525869714769,70,16,69459
2020-06-25,2020-06-25,day,,546.9770984146918,,,33.10004090636636,20,61,69483
2020-06-26,2020-06-26,day,,3112.4161009722093,,,18.234023813699757,204,42,69691
2020-06-27,2020-06-27,day,,1004.7131919186098,,,10.45875988162223,46,86,69736
2020-06-28,2020-06-28,day,,2026.5564735886073,,,16.339960277636777,73,48,69789
2020-06-29,2020-06-29,day,,1955.763504690457,,,18.19060247644705,46,69,69809
2020-06-30,2020-06-30,day,,1145.5688083526002,,,6.031929336024962,75,12,69877
2020-07-01,2020-07-01,day,,2035.8134277872157,,,14.007683946034975,82,26,69895
2020-07-02,2020-07-02,day,,574.8371000741934,,,4.9512836888597995,65,28,69972
2020-07-03,2020-07-03,day,,1407.4359856281646,,,12.600537017589167,54,74,70010
2020-07-04,2020-07-04,day,,1091.2180931861824,,,25.752860861001437,78,80,70104
2020-07-05,2020-07-05,day,,3032.665816598986,,,56.57817808982461,62,284,70225
2020-07-06,2020-07-06,day,,1725.5304055966967,,,8.289853747587683,75,222,70247
2020-07-07,2020-07-07,day,,2823.8528903966544,,,32.77251200285382,61,267,70303
2020-07-08,2020-07-08,day,,482.65954419345275,,,18.051143488265886,33,36,70268
2020-07-09,2020-07-09,day,,1541.8154127342725,,,47.23758789372845,78,139,70363
2020-07-10,2020-07-10,day,,1670.0565276232237,,,48.25369054162836,62,190,70462
2020-07-11,2020-07-11,day,,2785.0175373807824,,,134.61938643963657,99,316,70683
2020-07-12,2020-07-12,day,,2175.750204849882,,,219.53610587887266,74,262,70967
2020-07-13,2020-07-13,day,,3352.4044124391858,,,92.12407390388975,33,164,71138
2020-07-14,2020-07-14,day,,2332.5752979932668,,,46.81826632218499,74,104,71175
2020-07-15,2020-07-15,day,,1452.5952859095457,,,42.17807029469438,87,89,71330
2020-07-16,2020-07-16,day,,1375.2970297223194,,,20.959729908792838,103,44,71398
2020-07-17,2020-07-17,day,,2117.6715157485296,,,9.074168383589424,61,16,71449
2020-07-18,2020-07-18,day,,2689.250793246663,,,2.0758469817694176,370,49,71745
2020-07-19,2020-07-19,day,,2176.361651320024,,,14.880209320493092,37,43,71762
2020-07-20,2020-07-20,day,,6554.713787776282,,,81.1347693448624,68,318,71937
2020-07-21,2020-07-21,day,,4536.988724885489,,,45.253850564342116,45,351,71825
2020-07-22,2020-07-22,day,,2815.084754784597,,,115.529918133479,80,118,72025
2020-07-23,2020-07-23,day,,4083.65280349008,,,130.31338495661055,75,556,72151
2020-07-24,2020-07-24,day,,5985.90862469878,,,286.16491527424864,87,580,72472
2020-07-25,2020-07-25,day,,1745.4413495407607,,,113.42681042515879,40,198,72622
2020-07-26,2020-07-26,day,,4392.193026364319,,,254.83727049481115,67,539,72884
2020-07-27,2020-07-27,day,,5764.659896269952,,,397.6646122572091,93,449,73180
2020-07-28,2020-07-28,day,,28802.124594277047,,,713.5765362403982,105,972,73799
2020-07-29,2020-07-29,day,,9015.791562948363,,,686.7623015720881,89,1338,74505
2020-07-30,2020-07-30,day,,12810.193364574097,,,816.2391620489719,124,1574,75325
2020-07-31,2020-07-31,day,,11737.664973806273,,,1115.5136262203985,78,1571,76348
2020-08-01,2020-08-01,day,,21799.710819068056,,,2504.06255506921,121,3399,78506
2020-08-02,2020-08-02,day,,100307.90181720907,,,87704.91685033559,230,219,78739
2020-08-03,2020-08-03,day,,29366.261339604018,,,20788.134455589658,131,346,78930
2020-08-04,2020-08-04,day,,10081.51408182863,,,1808.280232870803,150,176,79087
2020-08-05,2020-08-05,day,,13032.41102438127,,,8711.25013269164,137,29,79208
2020-08-06,2020-08-06,day,,3858.0732067991257,,,1644.0202253392035,80,17,79296
2020-08-07,2020-08-07,day,,11163.959549210194,,,7992.044740611554,84,15,79358
2020-08-08,2020-08-08,day,,400.2566813248559,,,0.26972230719195167,56,1,79400
2020-08-09,2020-08-09,day,,2213.3618440126443,,,1487.6921053150134,67,4,79476
2020-08-10,2020-08-10,day,,2736.0547453832587,,,2.0490029938702072,73,9,79537
2020-08-11,2020-08-11,day,,6621.909766014856,,,3973.670106205547,61,7,79574
2020-08-12,2020-08-12,day,,2347.5233702814244,,,1.097254101575901,77,6,79644
2020-08-13,2020-08-13,day,,5018.5581090090245,,,2316.802992227724,88,5,79691
2020-08-14,2020-08-14,day,,3344.0618336740877,,,1100.5260104099516,44,239,79787
2020-08-15,2020-08-15,day,,10900.512677841316,,,6311.967690274193,66,259,79861
2020-08-16,2020-08-16,day,,11630.50768847004,,,7821.893511830166,106,42,79951
2020-08-17,2020-08-17,day,,4074.8682657478403,,,1722.8027403123851,64,14,80007
2020-08-18,2020-08-18,day,,3812.8522997754835,,,3208.091895587688,56,16,80050
2020-08-19,2020-08-19,day,,7525.159762880328,,,5729.454000394019,53,11,80117
2020-08-20,2020-08-20,day,,16152.12698012639,,,13465.822826575373,92,35,80193
2020-08-21,2020-08-21,day,,3213.1821052003756,,,1770.2069319758607,51,12,80233
2020-08-22,2020-08-22,day,,6738.082017579548,,,4653.67259890677,70,24,80286
2020-08-23,2020-08-23,day,,6606.618745569952,,,4869.347515325644,98,3,80431
2020-08-24,2020-08-24,day,,14045.242506064076,,,11687.633034055909,91,27,80466
2020-08-25,2020-08-25,day,,16247.853199875612,,,9671.1153823996,101,61,80569
2020-08-26,2020-08-26,day,,27307.535582134784,,,22742.395970908612,163,21,80758
2020-08-27,2020-08-27,day,,19270.24963923938,,,15016.150049506394,165,33,80961
2020-08-28,2020-08-28,day,,18853.003206295165,,,13325.204028410422,224,10,81097
2020-08-29,2020-08-29,day,,48080.31217651359,,,33697.86557632093,1591,29,82637
2020-08-30,2020-08-30,day,,16502.956807929113,,,8.439986706652796,1397,83,84053
2020-08-31,2020-08-31,day,,9514.666494813444,,,12.277696283867176,471,23,84587
2020-09-01,2020-09-01,day,,4466.670162072143,,,0,100,16,84596
2020-09-02,2020-09-02,day,,9011.379745463035,,,12.23905971918737,96,3,84647
2020-09-03,2020-09-03,day,,2670.831542048669,,,2.6526539043943558,67,38,84699
2020-09-04,2020-09-04,day,,4378.196455523904,,,0.20861166347056326,288,11,84951
2020-09-05,2020-09-05,day,,1689.7732988582845,,,0.43312406772130885,161,4,85086
2020-09-06,2020-09-06,day,,4789.608154769101,,,2.0114481905395962,281,48,85364
2020-09-07,2020-09-07,day,,5573.988056560247,,,141.77818673072056,237,113,85658
2020-09-08,2020-09-08,day,,8388.74888185625,,,124.782381511253,261,178,86037
2020-09-09,2020-09-09,day,,2722.5608259329365,,,25.32091415510005,132,99,86204
2020-09-10,2020-09-10,day,,5144.243108676335,,,7.1959062000380385,126,202,86409
2020-09-11,2020-09-11,day,,3866.732641237516,,,0.6372129104368298,130,220,86630
2020-09-12,2020-09-12,day,,4790.322168574987,,,1.6079660677802394,196,138,86858
2020-09-13,2020-09-13,day,,4316.470420289368,,,2.1655506755429883,209,41,87067
2020-09-14,2020-09-14,day,,3300.521369746827,,,2.3556433590506884,129,51,87145
2020-09-15,2020-09-15,day,,4014.03565877205,,,0,159,116,87244
2020-09-16,2020-09-16,day,,3020.6569322721575,,,864.197507961612,123,26,87331
2020-09-17,2020-09-17,day,,2606.8515427326392,,,326.58173018261374,48,5,87372
2020-09-18,2020-09-18,day,,10120.893299592863,,,0.2418687316384478,126,35,87514
2020-09-19,2020-09-19,day,,7978.329855500123,,,1.2880234191906084,198,176,87817
2020-09-20,2020-09-20,day,,9697.449534371643,,,0.946675559318237,258,423,88332
2020-09-21,2020-09-21,day,,7292.949566226779,,,82.07925276505989,220,131,88574
2020-09-22,2020-09-22,day,,4947.317654571176,,,2.53588760647078,198,45,88788
2020-09-23,2020-09-23,day,,6610.245301399674,,,1.3205264364897857,180,159,89046
2020-09-24,2020-09-24,day,,3186.432217902212,,,0.5234030018819027,167,57,89222
2020-09-25,2020-09-25,day,,5923.044649405188,,,2.1507475369536166,159,127,89414
2020-09-26,2020-09-26,day,,5858.102408604576,,,5.05769198298924,272,211,89700
2020-09-27,2020-09-27,day,,3356.7429397891938,,,1.3108747483209129,170,152,89929
2020-09-28,2020-09-28,day,,6421.740587778025,,,4.816951392942267,289,238,90341
2020-09-29,2020-09-29,day,,4273.179127270286,,,0,140,192,90593
2020-09-30,2020-09-30,day,,2362.8479608749212,,,0.5792504497491109,171,28,90847
2020-10-01,2020-10-01,day,,3857.696797547587,,,82.87798033732494,227,84,90899
2020-10-02,2020-10-02,day,,12185.916563288665,,,5.455844127701042,233,87,91032
2020-10-03,2020-10-03,day,,7600.503860991011,,,0.12900970932493294,209,329,91284
2020-10-04,2020-10-04,day,,7134.810405910318,,,0.12813663093328387,201,110,91486
2020-10-05,2020-10-05,day,,6323.208271998207,,,2.8748474952615197,187,134,91692
2020-10-06,2020-10-06,day,,5859.9718471223505,,,0.5991889033786038,286,42,91919
2020-10-07,2020-10-07,day,,9025.736178026464,,,1.0153033239441607,243,291,92189
2020-10-08,2020-10-08,day,,2536.5975244300125,,,1.095587013310487,214,123,92423
2020-10-09,2020-10-09,day,,6936.612013822084,,,2.8143258647825444,331,75,92738
2020-10-10,2020-10-10,day,,7430.531192302767,,,1.2328588282537218,217,130,92958
2020-10-11,2020-10-11,day,,8596.232670669286,,,3.7957402629383186,325,143,93271
2020-10-12,2020-10-12,day,,5372.751199575139,,,584.0988120663409,183,153,93468
2020-10-13,2020-10-13,day,,8891.236940160157,,,5.167858751151613,223,73,93610
2020-10-14,2020-10-14,day,,12042.72295472446,,,2.6121536306914166,272,305,93943
2020-10-15,2020-10-15,day,,7676.557371645661,,,12.500714677648237,226,155,94232
2020-10-16,2020-10-16,day,,2832.8630403181123,,,28.003097501495752,185,84,94371
2020-10-17,2020-10-17,day,,2713.2179057590924,,,0.24565169880496285,265,63,94675
2020-10-18,2020-10-18,day,,9448.11660379123,,,0.10782529721133827,188,122,94796
2020-10-19,2020-10-19,day,,3398.212053564172,,,0,171,64,94905
2020-10-20,2020-10-20,day,,1940.5857621891805,,,0.6135420016069251,141,44,94937
2020-10-21,2020-10-21,day,,3290.795187923738,,,1.6895810006637655,137,98,94968
2020-10-22,2020-10-22,day,,16338.752064476297,,,11.815526098319719,266,109,95105
2020-10-23,2020-10-23,day,,5734.238189787156,,,4.023918984855642,178,8,95163
2020-10-24,2020-10-24,day,,5203.7020543668095,,,374.2300475180865,149,107,95277
2020-10-25,2020-10-25,day,,3555.724589676427,,,0,146,33,95311
2020-10-26,2020-10-26,day,,6797.196000459542,,,4.8001428165092435,168,31,95435
2020-10-27,2020-10-27,day,,10422.261456426344,,,8.955432033489643,185,63,95578
2020-10-28,2020-10-28,day,,5124.219641159923,,,33.49057800181691,154,39,95712
2020-10-29,2020-10-29,day,,10666.516789022595,,,61.67111423345864,249,118,95930
2020-10-30,2020-10-30,day,,2421.573534522631,,,0.1795573189460029,110,26,95987
2020-10-31,2020-10-31,day,,1451.382868826207,,,4.902488021486661,122,59,96075
2020-11-01,2020-11-01,day,,3306.290953221291,,,8.945508041667802,115,73,96164
2020-11-02,2020-11-02,day,,3886.784216763317,,,1.3707162539989,123,37,96316
2020-11-03,2020-11-03,day,,4339.587548543687,,,6.7202343712288535,104,22,96328
2020-11-04,2020-11-04,day,,3774.9447751858997,,,24.904311568371973,155,404,96510
2020-11-05,2020-11-05,day,,6016.177582531497,,,3.070257472554597,173,188,96638
2020-11-06,2020-11-06,day,,2203.473756745363,,,1.423295293467305,121,41,98643
2020-11-07,2020-11-07,day,,1601.3455615285573,,,18.722621653215256,92,89,96535
2020-11-08,2020-11-08,day,,3188.1144193183723,,,12.174732928799454,122,96,95940
2020-11-09,2020-11-09,day,,9666.123804648128,,,17.108498943296674,141,297,95842
2020-11-10,2020-11-10,day,,9881.81949452944,,,13.374705239941425,171,37,95736
2020-11-11,2020-11-11,day,,1885.0614785275384,,,10.63507309107797,100,37,95471
2020-11-12,2020-11-12,day,,1079.994764482871,,,0.7386119266546007,86,12,95203
2020-11-13,2020-11-13,day,,6325.435232939913,,,5.284595668896287,128,199,94776
2020-11-14,2020-11-14,day,,2181.7456185935976,,,0.8349238394779084,134,39,94671
2020-11-15,2020-11-15,day,,2400.3503836318487,,,0.661381313216558,121,93,94357
2020-11-16,2020-11-16,day,,4257.256680724806,,,4.235160588783169,133,158,94143
2020-11-17,2020-11-17,day,,4146.65895985107,,,30.239564812571892,95,29,94107
2020-11-18,2020-11-18,day,,2858.571400518103,,,2.1695414499337815,128,43,94132
2020-11-19,2020-11-19,day,,1966.9366096104695,,,1.5228446964990336,167,49,94039
2020-11-20,2020-11-20,day,,2700.7902865278766,,,3.3295296368866376,142,20,93901
2020-11-21,2020-11-21,day,,3364.0431364234078,,,68.18825129637314,159,60,93848
2020-11-22,2020-11-22,day,,4645.866117787576,,,80.99287495711627,194,128,93966
2020-11-23,2020-11-23,day,,4661.0127751549135,,,2020.2488794658175,157,59,94160
2020-11-24,2020-11-24,day,,1836.5286304230904,,,13.773597115406716,116,30,94070
2020-11-25,2020-11-25,day,,3346.300483270294,,,0.8550760373774153,213,37,94160
2020-11-26,2020-11-26,day,,1505.440577163004,,,16.639136400555387,143,16,94237
2020-11-27,2020-11-27,day,,9866.061017750331,,,3456.4600252954797,238,81,94466
2020-11-28,2020-11-28,day,,6139.005756182692,,,16.15734414634911,228,24,94595
2020-11-29,2020-11-29,day,,6642.750049739241,,,641.8893786519083,268,98,94793
2020-11-30,2020-11-30,day,,3014.8966568753917,,,51.05815254844678,110,45,94819
2020-12-01,2020-12-01,day,,3727.863307770183,,,73.40443672205865,143,118,94925
2020-12-02,2020-12-02,day,,1671.3154506947858,,,2.094149983080843,133,25,94964
2020-12-03,2020-12-03,day,,3802.743734468888,,,71.19200242347537,283,32,95137
2020-12-04,2020-12-04,day,,3420.0304827559025,,,17.74910307581206,220,48,95286
2020-12-05,2020-12-05,day,,3130.2672321916257,,,0.401216271561907,219,63,95324
2020-12-06,2020-12-06,day,,7139.928774935358,,,58.914658597840635,332,85,95587
2020-12-07,2020-12-07,day,,7662.019923308329,,,2.1710617634242393,215,13,95685
2020-12-08,2020-12-08,day,,4430.91612013768,,,2.8182082410535543,102,22,95735
2020-12-09,2020-12-09,day,,2909.688242736135,,,12.414580100871833,164,75,95854
2020-12-10,2020-12-10,day,,5286.965700979566,,,755.0765327410345,188,37,95977
2020-12-11,2020-12-11,day,,2523.075842892497,,,0.22183652397117726,162,13,96082
2020-12-12,2020-12-12,day,,4242.370302450902,,,121.44687376953578,227,64,96279
2020-12-13,2020-12-13,day,,3933.144706997512,,,34.291111165312735,186,218,96423
2020-12-14,2020-12-14,day,,2044.7076915438493,,,0,144,30,96530
2020-12-15,2020-12-15,day,,3383.8319180722697,,,7.02881422240438,129,31,96588
2020-12-16,2020-12-16,day,,4682.201602680486,,,442.7509640082036,112,263,96707
2020-12-17,2020-12-17,day,,3493.366090590141,,,411.1434656876038,86,14,96741
2020-12-18,2020-12-18,day,,4003.976821487503,,,371.94844867988013,192,155,97059
2020-12-19,2020-12-19,day,,2774.0793176720654,,,25.83476125065791,158,61,97120
2020-12-20,2020-12-20,day,,5287.875759166477,,,175.79312910938827,160,26,97229
2020-12-21,2020-12-21,day,,3565.73662169517,,,102.50403019472827,189,121,97457
2020-12-22,2020-12-22,day,,4245.178233173525,,,48.853444235240836,218,69,97731
2020-12-23,2020-12-23,day,,3295.1404623105973,,,0.9186369854090923,158,19,97826
2020-12-24,2020-12-24,day,,4156.574269007488,,,42.07397270998055,139,61,97956
2020-12-25,2020-12-25,day,,9978.099718099245,,,39.04167185592388,85,135,97996
2020-12-26,2020-12-26,day,,4410.816470081727,,,13.010364985358677,146,40,98100
2020-12-27,2020-12-27,day,,18267.242798855645,,,15916.138364928656,143,95,98104
2020-12-28,2020-12-28,day,,6127.296869415307,,,2221.824494298207,110,109,98159
2020-12-29,2020-12-29,day,,10184.990133809086,,,4281.062545153864,168,45,98285
2020-12-30,2020-12-30,day,,11138.193305084642,,,1847.390512788179,127,36,98374
2020-12-31,2020-12-31,day,,4432.60732432849,,,223.30345273725632,120,54,98528
2021-01-01,2021-01-01,day,,4270.934941854605,,,9.547015866823113,106,27,98531
2021-01-01,2021-12-31,year,7990.710497763977,26052757.797154006,3569.0013202038976,9986893.214708528,,396243,68614,467347
2021-01-02,2021-01-02,day,,5423.100297873368,,,102.54002413165523,175,98,98622
2021-01-03,2021-01-03,day,,13815.960898598332,,,38.77636214581324,118,170,98665
2021-01-04,2021-01-04,day,,6047.118379459322,,,52.39491886423906,87,76,98728
2021-01-05,2021-01-05,day,,15949.512610312637,,,1665.7148914262648,115,182,98930
2021-01-06,2021-01-06,day,,37558.4119193771,,,20087.275643404268,146,203,99099
2021-01-07,2021-01-07,day,,7230.249967498591,,,1244.7533210498098,167,36,99206
2021-01-08,2021-01-08,day,,6833.663937393536,,,167.46540435022146,113,168,99332
2021-01-09,2021-01-09,day,,4178.369045259092,,,143.32550342449468,208,179,99470
2021-01-10,2021-01-10,day,,7276.759003604726,,,74.83435471387695,132,296,99578
2021-01-11,2021-01-11,day,,2620.649289494782,,,14.309225441628396,77,45,99595
2021-01-12,2021-01-12,day,,8732.389049817122,,,908.537573116742,162,571,100007
2021-01-13,2021-01-13,day,,10901.740695905026,,,4352.792575587233,256,128,100269
2021-01-14,2021-01-14,day,,17988.77578153763,,,11386.152515538543,221,160,100460
2021-01-15,2021-01-15,day,,18611.42193246357,,,14588.399571570324,205,90,100660
2021-01-16,2021-01-16,day,,48423.29261324458,,,33508.794677020436,247,88,100863
2021-01-17,2021-01-17,day,,28439.02999867862,,,8585.348248550474,175,115,101088
2021-01-18,2021-01-18,day,,12833.703716698976,,,4459.118286792343,211,27,101236
2021-01-19,2021-01-19,day,,20132.806478599392,,,13898.732982695636,146,17,101233
2021-01-20,2021-01-20,day,,18118.875864102458,,,9671.589247022186,197,23,101363
2021-01-21,2021-01-21,day,,12314.678513778346,,,3105.236538633063,140,68,101396
2021-01-22,2021-01-22,day,,14184.013605557824,,,9097.020308015792,137,18,101502
2021-01-23,2021-01-23,day,,16911.086808132084,,,11269.630640152822,165,20,101656
2021-01-24,2021-01-24,day,,25189.003576104882,,,14132.482172238337,417,80,102034
2021-01-25,2021-01-25,day,,10980.624043490881,,,3966.1700024078427,213,83,102180
2021-01-26,2021-01-26,day,,31375.272812451683,,,10728.105340239112,238,126,102422
2021-01-27,2021-01-27,day,,12727.189050127674,,,4092.8587925718753,234,59,102685
2021-01-28,2021-01-28,day,,24733.944530278324,,,5309.486290698036,257,150,102864
2021-01-29,2021-01-29,day,,19756.557144840972,,,8024.657321627055,235,23,103071
2021-01-30,2021-01-30,day,,21205.29502773196,,,7559.256040678828,273,33,103316
2021-01-31,2021-01-31,day,,16410.334500149507,,,7047.511379837758,191,77,103465
2021-02-01,2021-02-01,day,,29879.227230093547,,,17089.81385760606,207,57,103732
2021-02-02,2021-02-02,day,,34944.248143215176,,,16967.46052888155,173,24,103732
2021-02-03,2021-02-03,day,,9523.273308042151,,,2117.7702987511448,148,94,103799
2021-02-04,2021-02-04,day,,31918.30182272219,,,18371.708274655317,126,73,103925
2021-02-05,2021-02-05,day,,17469.974543543314,,,7242.753539187048,98,36,104023
2021-02-06,2021-02-06,day,,26452.98558889085,,,16289.276634839194,156,33,104179
2021-02-07,2021-02-07,day,,25705.56081037651,,,12910.242849331922,214,28,104393
2021-02-08,2021-02-08,day,,16032.023910450742,,,6502.033003340506,132,75,104525
2021-02-09,2021-02-09,day,,18675.65571150115,,,8930.794980559562,207,35,104732
2021-02-10,2021-02-10,day,,20076.331680333416,,,11145.415025741911,137,28,104931
2021-02-11,2021-02-11,day,,17065.101678048854,,,4938.338387571682,155,102,104681
2021-02-12,2021-02-12,day,,40270.24979810357,,,16750.55385107131,291,25,104832
2021-02-13,2021-02-13,day,,17444.556781340623,,,3116.242541627911,221,87,104995
2021-02-14,2021-02-14,day,,25838.580065235812,,,6457.73705005497,254,41,105204
2021-02-15,2021-02-15,day,,28616.391600039133,,,6863.188661342074,283,36,105449
2021-02-16,2021-02-16,day,,22050.53194428746,,,5750.163521830965,334,68,105733
2021-02-17,2021-02-17,day,,43856.52536665418,,,9661.23144006204,295,49,106006
2021-02-18,2021-02-18,day,,26541.04800674782,,,8650.463410844312,245,55,106182
2021-02-19,2021-02-19,day,,9773.333550371954,,,1242.8003519811157,175,36,106319
2021-02-20,2021-02-20,day,,22821.424920205827,,,5047.507981249269,205,27,106447
2021-02-21,2021-02-21,day,,31831.011805544473,,,6867.484610718928,279,423,106635
2021-02-22,2021-02-22,day,,18853.66944302445,,,561.1794009281623,213,13,106791
2021-02-23,2021-02-23,day,,8189.949066732252,,,859.666436488583,81,12,106795
2021-02-24,2021-02-24,day,,16263.156713981238,,,1217.1359609354008,261,48,107020
2021-02-25,2021-02-25,day,,26866.554648373654,,,4766.155563761409,303,90,107306
2021-02-26,2021-02-26,day,,17154.99961302958,,,2112.8320853833625,256,98,107469
2021-02-27,2021-02-27,day,,29465.11196153459,,,2528.977394545664,457,71,107820
2021-02-28,2021-02-28,day,,13457.675425373902,,,1106.299424851417,357,38,108361
2021-03-01,2021-03-01,day,,20438.000687842465,,,4327.479385388249,395,163,108435
2021-03-02,2021-03-02,day,,19116.09981720334,,,3352.0362930589827,387,201,108800
2021-03-03,2021-03-03,day,,15635.335340695798,,,1714.9857575411659,360,29,109118
2021-03-04,2021-03-04,day,,34968.748271504395,,,7697.798653250887,564,210,109626
2021-03-05,2021-03-05,day,,27230.237333728874,,,3128.0657019431746,393,37,109994
2021-03-06,2021-03-06,day,,41873.47851804424,,,1422.5930291000752,514,129,110448
2021-03-07,2021-03-07,day,,33758.308243015475,,,2526.74235688616,483,13,110893
2021-03-08,2021-03-08,day,,32542.27543064299,,,3092.6693486425793,424,129,111256
2021-03-09,2021-03-09,day,,36182.97470890692,,,610.5561961360878,359,92,111575
2021-03-10,2021-03-10,day,,23478.018761398962,,,1119.4011286842747,440,26,112005
2021-03-11,2021-03-11,day,,67235.52243957958,,,868.0687505790113,448,339,112450
2021-03-12,2021-03-12,day,,20127.51004853297,,,1928.4054658607097,366,38,112769
2021-03-13,2021-03-13,day,,24553.08303194546,,,927.2048909769762,410,16,113169
2021-03-14,2021-03-14,day,,31513.290370056577,,,49.05235688706415,547,80,113721
2021-03-15,2021-03-15,day,,25339.5335192907,,,1578.8444440387834,359,37,114045
2021-03-16,2021-03-16,day,,28401.920140129052,,,1025.4724465615943,336,12,114358
2021-03-17,2021-03-17,day,,15735.583853708844,,,69.1261252794854,209,41,114559
2021-03-18,2021-03-18,day,,29169.764396601342,,,818.2331942489561,370,65,114916
2021-03-19,2021-03-19,day,,20239.522395098385,,,2.433650443816205,282,66,115173
2021-03-20,2021-03-20,day,,15447.682307670755,,,622.5278972644218,313,43,115443
2021-03-21,2021-03-21,day,,18124.039729631757,,,450.84266941179,365,31,115762
2021-03-22,2021-03-22,day,,22275.049781293863,,,1889.6815205263456,188,36,115907
2021-03-23,2021-03-23,day,,20160.758113319596,,,5.525721098985066,272,66,116128
2021-03-24,2021-03-24,day,,17026.99529554611,,,3.2394386670481303,292,37,116390
2021-03-25,2021-03-25,day,,14993.14373642354,,,1439.878891522504,248,91,116592
2021-03-26,2021-03-26,day,,23287.000400763693,,,99.40469239796295,200,31,116749
2021-03-27,2021-03-27,day,,25111.973858373603,,,444.4608290377437,264,335,116989
2021-03-28,2021-03-28,day,,17963.39193416525,,,1632.067252366008,246,97,117213
2021-03-29,2021-03-29,day,,8970.89443704487,,,614.4866751774499,216,55,117379
2021-03-30,2021-03-30,day,,23466.586807492487,,,1522.5406925036393,327,74,117685
2021-03-31,2021-03-31,day,,17563.05698357612,,,2.5180437416765464,277,15,117932
2021-04-01,2021-04-01,day,,30095.6845676454,,,25.079177546292335,263,43,118161
2021-04-02,2021-04-02,day,,28380.572344709883,,,741.5712916543206,279,18,118412
2021-04-03,2021-04-03,day,,36645.424825298156,,,4184.190466358588,259,78,118647
2021-04-04,2021-04-04,day,,56234.200152539284,,,1996.2158642488093,478,86,119062
2021-04-05,2021-04-05,day,,88896.97068643784,,,8.181551478559186,507,186,119534
2021-04-06,2021-04-06,day,,33356.70064368779,,,2455.7002695632177,268,64,119764
2021-04-07,2021-04-07,day,,33456.64623093474,,,799.967603930156,222,717,119951
2021-04-08,2021-04-08,day,,38168.16687115021,,,521.1189174721413,311,806,120201
2021-04-09,2021-04-09,day,,18435.748821098307,,,229.75425981997017,243,204,120442
2021-04-10,2021-04-10,day,,51909.07550020107,,,87.37043101131472,253,901,120659
2021-04-11,2021-04-11,day,,25779.6460381354,,,32.25790140883011,449,346,121085
2021-04-12,2021-04-12,day,,14006.239112130865,,,1.1295196742489217,392,106,121446
2021-04-13,2021-04-13,day,,20858.748694411894,,,19.90907369751744,423,178,121849
2021-04-14,2021-04-14,day,,43718.069416458005,,,156.2610120702919,327,34,122167
2021-04-15,2021-04-15,day,,45382.1923547082,,,20.906936535700023,455,330,122552
2021-04-16,2021-04-16,day,,18107.52252117979,,,2.386913207293727,219,39,122652
2021-04-17,2021-04-17,day,,20946.031203879586,,,1775.6657116999731,219,24,122824
2021-04-18,2021-04-18,day,,16752.894814761232,,,24.886841319040567,190,86,122953
2021-04-19,2021-04-19,day,,12887.352785003093,,,248.28885278051575,133,146,123033
2021-04-20,2021-04-20,day,,7406.208617698451,,,1999.3348332186372,95,13,123043
2021-04-21,2021-04-21,day,,14425.345450073497,,,31.885022325240843,197,35,123188
2021-04-22,2021-04-22,day,,24621.4823359646,,,256.39420793062527,230,231,123326
2021-04-23,2021-04-23,day,,18923.70529286968,,,70.71616583286512,285,338,123531
2021-04-24,2021-04-24,day,,61534.82047046438,,,25.33286930679948,576,1440,124043
2021-04-25,2021-04-25,day,,43998.93105920839,,,229.19770477766693,976,644,124938
2021-04-26,2021-04-26,day,,41271.73053000964,,,491.8721380703864,563,667,125459
2021-04-27,2021-04-27,day,,33609.24024178678,,,20.677796667626563,542,368,125933
2021-04-28,2021-04-28,day,,28259.608449133077,,,63.27108500914442,439,396,126353
2021-04-29,2021-04-29,day,,24248.081010538554,,,4.380533585787951,338,794,126647
2021-04-30,2021-04-30,day,,27899.689283936554,,,12.358306176943618,448,1123,127052
2021-05-01,2021-05-01,day,,44483.182454551956,,,6873.357826116578,521,832,127526
2021-05-02,2021-05-02,day,,40390.08091717624,,,912.8658299231856,626,1315,128146
2021-05-03,2021-05-03,day,,32056.927776441436,,,567.3016660224926,466,1247,128531
2021-05-04,2021-05-04,day,,33540.35004785128,,,156.71062882962852,521,482,148587
2021-05-05,2021-05-05,day,,33087.40819970694,,,8.898585438181682,576,227,121261
2021-05-06,2021-05-06,day,,51869.91170932692,,,86.005658587498,438,957,121483
2021-05-07,2021-05-07,day,,17631.08003210662,,,12.677490498393597,413,44,121817
2021-05-08,2021-05-08,day,,13969.663828809928,,,1248.9298274010732,162,324,121867
2021-05-09,2021-05-09,day,,15702.475737432193,,,4.608374914807641,136,17,121898
2021-05-10,2021-05-10,day,,14247.78642774661,,,21.175667089370194,99,24,121933
2021-05-11,2021-05-11,day,,8167.588029497567,,,145.2945313347464,91,4,121973
2021-05-12,2021-05-12,day,,13921.904638551732,,,2949.8779135009418,80,16,121996
2021-05-13,2021-05-13,day,,12305.07912270465,,,258.8779465035941,155,50,122124
2021-05-14,2021-05-14,day,,17732.397802813717,,,668.4930663578709,242,33,122304
2021-05-15,2021-05-15,day,,34189.341574690974,,,304.99646140013067,226,264,122444
2021-05-16,2021-05-16,day,,25365.548271605807,,,247.78918966366524,336,202,122789
2021-05-17,2021-05-17,day,,19667.70066860109,,,1780.295302166955,209,219,122902
2021-05-18,2021-05-18,day,,50354.86034694165,,,37.77692102963668,217,56,123057
2021-05-19,2021-05-19,day,,12275.421563914506,,,1.434955912099369,105,10,123106
2021-05-20,2021-05-20,day,,21140.06680982676,,,19.566841981379348,234,34,123319
2021-05-21,2021-05-21,day,,13938.191253034758,,,17.150287792897792,310,106,123583
2021-05-22,2021-05-22,day,,19636.804625998222,,,19.900026656403252,394,254,123903
2021-05-23,2021-05-23,day,,14101.905040288106,,,4.37992462823971,298,226,124215
2021-05-24,2021-05-24,day,,16216.364209291027,,,472.3243419580291,363,30,124506
2021-05-25,2021-05-25,day,,22761.837245089853,,,19.77063375281892,471,263,124943
2021-05-26,2021-05-26,day,,20242.739315241288,,,8.898910761602831,449,543,125337
2021-05-27,2021-05-27,day,,23606.000080797214,,,196.52087056033756,566,477,125767
2021-05-28,2021-05-28,day,,18735.111852555274,,,13.132871688836715,453,135,126117
2021-05-29,2021-05-29,day,,21390.414483016462,,,4207.466218138617,599,315,126687
2021-05-30,2021-05-30,day,,34711.035203904576,,,2384.1547828361854,659,667,127245
2021-05-31,2021-05-31,day,,19260.395589371507,,,12.416895877699574,544,342,127683
2021-06-01,2021-06-01,day,,28094.38982167043,,,2441.8137722401934,639,94,128344
2021-06-02,2021-06-02,day,,18566.32838204644,,,3.6026786239431345,528,296,128741
2021-06-03,2021-06-03,day,,20152.12117341315,,,9.704636445222558,524,46,129167
2021-06-04,2021-06-04,day,,19889.766397767147,,,13.249333102112658,601,274,129592
2021-06-05,2021-06-05,day,,25711.435652661206,,,6.035578249256883,840,213,130391
2021-06-06,2021-06-06,day,,36692.49859389591,,,133.62324891708957,1185,339,131533
2021-06-07,2021-06-07,day,,53780.82491616477,,,769.7916858741805,1146,267,132643
2021-06-08,2021-06-08,day,,49225.50276111431,,,4164.671749615196,1102,548,133698
2021-06-09,2021-06-09,day,,39826.86824325705,,,2029.3847821471031,1290,98,134989
2021-06-10,2021-06-10,day,,53119.737971758375,,,10.532293938908811,1686,140,136525
2021-06-11,2021-06-11,day,,47948.487754969465,,,494.9007846408532,1120,139,137601
2021-06-12,2021-06-12,day,,53307.5882566447,,,853.9587185406783,1192,266,138770
2021-06-13,2021-06-13,day,,54063.1244783089,,,2157.1907995799265,1536,390,140303
2021-06-14,2021-06-14,day,,43845.348509633506,,,192.17174803984233,1283,239,141525
2021-06-15,2021-06-15,day,,55166.3165251404,,,4254.662854471119,1419,250,142905
2021-06-16,2021-06-16,day,,48699.95633164755,,,257.9280500109559,1531,97,144390
2021-06-17,2021-06-17,day,,41217.240481171866,,,4258.1715158765255,1590,194,145961
2021-06-18,2021-06-18,day,,28977.99383058954,,,433.85004743605066,1277,101,147252
2021-06-19,2021-06-19,day,,25356.153699436854,,,2.7177958246492366,1095,375,148248
2021-06-20,2021-06-20,day,,25173.09144265215,,,275.4854834479109,979,307,149196
2021-06-21,2021-06-21,day,,12603.126265185594,,,14.941826738412441,505,51,149652
2021-06-22,2021-06-22,day,,14901.484633894977,,,903.6388102998768,499,20,150051
2021-06-23,2021-06-23,day,,18565.071311175732,,,240.67602651166618,823,55,150875
2021-06-24,2021-06-24,day,,19119.5803821957,,,6.61007368813447,1045,118,151849
2021-06-25,2021-06-25,day,,27552.15326812305,,,16.916779390677853,812,29,152602
2021-06-26,2021-06-26,day,,25868.42579014001,,,133.94930119162643,1341,107,153943
2021-06-27,2021-06-27,day,,22567.64910888376,,,99.43860181515831,970,97,154852
2021-06-28,2021-06-28,day,,40204.532199619156,,,24.539717486244992,856,55,155595
2021-06-29,2021-06-29,day,,22655.672764300136,,,6.3402555150507,781,45,156315
2021-06-30,2021-06-30,day,,30582.365006390744,,,19.4031360342039,928,99,157223
2021-07-01,2021-07-01,day,,26063.300568694,,,7.437764104147931,985,79,158222
2021-07-02,2021-07-02,day,,21862.836766082422,,,26.31782693351751,884,74,159040
2021-07-03,2021-07-03,day,,22973.392030794792,,,72.62350478916224,999,88,160014
2021-07-04,2021-07-04,day,,38814.21441444853,,,34.87529102476356,889,122,160871
2021-07-05,2021-07-05,day,,18923.27181273307,,,6.45995049078774,832,76,161653
2021-07-06,2021-07-06,day,,15085.591995452145,,,6.851309748786829,411,27,162033
2021-07-07,2021-07-07,day,,21984.03513391788,,,693.2731408158386,475,40,162480
2021-07-08,2021-07-08,day,,21999.3981529626,,,1950.567642697215,493,29,162900
2021-07-09,2021-07-09,day,,20463.829108961916,,,486.85120022544675,647,76,163501
2021-07-10,2021-07-10,day,,19516.166017178784,,,15.354767177404323,919,71,164388
2021-07-11,2021-07-11,day,,23349.46741327137,,,4148.555644380609,902,93,165290
2021-07-12,2021-07-12,day,,23809.72503057503,,,457.5448191224911,653,25,165892
2021-07-13,2021-07-13,day,,15865.597821103509,,,69.49512546479353,512,46,166413
2021-07-14,2021-07-14,day,,30047.353698896335,,,2035.166206560285,578,32,166929
2021-07-15,2021-07-15,day,,21619.10667197332,,,65.49465721039566,632,71,167553
2021-07-16,2021-07-16,day,,22407.559951156487,,,523.0277605027826,593,61,168090
2021-07-17,2021-07-17,day,,23712.31279022883,,,4.049659551340817,588,78,168603
2021-07-18,2021-07-18,day,,40083.44842291514,,,6573.264420577109,852,82,169422
2021-07-19,2021-07-19,day,,38238.887593986,,,2677.4600703224096,1067,131,170725
2021-07-20,2021-07-20,day,,19464.86700316045,,,6.364142581459307,656,75,171087
2021-07-21,2021-07-21,day,,41906.374094719264,,,16.54230431267757,1105,237,172122
2021-07-22,2021-07-22,day,,23696.810210485808,,,2.6454423525085318,1031,290,173161
2021-07-23,2021-07-23,day,,29726.943840292595,,,2022.285390698,800,415,173896
2021-07-24,2021-07-24,day,,22473.341228525616,,,2261.6882464351706,926,47,174814
2021-07-25,2021-07-25,day,,20362.588343318315,,,2.759809046802971,888,62,175622
2021-07-26,2021-07-26,day,,18639.11971976666,,,16.377565099762027,424,258,176048
2021-07-27,2021-07-27,day,,30597.549684818052,,,3505.711592195201,678,268,176696
2021-07-28,2021-07-28,day,,25532.498795383566,,,5.367374052067618,733,114,177392
2021-07-29,2021-07-29,day,,32156.73851658614,,,1533.7525735983074,716,410,178071
2021-07-30,2021-07-30,day,,36024.02065387109,,,50.473385233273966,532,448,178567
2021-07-31,2021-07-31,day,,38513.772625319485,,,3524.863766092355,613,283,179135
2021-08-01,2021-08-01,day,,47291.953288209144,,,2685.180502565367,731,1310,179845
2021-08-02,2021-08-02,day,,392490.2018722895,,,322527.2625124116,1080,792,180947
2021-08-03,2021-08-03,day,,50678.178743528166,,,13635.72625569532,755,101,181608
2021-08-04,2021-08-04,day,,37874.54037706886,,,7317.12781038404,696,56,182254
2021-08-05,2021-08-05,day,,56917.72026416284,,,22002.82168342658,653,46,182830
2021-08-06,2021-08-06,day,,51804.7997699755,,,13152.99242045391,838,43,183617
2021-08-07,2021-08-07,day,,47343.579298429075,,,16667.548631138827,738,52,184305
2021-08-08,2021-08-08,day,,43996.248796560394,,,7120.000427350418,870,74,185133
2021-08-09,2021-08-09,day,,41348.35303069819,,,8333.766076725482,761,54,185874
2021-08-10,2021-08-10,day,,38485.852603028645,,,4874.246673457293,728,56,186590
2021-08-11,2021-08-11,day,,60852.83056357641,,,10306.986579607803,749,34,187266
2021-08-12,2021-08-12,day,,44660.52405025759,,,7148.470219266127,846,65,188140
2021-08-13,2021-08-13,day,,52916.204056027615,,,11294.879115944856,914,40,189024
2021-08-14,2021-08-14,day,,45734.419053057034,,,7229.692373589594,809,52,189769
2021-08-15,2021-08-15,day,,31497.521286016345,,,2280.524581469022,839,231,190601
2021-08-16,2021-08-16,day,,48306.463092878796,,,11330.719835998483,692,128,191271
2021-08-17,2021-08-17,day,,45834.10102986938,,,10065.830810277928,616,45,191874
2021-08-18,2021-08-18,day,,55290.18689274196,,,10337.86981026498,986,160,192800
2021-08-19,2021-08-19,day,,70673.61008639232,,,7790.770721089128,1410,282,194224
2021-08-20,2021-08-20,day,,61199.895264135754,,,12289.5267357169,1171,148,195354
2021-08-21,2021-08-21,day,,69394.05367388368,,,13811.113504749232,1073,189,196396
2021-08-22,2021-08-22,day,,64382.55878729917,,,8222.16354818827,1244,124,197594
2021-08-23,2021-08-23,day,,74425.30989046313,,,5651.958118843342,1002,51,198652
2021-08-24,2021-08-24,day,,131684.30706909802,,,13064.680951202301,1366,236,199927
2021-08-25,2021-08-25,day,,267020.1553918748,,,34791.7901864085,3004,155,202957
2021-08-26,2021-08-26,day,,155740.465127984,,,16146.137245279197,2130,160,205017
2021-08-27,2021-08-27,day,,127629.99323199694,,,20086.016991180542,1449,71,206500
2021-08-28,2021-08-28,day,,112788.00984912945,,,15788.806153802272,1690,108,208073
2021-08-29,2021-08-29,day,,94851.97525967573,,,6875.555788059848,1413,347,209907
2021-08-30,2021-08-30,day,,70875.5017786772,,,2467.500627673481,1237,65,211912
2021-08-31,2021-08-31,day,,84210.13446988461,,,2729.7984196224443,1169,122,212075
2021-09-01,2021-09-01,day,,65188.213980840104,,,4173.34724487995,890,56,212342
2021-09-02,2021-09-02,day,,117468.75044627124,,,1318.5293353616123,1347,71,213595
2021-09-03,2021-09-03,day,,322155.08372820483,,,7317.809037133608,1810,50,215372
2021-09-04,2021-09-04,day,,161669.75100715447,,,5167.640670383111,1541,95,216968
2021-09-05,2021-09-05,day,,167898.14994852673,,,77.81993697524398,1749,60,218765
2021-09-06,2021-09-06,day,,103706.92684461398,,,2387.116520262172,1159,113,219836
2021-09-07,2021-09-07,day,,60262.976062171845,,,2024.0376680552188,824,192,220651
2021-09-08,2021-09-08,day,,82249.65195751624,,,16441.09674306855,817,77,221462
2021-09-09,2021-09-09,day,,64366.155618168246,,,25.321427619348782,842,74,222139
2021-09-10,2021-09-10,day,,80060.13106605447,,,18.2250518505524,1087,425,223145
2021-09-11,2021-09-11,day,,72596.57026787914,,,1003.8238100681974,1448,143,224553
2021-09-12,2021-09-12,day,,61076.16592236538,,,2026.6097258999162,1313,132,225900
2021-09-13,2021-09-13,day,,46964.89571398859,,,2018.6964639448101,1179,46,227028
2021-09-14,2021-09-14,day,,63054.19085813442,,,1128.3684846575193,1443,192,228405
2021-09-15,2021-09-15,day,,49702.80539874014,,,3087.8184824574414,1132,56,229458
2021-09-16,2021-09-16,day,,52213.61174506498,,,425.24760656668514,984,41,230441
2021-09-17,2021-09-17,day,,58798.60706012451,,,4535.3528674815425,1121,69,231467
2021-09-18,2021-09-18,day,,60704.24686402322,,,5271.579648206896,1370,115,232817
2021-09-19,2021-09-19,day,,70896.45395316152,,,78.37729909831415,1428,182,234247
2021-09-20,2021-09-20,day,,51030.68782641328,,,4061.1846443499066,870,39,235078
2021-09-21,2021-09-21,day,,45242.202107003366,,,487.11577454531283,798,35,235879
2021-09-22,2021-09-22,day,,60912.10750974531,,,105.40791876571964,1436,78,237160
2021-09-23,2021-09-23,day,,75952.72549120715,,,3828.739944046524,1191,87,238338
2021-09-24,2021-09-24,day,,72342.7963941273,,,3504.398330021829,1263,63,239504
2021-09-25,2021-09-25,day,,95534.25640633226,,,2611.206824963256,2281,269,241768
2021-09-26,2021-09-26,day,,64483.46447663675,,,3350.67409116923,1394,211,243157
2021-09-27,2021-09-27,day,,66372.95762593203,,,4258.876828027357,1214,175,244267
2021-09-28,2021-09-28,day,,68349.1511501422,,,40.032038961084034,1105,60,245520
2021-09-29,2021-09-29,day,,71464.12872674796,,,4527.83811897823,1150,251,246586
2021-09-30,2021-09-30,day,,50861.17771665575,,,551.9648951473141,835,105,247251
2021-10-01,2021-10-01,day,,62509.36666754927,,,1962.1529052928959,987,65,248153
2021-10-02,2021-10-02,day,,67990.18378269295,,,3354.380982772093,1121,102,249242
2021-10-03,2021-10-03,day,,57579.67406244095,,,3025.2654163283246,1140,170,250259
2021-10-04,2021-10-04,day,,57734.28905130577,,,1241.58434590527,734,95,250883
2021-10-05,2021-10-05,day,,52070.80616285505,,,15.84716912102159,730,200,251510
2021-10-06,2021-10-06,day,,40512.27630010256,,,3281.135711324828,554,108,252088
2021-10-07,2021-10-07,day,,41506.312178498185,,,43.68343208205578,530,41,252446
2021-10-08,2021-10-08,day,,56491.957770698864,,,3532.3817212358185,781,60,253692
2021-10-09,2021-10-09,day,,93938.74986120457,,,3429.704546631082,1438,280,254517
2021-10-10,2021-10-10,day,,61347.12765542103,,,189.53740542418478,1309,100,255690
2021-10-11,2021-10-11,day,,59515.225689246116,,,4651.153447902934,1019,76,256642
2021-10-12,2021-10-12,day,,91473.96748479466,,,249.73569573401747,1348,233,257823
2021-10-13,2021-10-13,day,,81284.70873036988,,,882.0252741105097,1244,115,258946
2021-10-14,2021-10-14,day,,68970.46460169333,,,8640.224107969205,901,74,260185
2021-10-15,2021-10-15,day,,65477.797976854425,,,100.61361252391188,790,56,260986
2021-10-16,2021-10-16,day,,90146.05446096706,,,2289.7193521022564,1139,523,262039
2021-10-17,2021-10-17,day,,61288.224982739484,,,2667.32605312051,1154,174,263118
2021-10-18,2021-10-18,day,,63271.99184036152,,,28.855272658527333,1132,246,264179
2021-10-19,2021-10-19,day,,82634.34196734666,,,2063.053291481282,1297,215,265171
2021-10-20,2021-10-20,day,,96965.39030504548,,,1533.6354825033009,1128,251,266085
2021-10-21,2021-10-21,day,,43915.591995220806,,,2093.7915570200207,791,43,266628
2021-10-22,2021-10-22,day,,47980.134397564,,,2064.5556114580704,782,210,267381
2021-10-23,2021-10-23,day,,80934.83069170697,,,3459.5219082354465,1151,83,268432
2021-10-24,2021-10-24,day,,43573.06652228935,,,437.45215503599405,724,157,269039
2021-10-25,2021-10-25,day,,49887.79622472833,,,292.7997409664664,945,20,269883
2021-10-26,2021-10-26,day,,49478.53545967416,,,4980.714457552103,601,86,270470
2021-10-27,2021-10-27,day,,21832.91526935031,,,7.4695171054262595,309,14,270711
2021-10-28,2021-10-28,day,,38472.131690385984,,,1065.4536938086821,509,98,271117
2021-10-29,2021-10-29,day,,43189.75807020238,,,5285.237067624226,605,18,271641
2021-10-30,2021-10-30,day,,47780.0724134143,,,25.631997739244397,503,10,272031
2021-10-31,2021-10-31,day,,41331.209541879754,,,12002.170179954494,426,11,272354
2021-11-01,2021-11-01,day,,63266.63543579406,,,11723.622466330882,535,90,272765
2021-11-02,2021-11-02,day,,150034.31958093512,,,12387.317252206629,1392,159,274127
2021-11-03,2021-11-03,day,,191079.66776714593,,,10897.559001748195,1478,202,275508
2021-11-04,2021-11-04,day,,115075.17739177606,,,7925.802748314583,1113,135,276550
2021-11-05,2021-11-05,day,,74752.37223738174,,,131.93661029462638,1044,103,277599
2021-11-06,2021-11-06,day,,96890.60536933149,,,29.6147262535356,1409,257,280271
2021-11-07,2021-11-07,day,,113572.19141456255,,,1446.64407164857,1451,346,280647
2021-11-08,2021-11-08,day,,201795.56154799028,,,3125.0719232493775,2258,657,282504
2021-11-09,2021-11-09,day,,826701.5224345503,,,8646.32142604115,7057,979,289590
2021-11-10,2021-11-10,day,,720455.1384613407,,,7202.767388297847,7125,526,296640
2021-11-11,2021-11-11,day,,597345.4222835767,,,5234.314550094653,5717,526,302185
2021-11-12,2021-11-12,day,,402991.9012641148,,,4331.925411186973,4181,177,306302
2021-11-13,2021-11-13,day,,432431.0339934385,,,2503.248838915988,4420,219,310621
2021-11-14,2021-11-14,day,,450994.4273839306,,,9722.741120449775,4635,1154,315205
2021-11-15,2021-11-15,day,,454870.76516223326,,,5617.313539962036,3738,228,318754
2021-11-16,2021-11-16,day,,307325.54768389196,,,3902.2298154124605,3109,286,321778
2021-11-17,2021-11-17,day,,251381.72819655767,,,5778.300396831406,3427,310,325127
2021-11-18,2021-11-18,day,,241006.75260785577,,,2752.6612924057945,3406,178,328560
2021-11-19,2021-11-19,day,,236174.92364365657,,,99.77401800402419,4089,165,332598
2021-11-20,2021-11-20,day,,193724.32011101334,,,546.3728299302247,3545,303,336139
2021-11-21,2021-11-21,day,,172733.46550979227,,,534.9083673550052,3080,695,339038
2021-11-22,2021-11-22,day,,105507.643925401,,,2056.069103111796,1796,102,340840
2021-11-23,2021-11-23,day,,191319.32538967245,,,17217.91138839828,2327,99,343149
2021-11-24,2021-11-24,day,,152452.64049295837,,,2432.14404816321,2111,109,345159
2021-11-25,2021-11-25,day,,153714.06774965912,,,12591.059791848857,2187,75,347273
2021-11-26,2021-11-26,day,,163035.5937389562,,,6217.467801521279,2215,205,349350
2021-11-27,2021-11-27,day,,204675.1447449697,,,20526.74479480395,2654,335,352010
2021-11-28,2021-11-28,day,,209590.9511832351,,,37941.15499652887,2413,678,354261
2021-11-29,2021-11-29,day,,223647.6588118463,,,30722.277660052252,2771,133,357019
2021-11-30,2021-11-30,day,,225380.6756777375,,,20487.08459941983,3223,158,359954
2021-12-01,2021-12-01,day,,250525.935472812,,,8852.929779691352,2589,84,362530
2021-12-02,2021-12-02,day,,187700.78008921232,,,5622.70019208255,3020,152,365502
2021-12-03,2021-12-03,day,,201702.6470567497,,,8967.355715093778,3430,154,368858
2021-12-04,2021-12-04,day,,155644.0778304835,,,12672.700392394778,2521,137,371329
2021-12-05,2021-12-05,day,,162470.3738713466,,,5287.163845245127,3018,167,374232
2021-12-06,2021-12-06,day,,182345.76582253273,,,4702.04884468889,2372,192,376529
2021-12-07,2021-12-07,day,,190690.94852973806,,,18146.080970573414,3140,147,379494
2021-12-08,2021-12-08,day,,220773.53324036868,,,6223.041649493293,3427,1019,382786
2021-12-09,2021-12-09,day,,214299.4198884821,,,9309.859877624418,3636,238,386412
2021-12-10,2021-12-10,day,,190169.90010303305,,,12293.459385483506,3866,179,390260
2021-12-11,2021-12-11,day,,230796.95956515952,,,6352.914373822065,4657,239,394850
2021-12-12,2021-12-12,day,,255999.5880373168,,,17204.2364063772,5221,547,400035
2021-12-13,2021-12-13,day,,190806.53165489362,,,12309.35232980763,3827,374,403788
2021-12-14,2021-12-14,day,,193397.83193295263,,,5606.2970223132315,4130,272,407787
2021-12-15,2021-12-15,day,,179179.0635527047,,,8425.080921935763,3827,200,411579
2021-12-16,2021-12-16,day,,176312.68851146207,,,10142.507382437763,3343,111,414896
2021-12-17,2021-12-17,day,,170421.20932218464,,,15956.220710010255,3538,182,418340
2021-12-18,2021-12-18,day,,232771.6992347897,,,47314.1440410894,4013,750,422334
2021-12-19,2021-12-19,day,,236995.9452465955,,,13443.18979242068,5854,499,428159
2021-12-20,2021-12-20,day,,203542.25936273244,,,14062.243998035916,4629,475,432715
2021-12-21,2021-12-21,day,,193363.49083030538,,,17447.119010095546,4312,369,436923
2021-12-22,2021-12-22,day,,181653.24177940702,,,15062.86216643604,4164,140,441048
2021-12-23,2021-12-23,day,,170130.15855280706,,,9283.02569475309,3427,136,444413
2021-12-24,2021-12-24,day,,210200.83239854957,,,9146.743418482145,3876,679,448177
2021-12-25,2021-12-25,day,,163692.68892613228,,,6610.62137987984,3444,128,451546
2021-12-26,2021-12-26,day,,181502.47934336573,,,10926.578019636523,4055,210,455584
2021-12-27,2021-12-27,day,,137682.97328510464,,,13215.447543523836,3010,177,458520
2021-12-28,2021-12-28,day,,144148.08949895637,,,9951.715428111755,2508,96,460990
2021-12-29,2021-12-29,day,,110378.19893989847,,,16163.911370396869,1824,50,462750
2021-12-30,2021-12-30,day,,98266.03424774294,,,7577.9592936563095,2055,67,464775
2021-12-31,2021-12-31,day,,161994.41108365278,,,25477.669471437086,2547,377,467347
2022-01-01,2022-01-01,day,,198461.25950489248,,,4550.457940352914,2896,1252,470106
2022-01-01,2022-12-31,year,29632.207050356566,55354716.73942114,17051.86031021689,28542006.427249134,,2285304,250778,2437379
2022-01-02,2022-01-02,day,,165755.01430964936,,,20524.312257536647,2740,127,472822
2022-01-03,2022-01-03,day,,170796.3776226765,,,8825.305568460588,2599,118,475343
2022-01-04,2022-01-04,day,,195399.38029876203,,,24786.479242230547,2631,214,477897
2022-01-05,2022-01-05,day,,181058.07894037204,,,5269.282967623874,2438,408,480333
2022-01-06,2022-01-06,day,,158309.04007560716,,,20064.545491100118,2289,68,482584
2022-01-07,2022-01-07,day,,126770.48214821565,,,31211.49500251921,2073,58,484633
2022-01-08,2022-01-08,day,,168537.31223592322,,,23509.92696040201,2784,217,487287
2022-01-09,2022-01-09,day,,146261.2478957666,,,8919.26060121858,2220,218,489541
2022-01-10,2022-01-10,day,,130864.3457116079,,,27365.001264474417,1962,130,491396
2022-01-11,2022-01-11,day,,114860.70861362388,,,15760.772784760406,1938,238,493250
2022-01-12,2022-01-12,day,,125863.85613405205,,,19941.40127019832,1993,138,495255
2022-01-13,2022-01-13,day,,132975.6938125093,,,16575.668819283805,2225,129,497451
2022-01-14,2022-01-14,day,,109613.65288869065,,,19163.09637183127,1759,81,499164
2022-01-15,2022-01-15,day,,145074.56882501495,,,27505.94114025951,2690,185,501782
2022-01-16,2022-01-16,day,,118664.85273803733,,,15134.939440309758,2132,292,503837
2022-01-17,2022-01-17,day,,121154.66952224886,,,13279.290565082436,2193,119,505979
2022-01-18,2022-01-18,day,,129835.63981521963,,,12931.645626441566,2373,166,508239
2022-01-19,2022-01-19,day,,137613.93376597567,,,19305.9349710036,2362,96,510519
2022-01-20,2022-01-20,day,,134102.22254323823,,,17295.311495077047,2295,103,512782
2022-01-21,2022-01-21,day,,85917.4721029539,,,10136.394381195565,1600,92,514342
2022-01-22,2022-01-22,day,,65929.81836282628,,,8875.38841483508,1424,140,515713
2022-01-23,2022-01-23,day,,106059.79472847702,,,12113.821982574387,1902,269,517588
2022-01-24,2022-01-24,day,,90613.44703028243,,,6348.974887014473,1888,52,519609
2022-01-25,2022-01-25,day,,100671.32044106207,,,8181.879427101222,1973,145,521378
2022-01-26,2022-01-26,day,,85958.1983033925,,,9932.502815878417,1868,105,523135
2022-01-27,2022-01-27,day,,70668.19343541337,,,6517.578183868988,1686,94,524828
2022-01-28,2022-01-28,day,,79178.30605707831,,,6200.4404180741785,1751,158,526471
2022-01-29,2022-01-29,day,,93311.43978036694,,,6738.816395374802,1975,138,528319
2022-01-30,2022-01-30,day,,198211.17153983025,,,100268.5669674541,2084,213,530366
2022-01-31,2022-01-31,day,,122700.77927945786,,,73.98020979213493,2209,306,532444
2022-02-01,2022-02-01,day,,180307.35160588,,,89871.28272939159,1644,116,534149
2022-02-02,2022-02-02,day,,110514.93830161853,,,34.497091088260056,2027,196,536057
2022-02-03,2022-02-03,day,,95494.71774469355,,,1388.5578219978277,2141,160,538098
2022-02-04,2022-02-04,day,,341964.94224654,,,202060.25737049553,2441,231,540448
2022-02-05,2022-02-05,day,,342306.54916263686,,,198919.58397463086,2898,293,543273
2022-02-06,2022-02-06,day,,221718.31132086497,,,93256.3875300758,3462,186,546732
2022-02-07,2022-02-07,day,,132230.34984196606,,,12150.909577731823,2214,356,548946
2022-02-08,2022-02-08,day,,144283.90436013756,,,557.730174986448,2796,152,551675
2022-02-09,2022-02-09,day,,119355.94568281039,,,3514.0054510368714,2602,269,554255
2022-02-10,2022-02-10,day,,100291.00953851147,,,1081.7170170206157,2392,109,556617
2022-02-11,2022-02-11,day,,94892.68892767146,,,2448.498441320749,2523,230,559097
2022-02-12,2022-02-12,day,,88407.04289351251,,,1275.3708056993778,2654,177,561812
2022-02-13,2022-02-13,day,,116725.61691246195,,,2152.7377658849773,3428,587,565086
2022-02-14,2022-02-14,day,,126224.52559938545,,,660.602166321358,2722,586,567826
2022-02-15,2022-02-15,day,,91725.74346485101,,,2781.686747441408,2290,398,570033
2022-02-16,2022-02-16,day,,139153.73890727301,,,59219.90395428182,1798,266,571774
2022-02-17,2022-02-17,day,,77624.02265172484,,,1492.6914150905377,2156,97,573878
2022-02-18,2022-02-18,day,,93040.72694786488,,,27.885912670060655,2223,108,576020
2022-02-19,2022-02-19,day,,257442.51597883913,,,100114.11457925792,3391,265,579300
2022-02-20,2022-02-20,day,,111175.62813047305,,,1712.6637689995227,2579,330,581800
2022-02-21,2022-02-21,day,,55771.56260338434,,,4071.0824881877124,1539,157,583346
2022-02-22,2022-02-22,day,,76410.98635618702,,,2302.313816149785,1877,93,585145
2022-02-23,2022-02-23,day,,98593.87708508964,,,15735.625518226005,2529,121,587579
2022-02-24,2022-02-24,day,,93584.9410740056,,,33803.232697528,1571,291,589160
2022-02-25,2022-02-25,day,,130817.02926547939,,,73035.23476394417,2047,121,591159
2022-02-26,2022-02-26,day,,154176.1665460128,,,77032.07995449481,2216,195,593310
2022-02-27,2022-02-27,day,,157657.1618045597,,,39906.32453324874,3062,842,596351
2022-02-28,2022-02-28,day,,195957.28608946616,,,95617.39298139911,1873,701,598381
2022-03-01,2022-03-01,day,,208175.7633810671,,,112878.534386172,2248,349,600373
2022-03-02,2022-03-02,day,,208985.68489865627,,,112439.7631251497,2372,303,602643
2022-03-03,2022-03-03,day,,133207.9550866263,,,30471.616908232903,2284,204,604854
2022-03-04,2022-03-04,day,,152553.7254895741,,,56670.583601730534,2502,247,607271
2022-03-05,2022-03-05,day,,97749.41172036073,,,16553.18678515567,3084,537,610231
2022-03-06,2022-03-06,day,,143792.6433667712,,,16981.745713278833,3736,869,613911
2022-03-07,2022-03-07,day,,84820.08129722383,,,3683.1405079939705,2842,501,616620
2022-03-08,2022-03-08,day,,76620.07611897153,,,1307.0593100688984,2669,220,619227
2022-03-09,2022-03-09,day,,114041.25207542248,,,25821.86052425538,2678,505,621791
2022-03-10,2022-03-10,day,,86503.99810897293,,,7474.6279643314065,2998,152,624751
2022-03-11,2022-03-11,day,,85682.00352702591,,,7290.632650692609,2976,224,627740
2022-03-12,2022-03-12,day,,107257.52700051121,,,22340.088231973736,3814,395,631476
2022-03-13,2022-03-13,day,,100808.86299257446,,,16430.840228600937,3276,312,634676
2022-03-14,2022-03-14,day,,94519.1186669695,,,2931.175404492257,2786,777,637426
2022-03-15,2022-03-15,day,,91407.30726198944,,,293.0985287814031,3545,369,640816
2022-03-16,2022-03-16,day,,90038.06558144935,,,5677.184803724304,2416,348,643188
2022-03-17,2022-03-17,day,,78071.62503147639,,,6753.956147751068,2392,48,645512
2022-03-18,2022-03-18,day,,58010.80636993201,,,3726.2401325171195,1810,79,647331
2022-03-19,2022-03-19,day,,188934.13213924368,,,76250.30047268147,3306,442,650546
2022-03-20,2022-03-20,day,,113356.48980220706,,,2901.1510999577804,3768,311,654295
2022-03-21,2022-03-21,day,,112306.38188145927,,,3103.827223499449,3340,254,657590
2022-03-22,2022-03-22,day,,86649.38613627445,,,7922.781157651767,2743,119,660253
2022-03-23,2022-03-23,day,,95234.17780630977,,,5694.641760176606,3233,131,663457
2022-03-24,2022-03-24,day,,154771.33985664079,,,47922.25600465845,2302,291,665717
2022-03-25,2022-03-25,day,,93047.60941215207,,,4226.749993580264,2256,212,667935
2022-03-26,2022-03-26,day,,116491.08590817105,,,7142.525126454903,3358,283,671223
2022-03-27,2022-03-27,day,,88567.520443145,,,2559.863457341865,3244,364,674425
2022-03-28,2022-03-28,day,,73629.08466713545,,,3057.923433152616,1870,85,676282
2022-03-29,2022-03-29,day,,71096.79798366535,,,1543.9892914925429,1866,139,678120
2022-03-30,2022-03-30,day,,72545.27827404469,,,3582.823951203196,1793,111,679896
2022-03-31,2022-03-31,day,,67241.32880142968,,,7370.200522236857,1765,89,681666
2022-04-01,2022-04-01,day,,65548.37631877266,,,14875.5750227785,1350,189,682909
2022-04-02,2022-04-02,day,,56222.0103224454,,,4812.435756910121,1495,104,684455
2022-04-03,2022-04-03,day,,67318.36620409568,,,11378.249378446873,1765,141,686103
2022-04-04,2022-04-04,day,,67907.32053310322,,,5139.93413791255,1526,184,687615
2022-04-05,2022-04-05,day,,59654.98791114935,,,3288.3555182689297,1301,127,688933
2022-04-06,2022-04-06,day,,86460.6592730495,,,12590.03876303966,2197,169,690832
2022-04-07,2022-04-07,day,,112286.21674022502,,,26932.47818576687,2523,113,693286
2022-04-08,2022-04-08,day,,100721.25965082632,,,10467.348487884492,2313,237,695560
2022-04-09,2022-04-09,day,,102616.59576015978,,,2830.242902319742,3866,268,699396
2022-04-10,2022-04-10,day,,107439.639047789,,,6112.862374105005,3539,183,702864
2022-04-11,2022-04-11,day,,79625.83205493804,,,9725.677082362772,2425,166,705305
2022-04-12,2022-04-12,day,,68519.6850218004,,,3814.453550027819,2185,98,707475
2022-04-13,2022-04-13,day,,69070.8672825322,,,5829.525675777888,2133,145,709493
2022-04-14,2022-04-14,day,,83111.10127599743,,,18157.733157134724,2232,212,711649
2022-04-15,2022-04-15,day,,103935.78742315329,,,5672.6149191467875,3438,119,715009
2022-04-16,2022-04-16,day,,110954.60315194898,,,18671.94959734973,3703,241,718698
2022-04-17,2022-04-17,day,,126189.44892626916,,,20850.36148721595,4987,212,723542
2022-04-18,2022-04-18,day,,91796.85149738831,,,4279.040055764324,3360,165,726838
2022-04-19,2022-04-19,day,,103071.89644144523,,,2773.4410438033037,4199,203,731012
2022-04-20,2022-04-20,day,,85221.53450967131,,,2303.1559454571966,2719,209,733658
2022-04-21,2022-04-21,day,,111685.27234287106,,,13778.43160669828,2721,136,736350
2022-04-22,2022-04-22,day,,149326.9366785396,,,4016.545367326807,4753,228,741108
2022-04-23,2022-04-23,day,,170419.73349957116,,,3176.28640552862,5625,194,746699
2022-04-24,2022-04-24,day,,332929.4444475498,,,2634.3704993970314,7023,254,753729
2022-04-25,2022-04-25,day,,412032.3118470984,,,15961.797403332557,5469,159,759188
2022-04-26,2022-04-26,day,,1167414.8652781711,,,5702.805218315181,10696,188,769755
2022-04-27,2022-04-27,day,,1176335.5512842445,,,7481.01062033543,17628,657,787292
2022-04-28,2022-04-28,day,,1042563.6854220076,,,6329.373116931162,21188,989,808407
2022-04-29,2022-04-29,day,,635875.1340116402,,,10620.44359857568,12509,466,820832
2022-04-30,2022-04-30,day,,883794.7392838934,,,31765.377964560732,22110,937,842912
2022-05-01,2022-05-01,day,,608583.4512936007,,,45315.08489936418,20429,904,863304
2022-05-02,2022-05-02,day,,1959967.202121637,,,60073.048524959704,63723,1100,926948
2022-05-03,2022-05-03,day,,1050166.4309880354,,,6824.678953896448,46857,2378,973735
2022-05-04,2022-05-04,day,,587273.7459258516,,,4163.694308990719,23615,687,1009486
2022-05-05,2022-05-05,day,,483518.33325438964,,,15506.866940000102,18208,502,1013908
2022-05-06,2022-05-06,day,,516254.74607531785,,,52504.674580241015,16923,968,1030671
2022-05-07,2022-05-07,day,,533572.8373984352,,,105504.12556965771,20587,853,1051148
2022-05-08,2022-05-08,day,,359677.60386312613,,,2724.996260555222,18004,733,1069044
2022-05-09,2022-05-09,day,,251201.0876290567,,,50706.860954214244,9810,277,1078797
2022-05-10,2022-05-10,day,,160368.18297164023,,,22907.098220349675,5280,207,1084033
2022-05-11,2022-05-11,day,,86309.0918336933,,,14354.895946824694,3056,105,1087096
2022-05-12,2022-05-12,day,,35291.66733351553,,,2745.6103698007596,899,80,1087958
2022-05-13,2022-05-13,day,,112104.00855759963,,,27456.664926208374,3469,167,1091386
2022-05-14,2022-05-14,day,,188008.91835092552,,,72576.87812523283,5605,313,1096990
2022-05-15,2022-05-15,day,,305837.1560293515,,,111673.5209449239,7207,709,1104146
2022-05-16,2022-05-16,day,,203250.84302972315,,,71630.97027035902,6491,600,1110670
2022-05-17,2022-05-17,day,,106669.55357368509,,,7661.80790486996,4770,275,1115340
2022-05-18,2022-05-18,day,,150221.30418823374,,,24810.198406174055,7216,617,1122508
2022-05-19,2022-05-19,day,,124919.76107816689,,,8749.589176849975,6741,527,1129207
2022-05-20,2022-05-20,day,,170279.49760666277,,,30068.792587167623,7355,412,1136551
2022-05-21,2022-05-21,day,,159658.57543012465,,,10790.304939704676,8745,854,1145309
2022-05-22,2022-05-22,day,,173614.2743805046,,,33746.99034886677,8065,318,1153330
2022-05-23,2022-05-23,day,,126467.32743421246,,,6955.977977934853,7073,281,1160369
2022-05-24,2022-05-24,day,,160201.57931705553,,,30277.220348395807,6733,352,1167102
2022-05-25,2022-05-25,day,,224892.4189809821,,,8984.147196605913,7094,331,1174166
2022-05-26,2022-05-26,day,,150023.38108408247,,,19213.204149008074,4541,373,1178723
2022-05-27,2022-05-27,day,,88379.23162742786,,,3206.24735288058,4629,282,1183429
2022-05-28,2022-05-28,day,,151172.40832664736,,,35961.124830748,7534,489,1190536
2022-05-29,2022-05-29,day,,128321.66315253303,,,18419.94757221598,6684,410,1196568
2022-05-30,2022-05-30,day,,92031.67494149305,,,3977.566528509092,4731,300,1201659
2022-05-31,2022-05-31,day,,104781.92325664894,,,32501.367021585203,3578,187,1204097
2022-06-01,2022-06-01,day,,107154.57155303481,,,44965.55436021013,3034,371,1205356
2022-06-02,2022-06-02,day,,83023.79437468098,,,24333.94131578056,2535,182,1205368
2022-06-03,2022-06-03,day,,98967.99248064122,,,26674.46147022738,2729,156,1207682
2022-06-04,2022-06-04,day,,85665.36923636783,,,10973.429060857774,3260,363,1211071
2022-06-05,2022-06-05,day,,73868.88094714729,,,11503.222557137826,3542,465,1213798
2022-06-06,2022-06-06,day,,81760.78495302646,,,10429.151545946272,3180,250,1215781
2022-06-07,2022-06-07,day,,98366.05490606002,,,19719.30600904575,3314,253,1218836
2022-06-08,2022-06-08,day,,75622.31530695372,,,15930.18946631093,2293,280,1221505
2022-06-09,2022-06-09,day,,116253.63908129952,,,32452.576597938758,3486,187,1220868
2022-06-10,2022-06-10,day,,135873.4475846267,,,9835.452506733796,4094,221,1223764
2022-06-11,2022-06-11,day,,109800.5594470111,,,8360.805402574653,5117,539,1228298
2022-06-12,2022-06-12,day,,73362.59693341477,,,5894.289289666913,3482,467,1231568
2022-06-13,2022-06-13,day,,37874.424754595915,,,5444.183637461884,1457,116,1233333
2022-06-14,2022-06-14,day,,130632.19958342527,,,73119.95795273373,2574,245,1234652
2022-06-15,2022-06-15,day,,121141.34618274515,,,15156.847285089985,3728,330,1237719
2022-06-16,2022-06-16,day,,76611.39288587388,,,7063.676198359451,3789,474,1241185
2022-06-17,2022-06-17,day,,110609.77436916476,,,32549.807679091744,4091,358,1245196
2022-06-18,2022-06-18,day,,111440.80613766196,,,30232.730807476,4835,274,1249668
2022-06-19,2022-06-19,day,,88369.96970260925,,,12717.649700964317,5567,422,1254652
2022-06-20,2022-06-20,day,,107464.93612572779,,,25084.125019320134,5006,428,1259293
2022-06-21,2022-06-21,day,,139915.77000452823,,,41590.82719006523,3816,404,1262759
2022-06-22,2022-06-22,day,,89191.76386477494,,,14556.235553805649,4276,400,1267012
2022-06-23,2022-06-23,day,,77916.89532858548,,,13321.378861162186,3422,340,1270441
2022-06-24,2022-06-24,day,,167053.97663251517,,,86789.24043747161,4252,257,1274372
2022-06-25,2022-06-25,day,,91828.66411047935,,,15108.825737756773,4376,463,1278510
2022-06-26,2022-06-26,day,,132918.13947748582,,,25583.345501719425,4659,631,1283072
2022-06-27,2022-06-27,day,,83462.77364972654,,,7027.56232397638,4442,308,1287203
2022-06-28,2022-06-28,day,,166319.0619925239,,,21527.234396513624,5142,488,1291838
2022-06-29,2022-06-29,day,,279801.2917218732,,,16695.303412973564,9795,697,1301282
2022-06-30,2022-06-30,day,,140018.8629480387,,,10427.64835007711,7034,377,1308334
2022-07-01,2022-07-01,day,,243031.1608377427,,,18782.26718560241,11384,786,1319763
2022-07-02,2022-07-02,day,,181433.2100147877,,,20455.777580287442,11042,1321,1330285
2022-07-03,2022-07-03,day,,685282.7092236778,,,12698.995325182883,29727,1613,1359737
2022-07-04,2022-07-04,day,,620465.742372399,,,23363.023341069686,34357,1466,1393900
2022-07-05,2022-07-05,day,,429856.928315027,,,43427.505381380666,22883,1289,1416605
2022-07-06,2022-07-06,day,,292627.19423427194,,,4232.949393658256,18964,1109,1435249
2022-07-07,2022-07-07,day,,211704.53920095513,,,17961.217532082508,12576,648,1447430
2022-07-08,2022-07-08,day,,169061.92377528368,,,24410.504303836424,11103,551,1458560
2022-07-09,2022-07-09,day,,150507.12792294577,,,6913.491445339994,11597,1047,1469783
2022-07-10,2022-07-10,day,,141670.02948820835,,,2458.6213533377263,11103,872,1480840
2022-07-11,2022-07-11,day,,131399.27544595767,,,2897.898080397809,7338,1279,1488277
2022-07-12,2022-07-12,day,,120964.44937545455,,,10745.23681195917,8707,420,1496613
2022-07-13,2022-07-13,day,,160141.32090185187,,,34090.89542882994,9350,750,1505887
2022-07-14,2022-07-14,day,,120704.78724728376,,,5096.856854341986,9264,657,1514557
2022-07-15,2022-07-15,day,,119960.43074262433,,,8298.05119395073,7977,492,1522136
2022-07-16,2022-07-16,day,,132282.1806980418,,,19105.266855346294,9320,624,1531197
2022-07-17,2022-07-17,day,,120110.7748753771,,,12098.215483564094,7772,545,1539091
2022-07-18,2022-07-18,day,,199462.61125210862,,,79117.0040055443,6162,789,1544747
2022-07-19,2022-07-19,day,,260761.3473170253,,,99322.19916597167,8420,475,1553191
2022-07-20,2022-07-20,day,,249474.83215096383,,,80399.63136747776,8762,602,1561338
2022-07-21,2022-07-21,day,,247304.11656480198,,,47550.1925945308,12802,797,1574110
2022-07-22,2022-07-22,day,,199213.05836565015,,,35119.346903265716,12677,512,1586487
2022-07-23,2022-07-23,day,,182826.2445075161,,,18487.397663416996,12074,720,1598058
2022-07-24,2022-07-24,day,,205545.30221411382,,,7751.432364768918,20977,836,1618767
2022-07-25,2022-07-25,day,,274225.4092543492,,,73645.18041358455,9137,1027,1627596
2022-07-26,2022-07-26,day,,107302.67207932282,,,4414.959043969842,7319,425,1634558
2022-07-27,2022-07-27,day,,157574.36665236964,,,21252.886185298692,9851,805,1644322
2022-07-28,2022-07-28,day,,257157.84921894455,,,112022.18181849066,7524,528,1651629
2022-07-29,2022-07-29,day,,190787.49122922804,,,55263.88041007459,8690,885,1661159
2022-07-30,2022-07-30,day,,136890.8836869263,,,9899.377090382603,9882,1019,1668785
2022-07-31,2022-07-31,day,,157642.58029252256,,,16346.403147081355,10063,897,1677148
2022-08-01,2022-08-01,day,,147961.12680918907,,,18105.405951079087,7885,1013,1679662
2022-08-02,2022-08-02,day,,143898.7152044206,,,16701.63017406903,9009,692,1684792
2022-08-03,2022-08-03,day,,156427.57016430382,,,14793.439241704846,9466,1728,1689981
2022-08-04,2022-08-04,day,,128060.32085319866,,,4708.514591132487,9527,772,1693283
2022-08-05,2022-08-05,day,,141782.0194008255,,,8457.38517322481,9000,528,1699020
2022-08-06,2022-08-06,day,,139012.84625955374,,,9588.539310844328,11441,957,1707281
2022-08-07,2022-08-07,day,,109531.95654709617,,,2289.7383358656607,9433,612,1714170
2022-08-08,2022-08-08,day,,106954.29078622439,,,8399.821783886702,6486,567,1719962
2022-08-09,2022-08-09,day,,142102.93328699275,,,21225.738722123446,6781,590,1726288
2022-08-10,2022-08-10,day,,101836.45292459743,,,4456.392503804715,6425,479,1727229
2022-08-11,2022-08-11,day,,113014.37845155655,,,21922.695753668173,5388,535,1730486
2022-08-12,2022-08-12,day,,262157.9820052307,,,154036.11815879605,7354,810,1736902
2022-08-13,2022-08-13,day,,133289.05970388404,,,24484.939125302448,9355,835,1745430
2022-08-14,2022-08-14,day,,169496.0991556998,,,21576.53160611569,9538,1165,1754324
2022-08-15,2022-08-15,day,,146345.8788231257,,,48541.80731105418,5713,647,1759526
2022-08-16,2022-08-16,day,,200633.34085378502,,,67433.36985866589,9295,664,1768346
2022-08-17,2022-08-17,day,,177996.71290776215,,,55681.9863944337,8954,1085,1776751
2022-08-18,2022-08-18,day,,201321.2334238662,,,80348.80612005682,8908,916,1785385
2022-08-19,2022-08-19,day,,174259.0589296331,,,65979.14550737955,8676,793,1793803
2022-08-20,2022-08-20,day,,147421.78786066984,,,26446.566242355726,13443,1316,1806788
2022-08-21,2022-08-21,day,,188947.2992901814,,,34971.7609006571,17269,1310,1824152
2022-08-22,2022-08-22,day,,150983.60917356468,,,14822.297369651138,12511,1503,1835397
2022-08-23,2022-08-23,day,,133209.70720648297,,,7772.1861544833255,12304,826,1850522
2022-08-24,2022-08-24,day,,183676.26425585905,,,5572.192363316959,14510,1490,1860257
2022-08-25,2022-08-25,day,,118967.94593776602,,,6252.198784572483,9850,1150,1869626
2022-08-26,2022-08-26,day,,134602.52108212246,,,26020.094069570387,10401,977,1879362
2022-08-27,2022-08-27,day,,144405.56093774215,,,12012.634610050283,10182,1718,1889045
2022-08-28,2022-08-28,day,,159926.025659433,,,2530.580692972554,13568,1998,1901742
2022-08-29,2022-08-29,day,,153313.89433741634,,,22456.614512811102,11789,1164,1912616
2022-08-30,2022-08-30,day,,132036.44386796356,,,15195.987140898469,8926,1556,1921318
2022-08-31,2022-08-31,day,,168302.02039008815,,,49944.29612963029,8306,1062,1928555
2022-09-01,2022-09-01,day,,141686.271419616,,,33712.5550037534,5826,912,1933540
2022-09-02,2022-09-02,day,,133654.16898896394,,,2777.2628910950507,8998,990,1942120
2022-09-03,2022-09-03,day,,118171.65063237703,,,2700.4775557710254,10847,1126,1952475
2022-09-04,2022-09-04,day,,193984.4413460032,,,51967.14929229808,10775,1805,1962245
2022-09-05,2022-09-05,day,,163183.24938891854,,,6790.918374690797,11533,2371,1973140
2022-09-06,2022-09-06,day,,239197.74533470298,,,6033.611451958652,22275,2705,1995439
2022-09-07,2022-09-07,day,,265234.09148359654,,,21713.898342708653,19577,1655,2013674
2022-09-08,2022-09-08,day,,202146.22454400652,,,3852.3570923502602,13802,1758,2026359
2022-09-09,2022-09-09,day,,272658.51712151937,,,27252.915714002414,22615,1672,2048448
2022-09-10,2022-09-10,day,,354573.40899983764,,,104758.89946598941,43211,2269,2091418
2022-09-11,2022-09-11,day,,234987.88652287697,,,22511.253614877336,28424,1413,2119305
2022-09-12,2022-09-12,day,,171441.51553623515,,,36611.3513983166,12605,920,2131364
2022-09-13,2022-09-13,day,,142384.46158231565,,,20150.182421566147,9569,819,2139870
2022-09-14,2022-09-14,day,,170968.72463082502,,,29001.847639508967,9900,1178,2149820
2022-09-15,2022-09-15,day,,141535.67056374182,,,19398.86568889548,8599,837,2157339
2022-09-16,2022-09-16,day,,162869.89652058695,,,28255.70660420402,11208,1152,2167594
2022-09-17,2022-09-17,day,,160485.14194237074,,,29603.135320302878,15789,1342,2182942
2022-09-18,2022-09-18,day,,184764.28126441783,,,37365.683266195054,11499,2069,2194110
2022-09-19,2022-09-19,day,,152356.11226664943,,,21801.478309918104,16410,2397,2208282
2022-09-20,2022-09-20,day,,188732.16702700962,,,67698.48560772423,11627,1307,2218931
2022-09-21,2022-09-21,day,,211029.2467316094,,,78949.93922386885,9067,1055,2227313
2022-09-22,2022-09-22,day,,175486.61916499797,,,24388.392919224443,10083,1742,2235035
2022-09-23,2022-09-23,day,,157250.51481576654,,,17808.156922330752,13130,1540,2247392
2022-09-24,2022-09-24,day,,187794.81952487223,,,38308.24537392292,31268,2000,2277476
2022-09-25,2022-09-25,day,,155708.86988808378,,,29910.927479761714,15843,1425,2291805
2022-09-26,2022-09-26,day,,191208.63897517463,,,85059.7252316717,9067,1425,2299845
2022-09-27,2022-09-27,day,,150499.45930718866,,,28643.339359572874,7290,1945,2305684
2022-09-28,2022-09-28,day,,183869.79506983946,,,36385.51396374124,9301,2915,2314277
2022-09-29,2022-09-29,day,,176975.140186501,,,25619.243650017354,15475,2050,2329356
2022-09-30,2022-09-30,day,,138055.4468898154,,,33779.8953506329,11752,1460,2340205
2022-10-01,2022-10-01,day,,149685.41887701565,,,15177.802087542414,16670,2915,2355385
2022-10-02,2022-10-02,day,,133839.42326501606,,,14232.025829459328,15389,3587,2369623
2022-10-03,2022-10-03,day,,97291.7315470611,,,14790.898434521252,4688,1305,2373432
2022-10-04,2022-10-04,day,,139804.51923971542,,,11889.49020285737,6194,2018,2378217
2022-10-05,2022-10-05,day,,125589.33286135158,,,12703.844772691997,8911,1864,2384895
2022-10-06,2022-10-06,day,,136165.5387998855,,,11574.312174454515,10253,2266,2393652
2022-10-07,2022-10-07,day,,124858.17428324354,,,22093.834350669822,9750,1373,2402173
2022-10-08,2022-10-08,day,,111686.08822551905,,,24857.82051033399,7676,1620,2409277
2022-10-09,2022-10-09,day,,91056.7424038524,,,21898.11764904087,3137,569,2402947
2022-10-10,2022-10-10,day,,75020.88108371642,,,16114.203033873586,2393,1122,2400807
2022-10-11,2022-10-11,day,,93307.58230242776,,,23763.66631710928,4259,931,2401789
2022-10-12,2022-10-12,day,,99486.75277469003,,,9342.18535572128,5195,1056,2404059
2022-10-13,2022-10-13,day,,102783.43256579891,,,6019.8399102286685,5275,1295,2408474
2022-10-14,2022-10-14,day,,99622.631976151,,,13461.080833772503,4722,1940,2408956
2022-10-15,2022-10-15,day,,73985.43593681387,,,10893.147112528302,4446,975,2411309
2022-10-16,2022-10-16,day,,93930.40453399664,,,4248.829240224249,7348,1024,2416732
2022-10-17,2022-10-17,day,,110180.68403589945,,,12130.308636939464,6006,1376,2418775
2022-10-18,2022-10-18,day,,83551.40051929773,,,8887.226344449236,4800,540,2416042
2022-10-19,2022-10-19,day,,85141.9768473114,,,9122.169234686633,3021,636,2414232
2022-10-20,2022-10-20,day,,87453.15369860348,,,20466.13220164389,2748,610,2415114
2022-10-21,2022-10-21,day,,60961.541444856,,,11576.563226575598,2948,471,2415694
2022-10-22,2022-10-22,day,,69156.63958045517,,,5408.342366012406,3721,1316,2416253
2022-10-23,2022-10-23,day,,71660.60510265252,,,9047.011440528166,5066,1344,2417004
2022-10-24,2022-10-24,day,,72240.49666850439,,,10026.705343218215,3602,2127,2418724
2022-10-25,2022-10-25,day,,83888.85342810438,,,16500.029423777505,3823,615,2419333
2022-10-26,2022-10-26,day,,75149.26470234888,,,5993.375520085173,3590,1302,2420634
2022-10-27,2022-10-27,day,,81122.33496930572,,,11018.071090841227,3968,2072,2421374
2022-10-28,2022-10-28,day,,67992.29393489832,,,5446.126736609799,3435,1247,2422683
2022-10-29,2022-10-29,day,,71269.80783359612,,,4609.030891756407,4204,943,2424796
2022-10-30,2022-10-30,day,,126586.10364343187,,,11274.008707575793,4051,1407,2427264
2022-10-31,2022-10-31,day,,69282.75554187031,,,7480.359213489654,2915,761,2426681
2022-11-01,2022-11-01,day,,63672.60657416248,,,6094.54346976607,3213,743,2429312
2022-11-02,2022-11-02,day,,74364.51368778855,,,15089.078785310945,2619,745,2429625
2022-11-03,2022-11-03,day,,67045.6421119579,,,7152.754901097384,2348,753,2428757
2022-11-04,2022-11-04,day,,76907.66068390346,,,9966.365686191308,2370,963,2428262
2022-11-05,2022-11-05,day,,65944.09154267173,,,3312.68064877711,2652,704,2429166
2022-11-06,2022-11-06,day,,67349.27997364187,,,4452.9225681638945,2897,1200,2429049
2022-11-07,2022-11-07,day,,82775.83246172802,,,6144.432524165692,2107,746,2428901
2022-11-08,2022-11-08,day,,67039.92380496975,,,7905.7070098572885,2053,562,2429008
2022-11-09,2022-11-09,day,,35542.901501030734,,,2574.929158969084,1372,262,2429057
2022-11-10,2022-11-10,day,,51457.907817485226,,,8625.809475744054,1524,443,2428676
2022-11-11,2022-11-11,day,,75525.80867675415,,,9812.11610559444,3019,1312,2428916
2022-11-12,2022-11-12,day,,68174.46075941958,,,13611.163586265151,2421,1165,2429227
2022-11-13,2022-11-13,day,,50350.18670967779,,,4159.507123382642,2065,633,2429843
2022-11-14,2022-11-14,day,,42366.61272595598,,,3460.677863836743,1726,354,2429576
2022-11-15,2022-11-15,day,,52090.72643302222,,,4783.15792219433,2192,662,2427866
2022-11-16,2022-11-16,day,,51315.27820442605,,,6054.40000696674,2285,413,2427572
2022-11-17,2022-11-17,day,,54483.98716400631,,,5936.096967106651,2490,591,2427683
2022-11-18,2022-11-18,day,,57950.0774278838,,,4819.226797963391,2391,1357,2427847
2022-11-19,2022-11-19,day,,79279.06562944844,,,27271.335721701187,2482,1325,2428958
2022-11-20,2022-11-20,day,,53466.94460740948,,,9500.661333825012,4006,561,2430878
2022-11-21,2022-11-21,day,,64498.9901253437,,,21811.014046102206,2102,911,2430552
2022-11-22,2022-11-22,day,,51991.99816977318,,,9210.695245522804,2407,945,2430674
2022-11-23,2022-11-23,day,,40473.718574782615,,,3244.209773907876,2087,874,2431618
2022-11-24,2022-11-24,day,,40271.7593886858,,,2697.501838774079,2222,685,2432284
2022-11-25,2022-11-25,day,,41885.15869540669,,,6190.4675266600625,2242,610,2433330
2022-11-26,2022-11-26,day,,43678.49608917935,,,5568.0465863197205,2232,1095,2434621
2022-11-27,2022-11-27,day,,45896.30784910938,,,3588.1455546864136,2246,1122,2435797
2022-11-28,2022-11-28,day,,44289.124501264065,,,4495.064686121352,2041,542,2436348
2022-11-29,2022-11-29,day,,42068.29774095602,,,3449.6611213043693,2327,585,2437134
2022-11-30,2022-11-30,day,,41500.48873181516,,,7455.964376206898,1989,805,2436856
2022-12-01,2022-12-01,day,,46497.89810674211,,,8712.640078524739,2193,871,2436859
2022-12-02,2022-12-02,day,,56123.17511471421,,,16983.45550533263,2150,526,2436646
2022-12-03,2022-12-03,day,,40371.45519731243,,,5912.046806388628,2181,677,2437379
2022-12-04,2022-12-04,day,,51744.25023555356,,,8035.157520382446,2337,592,2436133
2022-12-05,2022-12-05,day,,45449.89039161015,,,8003.251842366002,1815,519,2435244
2022-12-06,2022-12-06,day,,39631.78688595808,,,6462.033918647335,1899,346,2435359
2022-12-07,2022-12-07,day,,50347.63016362793,,,11270.637784363129,1801,388,2435276
2022-12-08,2022-12-08,day,,62718.579900086035,,,19669.15178912352,1859,481,2435629
2022-12-09,2022-12-09,day,,57365.31178050453,,,21109.52655729896,1538,604,2435757
2022-12-10,2022-12-10,day,,49557.88577164748,,,16882.390695700647,1780,883,2436197
2022-12-11,2022-12-11,day,,70250.02849742123,,,30034.64086738004,1565,604,2436608
2022-12-12,2022-12-12,day,,67452.19379802952,,,27299.499540644632,2086,710,2436759
2022-12-13,2022-12-13,day,,60109.33964370626,,,14959.024282742583,1772,546,2436856
2022-12-14,2022-12-14,day,,57607.53795580698,,,8269.926897537225,1773,1022,2437103
2022-12-15,2022-12-15,day,,48916.85739445524,,,6464.924648526457,1572,735,2436344
2022-12-16,2022-12-16,day,,47300.687850756214,,,10583.876343188029,1711,610,2436359
2022-12-17,2022-12-17,day,,44038.37618071057,,,8554.57470600345,1998,943,2436430
2022-12-18,2022-12-18,day,,58612.29563621876,,,23646.47091260556,1605,444,2422636
2022-12-19,2022-12-19,day,,98093.58817591426,,,57900.88119084761,1643,617,2421576
2022-12-20,2022-12-20,day,,60850.802948241326,,,17563.608796202476,1573,544,2421658
2022-12-21,2022-12-21,day,,60620.823181529675,,,14243.611033766476,1474,692,2421499
2022-12-22,2022-12-22,day,,45174.89446011491,,,8296.297555479641,1593,1265,2421928
2022-12-23,2022-12-23,day,,49136.92290450172,,,7118.38402050515,1530,692,2422247
2022-12-24,2022-12-24,day,,43053.69550074626,,,9228.123548992913,1648,676,2423006
2022-12-25,2022-12-25,day,,31174.77827489633,,,4811.911899342989,1268,939,2422639
2022-12-26,2022-12-26,day,,40326.272301185374,,,10026.961965264256,1290,607,2422666
2022-12-27,2022-12-27,day,,33959.84054879178,,,5910.607731301257,1372,526,2422383
2022-12-28,2022-12-28,day,,39196.49882718123,,,5866.932834960711,1516,754,2422565
2022-12-29,2022-12-29,day,,37066.08911045812,,,2447.909139498559,1428,532,2423033
2022-12-30,2022-12-30,day,,50940.39873710353,,,4487.971752509729,1496,935,2423046
2022-12-31,2022-12-31,day,,80954.58798830389,,,49326.67369500865,1369,703,2422643
2023-01-01,2023-01-01,day,,41530.37268352791,,,8456.25747927191,1447,802,2422470
2023-01-01,2023-12-31,year,10732.588108499138,18832696.30999271,15553.561553108226,27509504.05623654,,427415,382224,2435694
2023-01-02,2023-01-02,day,,60716.50287232614,,,6425.948848454044,1660,903,2421858
2023-01-03,2023-01-03,day,,64661.24898501587,,,14798.599537414735,1670,818,2421714
2023-01-04,2023-01-04,day,,60605.808383749165,,,6436.00775179624,1611,1824,2421446
2023-01-05,2023-01-05,day,,44731.81100772692,,,8033.432235560566,1400,798,2420762
2023-01-06,2023-01-06,day,,58738.54311016307,,,14594.006391178007,1597,915,2420634
2023-01-07,2023-01-07,day,,73926.23865928681,,,32607.7068153693,1582,1162,2420576
2023-01-08,2023-01-08,day,,42920.53632651317,,,2756.7360549961436,1493,1327,2420492
2023-01-09,2023-01-09,day,,73421.2669385402,,,20800.049984806323,1452,998,2420124
2023-01-10,2023-01-10,day,,52947.066512674006,,,9994.783142687835,1710,1143,2420326
2023-01-11,2023-01-11,day,,54076.65707196015,,,11596.172098024352,2117,1392,2421617
2023-01-12,2023-01-12,day,,66400.04344736194,,,13636.466767506225,1800,920,2422264
2023-01-13,2023-01-13,day,,60001.41933770605,,,10029.876736260376,1512,939,2421942
2023-01-14,2023-01-14,day,,64523.70150120693,,,8607.03326363599,1621,1162,2422259
2023-01-15,2023-01-15,day,,73764.30649774223,,,8742.489420286412,2037,1503,2422962
2023-01-16,2023-01-16,day,,56602.67987868272,,,13493.242470208617,1779,816,2423118
2023-01-17,2023-01-17,day,,74162.7024718838,,,5363.728204601321,2262,1043,2423949
2023-01-18,2023-01-18,day,,59255.77487539147,,,11217.693246115447,2505,929,2425428
2023-01-19,2023-01-19,day,,55839.77576550248,,,13792.644372524328,2098,863,2426367
2023-01-20,2023-01-20,day,,51038.2150793054,,,7816.185091040279,1853,871,2427228
2023-01-21,2023-01-21,day,,64892.365595832925,,,13116.95992443791,1946,1142,2428106
2023-01-22,2023-01-22,day,,48255.61718008714,,,6157.630274746884,2073,866,2429326
2023-01-23,2023-01-23,day,,71400.30417162304,,,6242.677961127973,1809,1553,2429893
2023-01-24,2023-01-24,day,,62815.37051946006,,,9470.165481652479,1831,1454,2430207
2023-01-25,2023-01-25,day,,66346.5585427227,,,4146.59162534423,1980,746,2431059
2023-01-26,2023-01-26,day,,73239.60425030022,,,6813.91195605155,2109,979,2432097
2023-01-27,2023-01-27,day,,59495.13024672821,,,7322.51007652851,1980,1592,2432981
2023-01-28,2023-01-28,day,,64056.95516488876,,,8550.662946542936,2208,1529,2433818
2023-01-29,2023-01-29,day,,60393.0505727856,,,14797.088661248858,1997,850,2434978
2023-01-30,2023-01-30,day,,59874.17136370628,,,11469.006995310428,1861,747,2435064
2023-01-31,2023-01-31,day,,72449.21125052978,,,19948.823927765457,1820,887,2435166
2023-02-01,2023-02-01,day,,63213.34140046563,,,9671.478114182702,1539,761,2435202
2023-02-02,2023-02-02,day,,56348.78363931729,,,7727.380459060519,1397,808,2435002
2023-02-03,2023-02-03,day,,54588.151181776164,,,6669.317910709261,1272,731,2434656
2023-02-04,2023-02-04,day,,102961.33983622625,,,28372.978869714698,1194,1965,2434504
2023-02-05,2023-02-05,day,,53836.968682893195,,,3691.917795484495,1486,1069,2433000
2023-02-06,2023-02-06,day,,66841.83629918152,,,10293.56155350314,1578,1844,2432415
2023-02-07,2023-02-07,day,,85397.05835074536,,,9153.861834626943,1235,718,2431790
2023-02-08,2023-02-08,day,,63893.30036525276,,,5904.234317844519,1403,860,2431679
2023-02-09,2023-02-09,day,,72361.48652668305,,,5084.172236218467,1372,703,2431793
2023-02-10,2023-02-10,day,,71026.97498096577,,,2215.288248669637,1604,1211,2432289
2023-02-11,2023-02-11,day,,47920.43479790933,,,5504.627232687613,1702,1465,2432648
2023-02-12,2023-02-12,day,,65697.0976625884,,,3119.3097566439087,1686,2020,2432398
2023-02-13,2023-02-13,day,,40221.62474121112,,,2449.541511408571,1374,976,2432430
2023-02-14,2023-02-14,day,,156423.04111468093,,,104937.2425224046,1299,1053,2432549
2023-02-15,2023-02-15,day,,44253.74336639756,,,1868.8039480830869,1177,1021,2432423
2023-02-16,2023-02-16,day,,48770.56945002697,,,5672.5910961852205,1213,502,2432138
2023-02-17,2023-02-17,day,,52329.08081509763,,,4126.494912485629,1269,933,2432393
2023-02-18,2023-02-18,day,,44823.93192580038,,,5856.093709548721,1682,804,2433425
2023-02-19,2023-02-19,day,,110660.74220361598,,,71467.42338320719,1656,641,2434788
2023-02-20,2023-02-20,day,,93232.72092309386,,,31670.9776227687,1861,933,2434539
2023-02-21,2023-02-21,day,,96762.04162074943,,,48874.913425574756,1505,2668,2434770
2023-02-22,2023-02-22,day,,46197.19480726384,,,10541.813986570029,1159,610,2434817
2023-02-23,2023-02-23,day,,162916.8661841834,,,98454.71659162681,1313,631,2434656
2023-02-24,2023-02-24,day,,146863.30639775793,,,92951.27247517635,1266,710,2434921
2023-02-25,2023-02-25,day,,171157.19899963142,,,127462.25165587093,1614,1419,2435372
2023-02-26,2023-02-26,day,,87519.34099610792,,,40469.18306731101,1563,1307,2434852
2023-02-27,2023-02-27,day,,88638.14541902007,,,25198.05877890439,1524,1452,2435271
2023-02-28,2023-02-28,day,,82179.24560502285,,,23711.508691134608,1537,941,2435694
2023-03-01,2023-03-01,day,,63310.50903745573,,,16677.787251149188,1244,570,2434950
2023-03-02,2023-03-02,day,,68099.93545450146,,,13295.649458647196,1327,822,2434910
2023-03-03,2023-03-03,day,,85593.22525975444,,,27207.976310725866,1086,1020,2434934
2023-03-04,2023-03-04,day,,65874.19284376166,,,13520.837065198733,1239,1633,2434679
2023-03-05,2023-03-05,day,,83642.96783301084,,,38175.844549694404,973,622,2433021
2023-03-06,2023-03-06,day,,72457.7075748619,,,7410.3150762279765,1046,508,2432373
2023-03-07,2023-03-07,day,,48244.808819577636,,,6907.802786458581,1088,609,2431525
2023-03-08,2023-03-08,day,,59204.57139292206,,,7612.85052783004,1094,723,2430694
2023-03-09,2023-03-09,day,,43035.70940936313,,,7567.669353279487,892,692,2429854
2023-03-10,2023-03-10,day,,57841.776371336775,,,3013.7178343724627,1498,847,2429062
2023-03-11,2023-03-11,day,,33645.36469147479,,,9364.188578932606,453,271,2426745
2023-03-12,2023-03-12,day,,37687.36012424713,,,6644.60144140942,1056,1334,2424709
2023-03-13,2023-03-13,day,,39614.70445710865,,,3406.089868936924,1037,1378,2422668
2023-03-14,2023-03-14,day,,50805.51508504263,,,4724.282530928006,892,623,2421723
2023-03-15,2023-03-15,day,,33915.687871223934,,,3241.797792969417,1186,655,2421408
2023-03-16,2023-03-16,day,,37971.29693790824,,,5899.483898128894,1078,645,2420981
2023-03-17,2023-03-17,day,,64314.8338204232,,,29070.417133137453,1103,1096,2420669
2023-03-18,2023-03-18,day,,65249.79160156838,,,7703.340993774977,1546,2521,2421020
2023-03-19,2023-03-19,day,,54255.66228067722,,,7337.605258480808,1620,1995,2421964
2023-03-20,2023-03-20,day,,45040.53635087826,,,4266.721593268958,2203,898,2423251
2023-03-21,2023-03-21,day,,56619.922150034574,,,6934.122478281343,1969,1046,2423631
2023-03-22,2023-03-22,day,,77994.03124483842,,,32732.30721052165,2048,793,2424505
2023-03-23,2023-03-23,day,,45952.86182238603,,,2452.361096833318,1488,1549,2424899
2023-03-24,2023-03-24,day,,57288.90730200118,,,4162.02286114552,1743,1183,2425795
2023-03-25,2023-03-25,day,,73590.89367081251,,,26137.542198444084,2158,1776,2426696
2023-03-26,2023-03-26,day,,50086.143879939125,,,6716.256442989823,1830,1252,2427509
2023-03-27,2023-03-27,day,,50777.88645291963,,,3444.7084619217057,1576,985,2427943
2023-03-28,2023-03-28,day,,43929.18157149374,,,2879.239921012485,1409,519,2427673
2023-03-29,2023-03-29,day,,49943.108607292874,,,6594.107017492447,1180,599,2427886
2023-03-30,2023-03-30,day,,39948.384230073796,,,4221.18534178708,1141,722,2427903
2023-03-31,2023-03-31,day,,70484.10299773724,,,3480.7435171760367,1656,955,2428126
2023-04-01,2023-04-01,day,,59692.50017307645,,,5785.650544302836,1925,1039,2429133
2023-04-02,2023-04-02,day,,74352.12672403172,,,6401.526220637451,1672,1723,2429460
2023-04-03,2023-04-03,day,,69190.13272366424,,,22709.378850244717,1294,906,2427498
2023-04-04,2023-04-04,day,,117319.76308190046,,,6879.950750828627,1253,987,2426881
2023-04-05,2023-04-05,day,,34474.27662218057,,,4264.784989450089,753,650,2426479
2023-04-06,2023-04-06,day,,54775.076892667515,,,6374.452616320313,1209,940,2426542
2023-04-07,2023-04-07,day,,68982.71553315857,,,5625.331873202222,1277,1709,2426497
2023-04-08,2023-04-08,day,,65710.30682679104,,,3018.2229335142183,1392,1345,2426727
2023-04-09,2023-04-09,day,,58821.3776082865,,,6340.747132867255,1239,1941,2426150
2023-04-10,2023-04-10,day,,45787.84121145589,,,2930.0088078637327,1045,1079,2425602
2023-04-11,2023-04-11,day,,55743.19025393301,,,3044.4039350806042,1034,1420,2425253
2023-04-12,2023-04-12,day,,62990.80795431094,,,7405.556843563159,1073,1364,2424962
2023-04-13,2023-04-13,day,,65143.000903688066,,,23249.668221569187,757,727,2424808
2023-04-14,2023-04-14,day,,52477.01788685128,,,4435.48237125159,948,1012,2424829
2023-04-15,2023-04-15,day,,48887.54426159196,,,3381.8555619537233,1016,1026,2424917
2023-04-16,2023-04-16,day,,55766.83898164558,,,5747.001905056048,986,1053,2424757
2023-04-17,2023-04-17,day,,43604.35130987758,,,2260.6273448809125,681,840,2424278
2023-04-18,2023-04-18,day,,59746.73308215523,,,4014.1860162729295,547,754,2421948
2023-04-19,2023-04-19,day,,38731.83642605693,,,1925.1628924790637,368,800,2421041
2023-04-20,2023-04-20,day,,62728.935030180946,,,20164.33511900497,475,646,2419774
2023-04-21,2023-04-21,day,,118375.38521762459,,,7185.523958648825,792,3370,2419681
2023-04-22,2023-04-22,day,,62581.474130785195,,,12320.822267607005,677,1395,2419619
2023-04-23,2023-04-23,day,,73198.4167331169,,,19599.359416046875,544,738,2418658
2023-04-24,2023-04-24,day,,71726.26287753491,,,3243.1485359092244,587,1853,2418397
2023-04-25,2023-04-25,day,,107807.10966063004,,,2739.739862480644,751,2204,2416927
2023-04-26,2023-04-26,day,,91039.03464032941,,,4878.4323712950845,522,1418,2416593
2023-04-27,2023-04-27,day,,74954.13655034195,,,1066.583310388083,674,2142,2420017
2023-04-28,2023-04-28,day,,40597.06497503543,,,3807.6459597055523,645,1168,2412163
2023-04-29,2023-04-29,day,,40975.92166120303,,,1226.5294143279575,515,1493,2404812
2023-04-30,2023-04-30,day,,53381.92388492663,,,3928.4978633168434,498,1434,2402464
2023-05-01,2023-05-01,day,,37983.23612473372,,,1053.2488567008584,342,1323,2394102
2023-05-02,2023-05-02,day,,34882.0326293352,,,542.2135574950867,273,999,2400969
2023-05-03,2023-05-03,day,,62758.45688983936,,,3776.4629741417384,386,1034,2372788
2023-05-04,2023-05-04,day,,38932.16628841683,,,3629.924026958356,309,1144,2354631
2023-05-05,2023-05-05,day,,37045.63731947698,,,2551.127241102649,227,284,2331598
2023-05-06,2023-05-06,day,,32410.31284185334,,,3864.174992237443,193,206,2323837
2023-05-07,2023-05-07,day,,37409.815030806145,,,14217.58523576043,269,226,2317141
2023-05-08,2023-05-08,day,,26578.832156040782,,,2839.6152098075972,306,410,2309124
2023-05-09,2023-05-09,day,,33178.49349995948,,,3914.274884352434,409,429,2298995
2023-05-10,2023-05-10,day,,28619.776320455963,,,2551.9579028542603,374,343,2290420
2023-05-11,2023-05-11,day,,26860.72127761866,,,4072.1620653593177,308,313,2288895
2023-05-12,2023-05-12,day,,40898.694170662435,,,5921.250318830112,544,586,2286904
2023-05-13,2023-05-13,day,,51416.71404281369,,,3082.538814383861,813,1781,2287461
2023-05-14,2023-05-14,day,,51591.78647116798,,,975.6955200664772,716,1440,2287744
2023-05-15,2023-05-15,day,,39292.87144215798,,,4512.95905009014,603,573,2286186
2023-05-16,2023-05-16,day,,37355.22130177003,,,3542.176121352448,551,525,2283993
2023-05-17,2023-05-17,day,,35598.59564564887,,,1199.3831549808415,480,837,2281022
2023-05-18,2023-05-18,day,,38670.52444470458,,,2425.5547016641917,477,831,2279384
2023-05-19,2023-05-19,day,,44361.61846638243,,,1099.8856254422064,570,1015,2277304
2023-05-20,2023-05-20,day,,52773.379327707975,,,10976.26294978513,760,1356,2274746
2023-05-21,2023-05-21,day,,56720.28288670197,,,2844.8410292966996,861,940,2272934
2023-05-22,2023-05-22,day,,35088.00058330662,,,2332.1552774251445,541,455,2269380
2023-05-23,2023-05-23,day,,43408.81286923883,,,3434.943851967611,434,971,2266150
2023-05-24,2023-05-24,day,,47004.01399533552,,,1323.2490680511644,575,972,2263792
2023-05-25,2023-05-25,day,,38336.959067342315,,,3019.795074800574,711,1187,2261791
2023-05-26,2023-05-26,day,,102546.02623445996,,,53140.05919064538,672,1190,2258702
2023-05-27,2023-05-27,day,,59324.855376285144,,,2908.1028783811894,1120,2345,2257921
2023-05-28,2023-05-28,day,,50073.536859876716,,,5137.668573894316,631,1465,2256886
2023-05-29,2023-05-29,day,,49599.744377485884,,,2336.1235449350643,520,466,2254296
2023-05-30,2023-05-30,day,,42324.67611163809,,,1297.6675741172778,567,1080,2250799
2023-05-31,2023-05-31,day,,39421.38606998667,,,4793.931652939149,809,792,2249490
2023-06-01,2023-06-01,day,,42532.16251715081,,,4455.704938688427,680,743,2248058
2023-06-02,2023-06-02,day,,58884.3630151568,,,9931.250887764892,862,1061,2246563
2023-06-03,2023-06-03,day,,47006.65479657356,,,2300.255838403323,895,1765,2245874
2023-06-04,2023-06-04,day,,69040.58543887509,,,4621.744253528186,1045,2884,2245701
2023-06-05,2023-06-05,day,,79123.82055576795,,,3306.16829874539,800,1075,2244699
2023-06-06,2023-06-06,day,,52103.05486385322,,,5604.628731581375,804,1333,2243753
2023-06-07,2023-06-07,day,,73775.08174097184,,,10695.034629032196,964,1627,2243818
2023-06-08,2023-06-08,day,,53188.661338113496,,,8199.529030570548,687,1615,2242109
2023-06-09,2023-06-09,day,,40507.99522608913,,,8389.992956090273,912,1216,2241966
2023-06-10,2023-06-10,day,,33781.94210127197,,,689.3716205361283,757,1262,2240250
2023-06-11,2023-06-11,day,,30313.135575513144,,,825.8820600982426,879,1679,2239741
2023-06-12,2023-06-12,day,,51918.2882801899,,,6968.894618363903,1293,1650,2233970
2023-06-13,2023-06-13,day,,40990.41023476832,,,3279.77621992347,1872,1347,2234450
2023-06-14,2023-06-14,day,,67406.56062012354,,,7070.045483070535,1555,1729,2234668
2023-06-15,2023-06-15,day,,38377.204385883386,,,2711.372036120473,1596,1067,2234856
2023-06-16,2023-06-16,day,,59129.47613751221,,,4007.774078908637,1461,1435,2234950
2023-06-17,2023-06-17,day,,51171.15610777455,,,8383.5397725795,1541,1937,2234446
2023-06-18,2023-06-18,day,,48419.49422234146,,,4924.331218905591,1669,1349,2234216
2023-06-19,2023-06-19,day,,49587.75438901704,,,7806.677700147365,1466,1303,2233076
2023-06-20,2023-06-20,day,,54978.64962851601,,,11487.695327540798,1548,1264,2232234
2023-06-21,2023-06-21,day,,53692.51938510323,,,16950.42232167788,1198,1067,2230792
2023-06-22,2023-06-22,day,,53445.32997112948,,,6874.889825845251,1543,1282,2230163
2023-06-23,2023-06-23,day,,37966.310975740336,,,2215.579942729837,1114,1053,2229238
2023-06-24,2023-06-24,day,,46342.53519936602,,,3223.7060238385548,1602,1579,2229216
2023-06-25,2023-06-25,day,,57881.36444619576,,,4766.890452351554,2165,1496,2229016
2023-06-26,2023-06-26,day,,45355.85058014471,,,6583.77094649663,1327,1387,2228514
2023-06-27,2023-06-27,day,,47678.502203204094,,,9442.6928051047,1236,1510,2227723
2023-06-28,2023-06-28,day,,52112.220308368815,,,2726.1256842604475,1034,798,2226738
2023-06-29,2023-06-29,day,,29812.668832361418,,,5290.880222368262,727,650,2225576
2023-06-30,2023-06-30,day,,32329.6042908448,,,4381.3681193942775,731,631,2224056
2023-07-01,2023-07-01,day,,39071.15189486534,,,2706.379346727231,1496,1307,2223732
2023-07-02,2023-07-02,day,,49460.518387181444,,,7395.420632118218,1628,1540,2221314
2023-07-03,2023-07-03,day,,68580.84656157896,,,25800.639415821686,938,1207,2217475
2023-07-04,2023-07-04,day,,43271.29425658246,,,2371.0762092230107,805,938,2212788
2023-07-05,2023-07-05,day,,26606.98190738876,,,1541.4729674359914,283,258,2198457
2023-07-06,2023-07-06,day,,28307.615315162544,,,5709.280452453664,482,601,2186345
2023-07-07,2023-07-07,day,,34049.78409448417,,,506.9915110833119,582,1072,2177739
2023-07-08,2023-07-08,day,,61701.00049743885,,,20759.07806587083,1415,1303,2172289
2023-07-09,2023-07-09,day,,45864.85558670101,,,5600.872538687843,1084,1800,2168527
2023-07-10,2023-07-10,day,,32204.175867961927,,,4314.063527845133,795,845,2163633
2023-07-11,2023-07-11,day,,52282.914493441975,,,9301.716734891264,761,1557,2158565
2023-07-12,2023-07-12,day,,34848.10140063285,,,1164.3725582432232,864,1194,2154736
2023-07-13,2023-07-13,day,,32708.69026282825,,,790.8750982063768,817,748,2151237
2023-07-14,2023-07-14,day,,64261.38110682272,,,4618.488052716571,924,1162,2146860
2023-07-15,2023-07-15,day,,54636.89405382393,,,12656.777463084136,1522,2157,2143395
2023-07-16,2023-07-16,day,,61585.95366348352,,,5343.417841845329,1137,2137,2140716
2023-07-17,2023-07-17,day,,51629.25128267458,,,11547.566098160201,895,923,2136518
2023-07-18,2023-07-18,day,,41958.33282551089,,,5759.397178756803,917,656,2133116
2023-07-19,2023-07-19,day,,50121.88104855637,,,14873.071067621613,1041,1117,2131831
2023-07-20,2023-07-20,day,,33566.225477076485,,,3298.980498071746,885,962,2128352
2023-07-21,2023-07-21,day,,38938.71666648499,,,2025.3302368124157,702,1111,2125685
2023-07-22,2023-07-22,day,,55073.69409326596,,,5031.395951569873,1205,1714,2121422
2023-07-23,2023-07-23,day,,41453.49281556467,,,1965.007513375136,1092,1305,2116339
2023-07-24,2023-07-24,day,,49093.34723574672,,,2747.8393394555605,850,1077,2111173
2023-07-25,2023-07-25,day,,55785.4461074147,,,4000.0408419010064,927,1641,2104106
2023-07-26,2023-07-26,day,,49375.11590536251,,,1259.3248249850164,918,1650,2099460
2023-07-27,2023-07-27,day,,36931.17948452812,,,1457.198833578881,789,1306,2097136
2023-07-28,2023-07-28,day,,37209.587230477184,,,1993.7731244424533,803,1088,2091787
2023-07-29,2023-07-29,day,,42004.10961415088,,,6843.995007699376,1470,1339,2089814
2023-07-30,2023-07-30,day,,59041.18154785089,,,2474.6668062692547,1718,2385,2087765
2023-07-31,2023-07-31,day,,43472.10397633329,,,3070.1142867019075,1284,1595,2084187
2023-08-01,2023-08-01,day,,62956.42688073438,,,8170.367910035385,1135,1649,2080021
2023-08-02,2023-08-02,day,,44977.62186811161,,,3776.180127957417,1214,1454,2076042
2023-08-03,2023-08-03,day,,43086.761521419714,,,3430.6796502765283,1168,1179,2072096
2023-08-04,2023-08-04,day,,37133.26282293029,,,3521.3754477641023,1191,1062,2067578
2023-08-05,2023-08-05,day,,46405.39680902057,,,11643.496854246432,1387,1392,2064025
2023-08-06,2023-08-06,day,,35525.491708948,,,1299.936147330142,1545,1476,2060750
2023-08-07,2023-08-07,day,,48696.60911241267,,,5885.274802451091,1052,726,2056458
2023-08-08,2023-08-08,day,,34850.74315570813,,,6178.542157427561,927,684,2051375
2023-08-09,2023-08-09,day,,77614.29497850398,,,33097.577523584085,1034,794,2048590
2023-08-10,2023-08-10,day,,83773.65366144154,,,44904.087046508874,960,982,2046031
2023-08-11,2023-08-11,day,,114673.0248747813,,,71863.29601014455,1277,857,2042501
2023-08-12,2023-08-12,day,,186402.10214494338,,,132004.22285726873,1653,1298,2041489
2023-08-13,2023-08-13,day,,234884.13973437287,,,166120.9098014988,1916,1689,2039670
2023-08-14,2023-08-14,day,,59316.57591238516,,,23016.775152116385,886,850,2036223
2023-08-15,2023-08-15,day,,66346.53336545968,,,28460.101325221516,915,768,2032144
2023-08-16,2023-08-16,day,,97577.33073528863,,,60205.12380980434,943,439,2029717
2023-08-17,2023-08-17,day,,64726.56908996701,,,29805.967333446297,1495,487,2027407
2023-08-18,2023-08-18,day,,69856.17128407392,,,36985.85437913059,1424,888,2024702
2023-08-19,2023-08-19,day,,83780.06650195974,,,38709.89448561989,2081,1232,2023661
2023-08-20,2023-08-20,day,,72105.54994575393,,,29817.706289148427,1829,1777,2021350
2023-08-21,2023-08-21,day,,63230.58862074416,,,31863.660012453074,2241,805,2017699
2023-08-22,2023-08-22,day,,70310.78229811424,,,20611.75708245354,1714,726,2012270
2023-08-23,2023-08-23,day,,46249.795871115384,,,8619.75581450859,1754,581,2007282
2023-08-24,2023-08-24,day,,35379.58448586508,,,2081.6355936102555,1410,806,2003084
2023-08-25,2023-08-25,day,,63023.24385780625,,,14206.418236208596,1043,724,1996676
2023-08-26,2023-08-26,day,,43970.88312800208,,,1849.680445797869,2308,1126,1993903
2023-08-27,2023-08-27,day,,36118.216970853195,,,2927.3112236946627,2289,1175,1990498
2023-08-28,2023-08-28,day,,33542.588232314454,,,2120.3643864471182,903,414,1987007
2023-08-29,2023-08-29,day,,24343.23680017296,,,516.3424099345599,855,445,1982366
2023-08-30,2023-08-30,day,,32852.4171549225,,,2913.990278549083,789,658,1978480
2023-08-31,2023-08-31,day,,38542.657454818,,,1800.408393782895,933,882,1973494
2023-09-01,2023-09-01,day,,48909.170738559216,,,3708.554934800597,1039,1939,1970142
2023-09-02,2023-09-02,day,,30330.169664302193,,,2324.5249284242905,1135,1263,1967863
2023-09-03,2023-09-03,day,,43094.51053462833,,,1477.602065872396,1209,1310,1964545
2023-09-04,2023-09-04,day,,27614.53422638897,,,994.1249501946487,920,907,1959777
2023-09-05,2023-09-05,day,,35137.31336746048,,,5351.817373579113,984,734,1955467
2023-09-06,2023-09-06,day,,35862.52468182214,,,4078.1307062115184,916,1103,1950600
2023-09-07,2023-09-07,day,,29970.433047073184,,,2601.322263370323,945,585,1941030
2023-09-08,2023-09-08,day,,31218.436163092763,,,4946.094255542873,1078,715,1931684
2023-09-09,2023-09-09,day,,34709.811469688495,,,4638.1041194035315,999,1173,1926439
2023-09-10,2023-09-10,day,,33718.55697140069,,,2390.1879230677255,1030,2044,1914765
2023-09-11,2023-09-11,day,,33050.23922058884,,,4135.3156601854125,722,1995,1894961
2023-09-12,2023-09-12,day,,24523.461323515952,,,2957.198512026152,1038,2058,1888296
2023-09-13,2023-09-13,day,,24898.863675047793,,,2877.0687663874455,746,1209,1882222
2023-09-14,2023-09-14,day,,24094.48817618017,,,2349.5373081020953,958,822,1878364
2023-09-15,2023-09-15,day,,26521.327337196002,,,2434.8572592286923,811,799,1873939
2023-09-16,2023-09-16,day,,25690.54180980303,,,2921.71887786308,1201,965,1871434
2023-09-17,2023-09-17,day,,35631.804081017835,,,3559.8652926277323,1280,1421,1868935
2023-09-18,2023-09-18,day,,31232.068973280177,,,4708.6360920000325,897,741,1862801
2023-09-19,2023-09-19,day,,28805.718808250545,,,3551.2257202649157,993,1331,1858259
2023-09-20,2023-09-20,day,,28678.034710343458,,,6901.216508485034,934,845,1854648
2023-09-21,2023-09-21,day,,24345.362052079265,,,2775.3244622775214,1023,581,1850982
2023-09-22,2023-09-22,day,,32837.09373961721,,,4814.857568449325,1303,1211,1847381
2023-09-23,2023-09-23,day,,33048.936984926535,,,2459.8130655890322,1148,1420,1844266
2023-09-24,2023-09-24,day,,45901.679172163385,,,3040.216949088932,1133,1885,1839705
2023-09-25,2023-09-25,day,,42509.03774107626,,,19920.77992648721,846,776,1834817
2023-09-26,2023-09-26,day,,22353.40650781545,,,3198.8488911730947,817,585,1829526
2023-09-27,2023-09-27,day,,34128.53882089933,,,2271.1173520970865,1620,915,1826025
2023-09-28,2023-09-28,day,,34804.794951206095,,,4056.3193387625483,2133,1073,1824857
2023-09-29,2023-09-29,day,,41295.50956607944,,,2633.079328861163,2125,1010,1822581
2023-09-30,2023-09-30,day,,39904.22457484433,,,5081.067462268378,2305,1164,1815968
2023-10-01,2023-10-01,day,,41672.796677174985,,,7700.131278053339,2323,784,1812609
2023-10-02,2023-10-02,day,,62668.59621230087,,,6618.728300762537,1376,1464,1807432
2023-10-03,2023-10-03,day,,62426.62028436295,,,4101.118227263294,2031,1525,1804090
2023-10-04,2023-10-04,day,,47258.09283029313,,,2765.5872247168654,2048,1098,1802903
2023-10-05,2023-10-05,day,,39553.56997529721,,,2499.882034173965,2156,1639,1801422
2023-10-06,2023-10-06,day,,40679.9741410924,,,3208.8337185700348,2198,837,1799715
2023-10-07,2023-10-07,day,,54894.316472715014,,,1259.7960224982946,3471,1182,1798666
2023-10-08,2023-10-08,day,,44888.40655600216,,,844.2018822881776,3168,1199,1798193
2023-10-09,2023-10-09,day,,37015.98641194795,,,2022.19985378443,2580,972,1795068
2023-10-10,2023-10-10,day,,29172.267748509697,,,821.7920972987018,2302,948,1795541
2023-10-11,2023-10-11,day,,28325.219453788635,,,1499.7545217357003,1787,880,1795619
2023-10-12,2023-10-12,day,,40130.57525447653,,,4915.375108408129,1873,945,1795429
2023-10-13,2023-10-13,day,,34238.29773053969,,,4460.651548662774,2149,951,1794546
2023-10-14,2023-10-14,day,,32672.6568503131,,,3616.361159027311,2352,1290,1794257
2023-10-15,2023-10-15,day,,35898.10166141512,,,3319.5874128136766,2599,859,1794174
2023-10-16,2023-10-16,day,,37474.10391646313,,,4589.55290091542,1887,821,1793192
2023-10-17,2023-10-17,day,,40308.48456849314,,,2935.162628800899,1930,1354,1791130
2023-10-18,2023-10-18,day,,35049.3543830319,,,3373.1164751464403,1831,831,1789060
2023-10-19,2023-10-19,day,,38875.13805339857,,,1803.7645670503025,2372,1174,1788271
2023-10-20,2023-10-20,day,,33775.71259810503,,,1557.9342021103405,1322,763,1787399
2023-10-21,2023-10-21,day,,62505.02774537768,,,5692.783435742826,2711,821,1788228
2023-10-22,2023-10-22,day,,40719.3139185008,,,2506.1166113040626,2044,749,1788187
2023-10-23,2023-10-23,day,,27390.883822078664,,,2408.061455629947,959,453,1787393
2023-10-24,2023-10-24,day,,26426.075295053386,,,3338.7626163018513,498,885,1785180
2023-10-25,2023-10-25,day,,32226.705787421888,,,3171.358619307636,864,602,1783729
2023-10-26,2023-10-26,day,,32261.48927460275,,,6187.845950984398,625,449,1782048
2023-10-27,2023-10-27,day,,47191.30783564402,,,10108.705851462393,822,742,1780622
2023-10-28,2023-10-28,day,,38546.515243287875,,,3576.363653558326,1767,963,1780405
2023-10-29,2023-10-29,day,,24264.239853455096,,,2329.474226330555,1411,616,1778638
2023-10-30,2023-10-30,day,,21058.38584747034,,,3050.0243226361117,906,456,1777751
2023-10-31,2023-10-31,day,,39655.89504860057,,,2796.704663768046,507,1121,1775904
2023-11-01,2023-11-01,day,,34713.1875816107,,,1478.678426604227,1011,683,1775223
2023-11-02,2023-11-02,day,,37936.71103735732,,,11169.609732185487,612,359,1773544
2023-11-03,2023-11-03,day,,34244.69688949863,,,3832.0747640291793,1232,794,1772635
2023-11-04,2023-11-04,day,,42253.41418130934,,,5029.7228199197325,1326,1053,1772345
2023-11-05,2023-11-05,day,,30824.242832249103,,,2340.1751207227235,859,862,1771507
2023-11-06,2023-11-06,day,,20482.26858690139,,,2974.0386128370837,438,306,1770836
2023-11-07,2023-11-07,day,,36036.08534018239,,,3737.3733882591687,539,692,1769485
2023-11-08,2023-11-08,day,,58398.23211480509,,,16912.91048400353,619,976,1768289
2023-11-09,2023-11-09,day,,56975.70294353971,,,26304.69459322207,303,314,1767115
2023-11-10,2023-11-10,day,,40041.748094319446,,,3496.8095797830683,373,482,1766262
2023-11-11,2023-11-11,day,,40818.93667954862,,,1542.700878129318,748,811,1765493
2023-11-12,2023-11-12,day,,40818.538792605024,,,2380.183771151686,935,1039,1764437
2023-11-13,2023-11-13,day,,31833.826721155914,,,4608.363754023044,313,573,1762778
2023-11-14,2023-11-14,day,,27321.1360734402,,,2718.4237710573793,564,489,1761502
2023-11-15,2023-11-15,day,,64561.70055014906,,,3041.530029402194,521,663,1760340
2023-11-16,2023-11-16,day,,28583.77475554831,,,3192.349725281141,517,527,1759100
2023-11-17,2023-11-17,day,,40865.48854662115,,,3995.1080466272538,771,932,1758131
2023-11-18,2023-11-18,day,,35980.627305468435,,,3812.548885510616,1174,1186,1757796
2023-11-19,2023-11-19,day,,42265.413027864255,,,3259.330203372806,2076,1229,1758219
2023-11-20,2023-11-20,day,,23549.919878109667,,,1502.392871224823,505,408,1756816
2023-11-21,2023-11-21,day,,19784.617212473466,,,967.8238978542045,384,344,1754273
2023-11-22,2023-11-22,day,,24649.337842948335,,,3012.617887234643,387,622,1752732
2023-11-23,2023-11-23,day,,55365.57831676041,,,4446.726177814448,571,672,1751798
2023-11-24,2023-11-24,day,,27891.008192451023,,,3670.866007334009,515,690,1750700
2023-11-25,2023-11-25,day,,32472.811335845374,,,2187.829701493906,892,861,1750307
2023-11-26,2023-11-26,day,,37003.50413270995,,,3882.9170355947354,825,691,1749966
2023-11-27,2023-11-27,day,,43671.60240821307,,,4218.339105545003,548,471,1749068
2023-11-28,2023-11-28,day,,23765.576770437212,,,1787.811604791297,457,470,1747830
2023-11-29,2023-11-29,day,,56894.2070906874,,,16015.4323340838,455,808,1746974
2023-11-30,2023-11-30,day,,49185.956133711035,,,1598.7748477911057,407,1310,1745876
2023-12-01,2023-12-01,day,,51339.436973963464,,,19919.786287419418,407,636,1745173
2023-12-02,2023-12-02,day,,26254.9364366878,,,4499.305895335166,411,519,1743472
2023-12-03,2023-12-03,day,,34307.680756453876,,,8724.533153693594,486,667,1742196
2023-12-04,2023-12-04,day,,31891.302625599357,,,2311.124380167926,292,1026,1741146
2023-12-05,2023-12-05,day,,25674.357735685284,,,2798.5093626406983,240,419,1739525
2023-12-06,2023-12-06,day,,23841.094585801315,,,3747.4610783774638,263,392,1738178
2023-12-07,2023-12-07,day,,49586.44594567998,,,1845.4272364902913,440,921,1737284
2023-12-08,2023-12-08,day,,39751.665219771974,,,8657.1942881082,450,521,1736252
2023-12-09,2023-12-09,day,,43255.511755279964,,,10810.063515215199,667,661,1735370
2023-12-10,2023-12-10,day,,65789.9874217598,,,16403.472721924765,1209,998,1735425
2023-12-11,2023-12-11,day,,64295.55351900618,,,36713.96903056073,635,512,1734376
2023-12-12,2023-12-12,day,,48585.18071985317,,,18926.82403415098,626,722,1733806
2023-12-13,2023-12-13,day,,36465.14928026735,,,11077.318474050233,398,246,1732620
2023-12-14,2023-12-14,day,,32315.886069360462,,,7120.926800837573,362,766,1731228
2023-12-15,2023-12-15,day,,47353.22000689191,,,21408.649141925758,376,304,1730165
2023-12-16,2023-12-16,day,,24805.425058258563,,,3833.1722658608683,293,315,1729066
2023-12-17,2023-12-17,day,,31947.573509456426,,,3829.700898247332,515,714,1728065
2023-12-18,2023-12-18,day,,23114.95426976368,,,6813.257729849805,251,263,1726522
2023-12-19,2023-12-19,day,,25512.454298009103,,,4570.259164787112,312,313,1725693
2023-12-20,2023-12-20,day,,83879.98068072886,,,4509.88935888696,335,838,1724495
2023-12-21,2023-12-21,day,,40378.10220293519,,,8986.866966721222,405,501,1723240
2023-12-22,2023-12-22,day,,36820.35964829075,,,5416.159705681332,561,541,1722312
2023-12-23,2023-12-23,day,,61673.42849830913,,,29177.179715060305,1482,995,1722281
2023-12-24,2023-12-24,day,,43095.53799359157,,,6665.447692760924,1183,1236,1721916
2023-12-25,2023-12-25,day,,62080.99735677035,,,6494.016291597911,2328,2262,1722971
2023-12-26,2023-12-26,day,,62456.31556742944,,,4671.350406916041,2026,1334,1723632
2023-12-27,2023-12-27,day,,41682.939232060155,,,3510.701871545747,890,863,1723055
2023-12-28,2023-12-28,day,,35389.46858818411,,,2713.840205635222,492,610,1722344
2023-12-29,2023-12-29,day,,33320.34025118656,,,918.3230419131133,726,772,1721792
2023-12-30,2023-12-30,day,,60812.60055233781,,,5602.921485104451,1939,2235,1722641
2023-12-31,2023-12-31,day,,67011.92066355461,,,19069.844689374393,2459,1575,1724224
2024-01-01,2024-01-01,day,,61314.60635123843,,,2314.19988310206,3947,1532,1726641
2024-01-01,2024-12-31,year,4418.158236513653,13187120.940814855,8317.370955009688,25220928.75514971,,288181,264135,1728086
2024-01-02,2024-01-02,day,,37614.88913341345,,,1941.016825880053,1240,713,1726612
2024-01-03,2024-01-03,day,,44094.57151355164,,,4258.270465162797,1075,658,1725231
2024-01-04,2024-01-04,day,,44550.00390962257,,,3287.215406870699,1045,638,1724765
2024-01-05,2024-01-05,day,,56685.46726640008,,,14417.560767375555,1253,809,1724723
2024-01-06,2024-01-06,day,,43254.35405343801,,,3850.6708296047486,1664,598,1725161
2024-01-07,2024-01-07,day,,24125.686552514886,,,1929.063895971132,510,250,1724396
2024-01-08,2024-01-08,day,,27018.35077450424,,,3085.6699599188337,850,424,1724040
2024-01-09,2024-01-09,day,,52155.89896797859,,,9540.458537529888,1152,1424,1723724
2024-01-10,2024-01-10,day,,34516.33346459157,,,8560.723276087561,426,440,1723171
2024-01-11,2024-01-11,day,,44517.800993898425,,,6262.204079041871,654,591,1722404
2024-01-12,2024-01-12,day,,48963.60824123228,,,16669.423384712107,812,538,1722098
2024-01-13,2024-01-13,day,,39834.83260856862,,,2231.9422860407817,1293,848,1721776
2024-01-14,2024-01-14,day,,31335.785208749832,,,3900.1283814073972,468,1078,1721185
2024-01-15,2024-01-15,day,,48021.68732769133,,,9748.377223807802,842,700,1721820
2024-01-16,2024-01-16,day,,34902.88422021615,,,4029.607149734388,439,334,1720071
2024-01-17,2024-01-17,day,,26771.348751592206,,,3507.3187273341196,429,251,1718995
2024-01-18,2024-01-18,day,,55748.025588045944,,,26680.43433090376,528,518,1718249
2024-01-19,2024-01-19,day,,37111.650947366805,,,3025.397885596744,638,384,1717220
2024-01-20,2024-01-20,day,,51308.19322670868,,,3077.5891726399605,1834,1338,1717805
2024-01-21,2024-01-21,day,,60112.84412107516,,,4660.905738781955,3405,1232,1719712
2024-01-22,2024-01-22,day,,60124.056241633356,,,3794.0118902858458,1352,1074,1719658
2024-01-23,2024-01-23,day,,35810.59167927358,,,4279.369025146033,1784,791,1719982
2024-01-24,2024-01-24,day,,38669.35570888816,,,5343.309118473583,2144,737,1720818
2024-01-25,2024-01-25,day,,55008.52676069343,,,20408.083440556344,998,870,1720632
2024-01-26,2024-01-26,day,,22619.623030685867,,,1797.5222105726486,790,652,1719910
2024-01-27,2024-01-27,day,,46684.374224722415,,,1773.6705345335643,2258,1522,1720758
2024-01-28,2024-01-28,day,,47729.08917835106,,,6911.417696935282,2140,1160,1721750
2024-01-29,2024-01-29,day,,41203.58758377146,,,3154.804236058806,1902,945,1722201
2024-01-30,2024-01-30,day,,55613.51198691819,,,18992.756827748042,949,506,1721592
2024-01-31,2024-01-31,day,,26359.07582677405,,,5313.991070805999,974,258,1721329
2024-02-01,2024-02-01,day,,53920.367992997846,,,11386.81501520625,1053,521,1720150
2024-02-02,2024-02-02,day,,41738.28170380617,,,5454.495691830139,1598,687,1720052
2024-02-03,2024-02-03,day,,52970.621265638736,,,4940.634349760401,3107,524,1721959
2024-02-04,2024-02-04,day,,46270.853499930345,,,5100.84024869081,3730,973,1724631
2024-02-05,2024-02-05,day,,59605.821107336385,,,1758.8721152136693,3137,781,1726721
2024-02-06,2024-02-06,day,,54577.73063752631,,,2068.3741058815995,1017,423,1726445
2024-02-07,2024-02-07,day,,38865.09797353682,,,2278.86423057597,786,378,1725800
2024-02-08,2024-02-08,day,,44417.77751579384,,,7949.223697809889,491,603,1725312
2024-02-09,2024-02-09,day,,36426.577519986415,,,2135.640710155648,306,824,1724532
2024-02-10,2024-02-10,day,,42353.26348533527,,,5125.811104306292,955,430,1724128
2024-02-11,2024-02-11,day,,59107.668969023354,,,4611.074173171033,1980,596,1724731
2024-02-12,2024-02-12,day,,44641.68206325329,,,6165.341043799915,1624,566,1725088
2024-02-13,2024-02-13,day,,40105.56398991241,,,4012.6784296036303,1054,1151,1724864
2024-02-14,2024-02-14,day,,43136.880014593116,,,408.7685228110714,1737,494,1725272
2024-02-15,2024-02-15,day,,39736.02305737151,,,6022.960603452941,1013,530,1725636
2024-02-16,2024-02-16,day,,51146.392359153666,,,3416.25469175193,1224,659,1724936
2024-02-17,2024-02-17,day,,55181.9566252506,,,1282.5604581945863,3047,944,1726934
2024-02-18,2024-02-18,day,,52162.94709884932,,,13788.523504737366,2242,768,1728086
2024-02-19,2024-02-19,day,,54085.62726297284,,,20565.809951764237,626,700,1727391
2024-02-20,2024-02-20,day,,68410.31687278196,,,19177.634104244902,728,647,1726318
2024-02-21,2024-02-21,day,,92375.03886378658,,,52927.67234266705,607,376,1724838
2024-02-22,2024-02-22,day,,58077.74467908323,,,21911.186587909575,429,525,1724012
2024-02-23,2024-02-23,day,,47008.01130414716,,,17537.353985239817,618,396,1723626
2024-02-24,2024-02-24,day,,53624.083777373715,,,17581.93686727789,1751,556,1724185
2024-02-25,2024-02-25,day,,44969.70963807972,,,7414.692341598579,1819,645,1724991
2024-02-26,2024-02-26,day,,48523.02141826252,,,10097.359892153303,821,505,1724619
2024-02-27,2024-02-27,day,,64215.227701506024,,,22842.782336617835,416,808,1723826
2024-02-28,2024-02-28,day,,36243.77284939686,,,8299.486306348921,447,258,1723272
2024-02-29,2024-02-29,day,,47096.02747449372,,,14607.248644198708,279,263,1722053
2024-03-01,2024-03-01,day,,36445.46761544996,,,11949.308209211851,387,338,1721584
2024-03-02,2024-03-02,day,,44065.94218386476,,,4291.580117947691,486,301,1720812
2024-03-03,2024-03-03,day,,43869.55970510097,,,6455.940901587377,623,319,1720107
2024-03-04,2024-03-04,day,,52782.73082087238,,,24435.075269003835,255,294,1719255
2024-03-05,2024-03-05,day,,31105.20018530133,,,2637.1032336899348,162,229,1718185
2024-03-06,2024-03-06,day,,36560.379263339964,,,590.6549739865039,224,292,1716669
2024-03-07,2024-03-07,day,,26964.734611468983,,,3143.3362921724884,272,271,1715741
2024-03-08,2024-03-08,day,,39340.195140220705,,,4734.796002282657,264,308,1714761
2024-03-09,2024-03-09,day,,27149.65369449381,,,3269.846118087308,379,354,1714013
2024-03-10,2024-03-10,day,,42693.50386006557,,,7903.639501176646,306,450,1712624
2024-03-11,2024-03-11,day,,62302.90252650511,,,5456.891955131996,273,536,1711984
2024-03-12,2024-03-12,day,,38777.21926368576,,,8689.007541695779,254,791,1710673
2024-03-13,2024-03-13,day,,28070.714029551495,,,703.3345175187426,215,535,1709519
2024-03-14,2024-03-14,day,,28288.63698019255,,,1849.433393892702,300,776,1708849
2024-03-15,2024-03-15,day,,28731.617829349158,,,6219.629946708333,402,371,1708489
2024-03-16,2024-03-16,day,,67241.56278154856,,,1921.1535795672494,773,971,1707313
2024-03-17,2024-03-17,day,,54081.79790495263,,,1611.807560617177,1525,1275,1707392
2024-03-18,2024-03-18,day,,37861.479570068244,,,3266.6675088176466,930,1204,1707294
2024-03-19,2024-03-19,day,,23446.113510735813,,,1746.1050731220898,547,323,1706383
2024-03-20,2024-03-20,day,,27507.80828887606,,,3212.2658224067313,428,399,1704710
2024-03-21,2024-03-21,day,,46121.90008748125,,,2797.2598457170666,644,1267,1703370
2024-03-22,2024-03-22,day,,49596.64683147575,,,4781.435716608326,1053,1092,1702152
2024-03-23,2024-03-23,day,,62744.79534598702,,,3292.7004980091315,1974,1897,1702619
2024-03-24,2024-03-24,day,,76481.33245543328,,,17355.77325691753,2239,1475,1703393
2024-03-25,2024-03-25,day,,46238.223834585166,,,5875.177992843786,1289,996,1703199
2024-03-26,2024-03-26,day,,30863.30640573304,,,2075.6203763825183,568,491,1702425
2024-03-27,2024-03-27,day,,23758.688200881083,,,2990.5075518068884,419,261,1700946
2024-03-28,2024-03-28,day,,25415.24757961809,,,3684.0386377434334,548,415,1699728
2024-03-29,2024-03-29,day,,40986.2964555419,,,10370.808579518356,717,465,1699450
2024-03-30,2024-03-30,day,,65436.57072878971,,,33209.470849734396,1246,473,1699881
2024-03-31,2024-03-31,day,,46551.83856307477,,,1908.8950583348103,1347,1000,1700364
2024-04-01,2024-04-01,day,,40895.15912317684,,,3788.945854484185,1108,545,1700190
2024-04-02,2024-04-02,day,,17423.21059275517,,,1302.946807553751,610,297,1699072
2024-04-03,2024-04-03,day,,34886.96694860981,,,4484.082784553741,722,353,1698264
2024-04-04,2024-04-04,day,,33496.05600576925,,,1816.405745829051,880,754,1698115
2024-04-05,2024-04-05,day,,34431.41395603576,,,1062.5188231158731,1334,1244,1698696
2024-04-06,2024-04-06,day,,70586.64096366974,,,1599.8989948431445,2974,1926,1700591
2024-04-07,2024-04-07,day,,51070.163320135885,,,1263.9075515473658,1908,1401,1701403
2024-04-08,2024-04-08,day,,44337.45920237134,,,1161.3951018371072,1413,976,1701672
2024-04-09,2024-04-09,day,,29587.297934444257,,,823.1944191272347,396,445,1700789
2024-04-10,2024-04-10,day,,45262.399340423806,,,5206.536657548464,892,900,1700160
2024-04-11,2024-04-11,day,,45556.27898811697,,,3057.928757321332,901,1151,1699837
2024-04-12,2024-04-12,day,,29760.341838730703,,,1422.0637397997987,821,680,1699674
2024-04-13,2024-04-13,day,,29212.090164089866,,,556.551216437071,1263,766,1699981
2024-04-14,2024-04-14,day,,31578.89521140324,,,1175.736479271506,1350,1071,1700536
2024-04-15,2024-04-15,day,,46547.955715279444,,,1462.9651209923832,1759,1278,1701635
2024-04-16,2024-04-16,day,,52127.243099129715,,,3630.7136345770423,2266,2069,1701956
2024-04-17,2024-04-17,day,,91321.43128068479,,,1199.2432189569238,1318,866,1701657
2024-04-18,2024-04-18,day,,52139.43908074087,,,17049.593426101383,1669,711,1702265
2024-04-19,2024-04-19,day,,33221.55052723891,,,868.687315678264,1618,954,1702728
2024-04-20,2024-04-20,day,,66129.51724923331,,,759.6677197181799,3703,1767,1705414
2024-04-21,2024-04-21,day,,91433.2867402097,,,1307.354644045951,3949,2218,1708749
2024-04-22,2024-04-22,day,,65257.06536566343,,,1167.7449729988098,2466,1847,1709606
2024-04-23,2024-04-23,day,,33556.91666984965,,,2863.636690189236,1363,675,1709986
2024-04-24,2024-04-24,day,,53470.34648134533,,,1791.955084041068,874,786,1708884
2024-04-25,2024-04-25,day,,59362.48083744244,,,12427.812807957853,1358,815,1709230
2024-04-26,2024-04-26,day,,43373.11424895543,,,2017.412781451724,1741,1129,1712158
2024-04-27,2024-04-27,day,,45176.951299926375,,,995.7194769757394,2594,1397,1709453
2024-04-28,2024-04-28,day,,50193.5080968898,,,806.2860063763852,2528,1655,1706918
2024-04-29,2024-04-29,day,,50430.31195672033,,,547.8048308514565,1287,973,1705168
2024-04-30,2024-04-30,day,,55035.67883994242,,,514.3098850721495,639,1495,1701983
2024-05-01,2024-05-01,day,,27355.322794433363,,,3123.2381786227647,843,649,1703333
2024-05-02,2024-05-02,day,,25279.427446318634,,,507.3536804558222,1006,791,1693792
2024-05-03,2024-05-03,day,,35789.107730182564,,,658.2291955388823,948,992,1689346
2024-05-04,2024-05-04,day,,37213.89749849529,,,821.5305506767057,1206,1720,1674186
2024-05-05,2024-05-05,day,,38613.40800068,,,716.4514440543157,1612,1493,1671534
2024-05-06,2024-05-06,day,,32943.97519694237,,,453.7033439491612,1139,701,1669554
2024-05-07,2024-05-07,day,,62885.47689359289,,,24634.213082673923,1300,1116,1667529
2024-05-08,2024-05-08,day,,48447.3909124585,,,19696.8815726065,1646,792,1665344
2024-05-09,2024-05-09,day,,44493.23214234106,,,2331.891256867877,1686,1955,1663466
2024-05-10,2024-05-10,day,,55149.846027228545,,,3728.3213006372985,1372,2386,1664082
2024-05-11,2024-05-11,day,,27554.62750941792,,,2213.735000889201,1040,736,1663705
2024-05-12,2024-05-12,day,,46444.34884311346,,,11278.917007453872,1980,1673,1665383
2024-05-13,2024-05-13,day,,21636.86325002641,,,4495.373982392546,890,715,1665770
2024-05-14,2024-05-14,day,,25764.584361373345,,,2721.6663883218025,789,624,1665207
2024-05-15,2024-05-15,day,,25425.481524320272,,,1976.733093587887,975,694,1664547
2024-05-16,2024-05-16,day,,35997.02481278771,,,9467.592820837635,888,722,1663435
2024-05-17,2024-05-17,day,,74766.64474201665,,,9709.12468466402,792,811,1663111
2024-05-18,2024-05-18,day,,40532.06786970878,,,5339.074616907562,1072,1337,1662657
2024-05-19,2024-05-19,day,,34219.08256762737,,,1827.4944686195834,1186,1288,1661922
2024-05-20,2024-05-20,day,,30430.18473831771,,,4406.98664691074,682,651,1660908
2024-05-21,2024-05-21,day,,46049.721685268545,,,3418.569137437113,420,1113,1659382
2024-05-22,2024-05-22,day,,28207.628813753643,,,387.28342789922135,449,941,1657972
2024-05-23,2024-05-23,day,,32903.9309692925,,,2540.6090402401214,519,643,1657162
2024-05-24,2024-05-24,day,,48331.89530310343,,,3889.050449997727,565,540,1655589
2024-05-25,2024-05-25,day,,44575.76780532487,,,2526.4351879689843,950,931,1654300
2024-05-26,2024-05-26,day,,37343.505983489675,,,1907.3355873420296,1096,1137,1654151
2024-05-27,2024-05-27,day,,19245.64658782407,,,2104.392746627604,247,494,1652551
2024-05-28,2024-05-28,day,,32952.72220894884,,,13115.079222427898,334,377,1651398
2024-05-29,2024-05-29,day,,68913.31140293024,,,14393.617958684448,423,456,1649970
2024-05-30,2024-05-30,day,,48137.57802340536,,,21561.10495880372,422,451,1648880
2024-05-31,2024-05-31,day,,20976.724759235865,,,1995.2407271104034,472,561,1647739
2024-06-01,2024-06-01,day,,31459.856346797587,,,5554.158665148147,830,521,1647504
2024-06-02,2024-06-02,day,,26999.814304165688,,,2059.154781136978,662,461,1646963
2024-06-03,2024-06-03,day,,32431.627883287638,,,5759.163393288918,330,411,1646001
2024-06-04,2024-06-04,day,,60181.37198050444,,,1649.3481513205281,614,766,1645304
2024-06-05,2024-06-05,day,,29396.407685614457,,,1758.7917502576329,420,408,1644425
2024-06-06,2024-06-06,day,,26501.62724628485,,,821.3825685071151,297,619,1643872
2024-06-07,2024-06-07,day,,17658.785491311333,,,863.8258105024255,347,368,1642637
2024-06-08,2024-06-08,day,,44746.08551681846,,,19680.9244667119,806,731,1642479
2024-06-09,2024-06-09,day,,44706.24843642566,,,12878.477251719545,1132,1095,1641884
2024-06-10,2024-06-10,day,,39439.0930583093,,,1310.3462677609423,842,1000,1641927
2024-06-11,2024-06-11,day,,27733.914741313012,,,3459.670009770529,315,283,1640820
2024-06-12,2024-06-12,day,,28689.734333495402,,,11984.216734630047,380,274,1639592
2024-06-13,2024-06-13,day,,18301.917655029665,,,3413.223342807515,385,220,1638290
2024-06-14,2024-06-14,day,,31170.32911727872,,,7869.602896286628,395,493,1637105
2024-06-15,2024-06-15,day,,39267.56357638848,,,9986.787464898687,1019,812,1637057
2024-06-16,2024-06-16,day,,44360.78814210273,,,2173.6491671194667,1102,1378,1636312
2024-06-17,2024-06-17,day,,28945.557479101695,,,4379.813197650326,597,438,1634750
2024-06-18,2024-06-18,day,,18199.798517954558,,,815.9954604482091,405,300,1632830
2024-06-19,2024-06-19,day,,28415.568065428157,,,1116.9070016270414,584,421,1631221
2024-06-20,2024-06-20,day,,22311.79762696317,,,2324.719300216921,406,810,1629537
2024-06-21,2024-06-21,day,,42911.81416055735,,,8842.577431907643,621,678,1628412
2024-06-22,2024-06-22,day,,34575.084271583946,,,2044.8729339637764,1311,1131,1628146
2024-06-23,2024-06-23,day,,56765.14171018467,,,13754.167121474167,1581,1072,1628188
2024-06-24,2024-06-24,day,,26114.91804540301,,,1647.2102686792641,697,535,1627334
2024-06-25,2024-06-25,day,,30095.725186766977,,,4678.4653772230295,537,613,1624993
2024-06-26,2024-06-26,day,,29389.934478823692,,,1258.0972514245652,757,900,1623448
2024-06-27,2024-06-27,day,,24926.445810446625,,,1824.9731169709498,382,656,1620896
2024-06-28,2024-06-28,day,,40062.456879608464,,,13350.570169872582,618,659,1619969
2024-06-29,2024-06-29,day,,27341.85509341309,,,2398.108539975071,943,785,1619481
2024-06-30,2024-06-30,day,,27560.444303396685,,,3131.0172573637647,816,1043,1619333
2024-07-01,2024-07-01,day,,43069.59498469749,,,933.8563363551496,545,772,1617680
2024-07-02,2024-07-02,day,,24365.953767730887,,,3690.246810330242,556,656,1616322
2024-07-03,2024-07-03,day,,31545.404570882936,,,13652.810353146922,386,388,1613030
2024-07-04,2024-07-04,day,,19947.358854973456,,,1882.853618619835,417,855,1609713
2024-07-05,2024-07-05,day,,13273.62653156827,,,760.4061561989497,326,247,1606680
2024-07-06,2024-07-06,day,,19927.61188003083,,,636.1122196624295,666,673,1604340
2024-07-07,2024-07-07,day,,41422.69208376976,,,11519.272506819772,1063,1131,1603292
2024-07-08,2024-07-08,day,,23462.34016355678,,,1217.5847162376679,714,805,1601380
2024-07-09,2024-07-09,day,,38021.3138274773,,,4599.606625336536,619,628,1599723
2024-07-10,2024-07-10,day,,20506.37633450776,,,2695.428944010972,395,409,1597405
2024-07-11,2024-07-11,day,,31886.01165317881,,,13523.387812406514,390,455,1596024
2024-07-12,2024-07-12,day,,30837.99742266118,,,4343.618371659849,530,2098,1594804
2024-07-13,2024-07-13,day,,23303.647626631686,,,2253.790252397909,690,851,1593632
2024-07-14,2024-07-14,day,,27660.540719609828,,,10612.47662531637,599,569,1592465
2024-07-15,2024-07-15,day,,22054.01537471016,,,2210.1781580305783,389,371,1590309
2024-07-16,2024-07-16,day,,61361.86697567183,,,461.4556703055716,337,1246,1588367
2024-07-17,2024-07-17,day,,32669.606387491793,,,1165.9358150370813,359,650,1586773
2024-07-18,2024-07-18,day,,36067.88500650876,,,1953.9624876536443,312,1021,1585912
2024-07-19,2024-07-19,day,,29555.231723478068,,,992.832718241604,473,623,1584277
2024-07-20,2024-07-20,day,,33728.64094140297,,,813.9698428542579,491,987,1582618
2024-07-21,2024-07-21,day,,39935.109662775074,,,11065.543600146555,478,967,1580422
2024-07-22,2024-07-22,day,,36295.5476242279,,,728.2138544193272,350,1002,1578039
2024-07-23,2024-07-23,day,,42190.058129567515,,,9681.245001696365,434,770,1575713
2024-07-24,2024-07-24,day,,25791.79604894769,,,1270.2375172828533,430,796,1573832
2024-07-25,2024-07-25,day,,26559.830481304958,,,1183.4556704552995,357,842,1571444
2024-07-26,2024-07-26,day,,23807.56398094767,,,3403.7234096300185,670,787,1570719
2024-07-27,2024-07-27,day,,24762.528062939207,,,1371.0807505596101,413,1033,1568928
2024-07-28,2024-07-28,day,,20726.456752667502,,,1609.7025509845917,457,747,1567507
2024-07-29,2024-07-29,day,,20899.530288036658,,,1131.6872438239095,415,897,1565869
2024-07-30,2024-07-30,day,,58266.240315339885,,,35448.974442907456,335,770,1563912
2024-07-31,2024-07-31,day,,27592.636271837513,,,2203.677695147586,401,1185,1561861
2024-08-01,2024-08-01,day,,29471.334380276632,,,6288.72829284393,290,954,1559970
2024-08-02,2024-08-02,day,,20877.132640533422,,,3025.132796422709,404,659,1557881
2024-08-03,2024-08-03,day,,21699.103295071352,,,8208.834132120544,404,577,1555671
2024-08-04,2024-08-04,day,,17992.20847281966,,,2215.5903296372335,376,768,1553842
2024-08-05,2024-08-05,day,,26481.456298989844,,,13932.264160470273,145,121,1551517
2024-08-06,2024-08-06,day,,19416.966969925707,,,5265.612938146077,377,454,1549371
2024-08-07,2024-08-07,day,,15415.63495886642,,,2014.2054352112946,424,548,1547145
2024-08-08,2024-08-08,day,,30646.552626408728,,,10157.880080483053,304,587,1545715
2024-08-09,2024-08-09,day,,21709.985186325073,,,5876.44099035951,341,523,1544259
2024-08-10,2024-08-10,day,,21486.20450337384,,,5926.874889655526,422,782,1543120
2024-08-11,2024-08-11,day,,33672.97310377972,,,8306.504358319678,440,623,1542066
2024-08-12,2024-08-12,day,,43089.60145627101,,,18280.21868842611,509,434,1540442
2024-08-13,2024-08-13,day,,61754.396391529495,,,31848.893929217105,884,382,1539288
2024-08-14,2024-08-14,day,,105570.15139014757,,,59249.01919755622,1165,1074,1538194
2024-08-15,2024-08-15,day,,35350.26934829119,,,21265.84790104254,522,339,1537138
2024-08-16,2024-08-16,day,,64120.85160534316,,,40638.48159994125,954,528,1536493
2024-08-17,2024-08-17,day,,52754.03188678561,,,28223.72160700935,731,955,1534981
2024-08-18,2024-08-18,day,,56653.35487769066,,,21518.013878795275,760,1314,1533896
2024-08-19,2024-08-19,day,,43643.491928755204,,,23456.883394093442,643,1058,1531870
2024-08-20,2024-08-20,day,,46855.75340432609,,,24597.209455552907,809,515,1530188
2024-08-21,2024-08-21,day,,32377.586561925462,,,10373.481341286373,973,851,1528810
2024-08-22,2024-08-22,day,,28182.421333792623,,,4913.382287963958,754,649,1527063
2024-08-23,2024-08-23,day,,36811.387482986356,,,3805.4794528556677,709,1254,1526161
2024-08-24,2024-08-24,day,,21133.574910205414,,,886.9851389675116,670,386,1524712
2024-08-25,2024-08-25,day,,20148.09053823498,,,1622.440255334392,719,759,1523397
2024-08-26,2024-08-26,day,,28975.697610178642,,,711.0518276239566,741,802,1521725
2024-08-27,2024-08-27,day,,27934.203974674205,,,417.8378688729865,931,712,1520319
2024-08-28,2024-08-28,day,,15487.715557973763,,,1133.1121037536614,700,564,1519166
2024-08-29,2024-08-29,day,,27212.16217722055,,,3736.61693583995,933,788,1518649
2024-08-30,2024-08-30,day,,16892.529434483382,,,373.3511890860457,1128,582,1518279
2024-08-31,2024-08-31,day,,24215.20250273703,,,6211.501579314211,1040,650,1517283
2024-09-01,2024-09-01,day,,17455.726433760945,,,1415.5359051225457,867,802,1516421
2024-09-02,2024-09-02,day,,18753.394912601543,,,1774.8208168891692,422,517,1515103
2024-09-03,2024-09-03,day,,28424.72417265889,,,2340.741039332272,592,644,1513165
2024-09-04,2024-09-04,day,,11573.847799557108,,,1520.54648487051,452,384,1511699
2024-09-05,2024-09-05,day,,12196.33540561535,,,1129.2849954785243,458,267,1510226
2024-09-06,2024-09-06,day,,23736.47651464688,,,5810.689992849341,411,355,1508529
2024-09-07,2024-09-07,day,,14849.073217780082,,,1215.2073036955192,527,714,1506927
2024-09-08,2024-09-08,day,,26746.319928719364,,,9745.44007585147,593,851,1505963
2024-09-09,2024-09-09,day,,18222.077639906172,,,3384.6588690364924,485,466,1504601
2024-09-10,2024-09-10,day,,27638.000306783117,,,569.6487065060978,561,903,1502800
2024-09-11,2024-09-11,day,,45716.60718571924,,,13460.548549519543,726,863,1501614
2024-09-12,2024-09-12,day,,28322.023416630233,,,3765.740018153366,538,802,1500278
2024-09-13,2024-09-13,day,,18708.66520883188,,,1701.6552395480596,556,631,1499683
2024-09-14,2024-09-14,day,,22788.800652525057,,,1744.943395358295,673,656,1498439
2024-09-15,2024-09-15,day,,24793.21106457237,,,4934.937796559706,807,594,1497480
2024-09-16,2024-09-16,day,,22454.016690809556,,,5206.526634573679,434,544,1496085
2024-09-17,2024-09-17,day,,27883.64944032791,,,4611.484920444464,469,512,1494359
2024-09-18,2024-09-18,day,,16356.542436556882,,,1403.744364495808,377,351,1492773
2024-09-19,2024-09-19,day,,20010.215659800433,,,2219.203919560069,287,352,1491255
2024-09-20,2024-09-20,day,,16261.737273268027,,,725.656828275596,358,511,1489971
2024-09-21,2024-09-21,day,,17813.455014561277,,,513.0205570036009,358,361,1488406
2024-09-22,2024-09-22,day,,34658.039973115156,,,5330.011382632669,479,717,1486713
2024-09-23,2024-09-23,day,,22292.377556130035,,,3772.4366450658586,327,440,1485288
2024-09-24,2024-09-24,day,,42787.75443608489,,,23247.010562472195,321,246,1483891
2024-09-25,2024-09-25,day,,19773.92465802053,,,2079.832407700491,307,391,1482302
2024-09-26,2024-09-26,day,,29754.81013895594,,,6451.654285689235,356,459,1480870
2024-09-27,2024-09-27,day,,28232.99370017481,,,6590.73875244983,356,532,1479238
2024-09-28,2024-09-28,day,,56079.36638126801,,,23359.34911502357,992,1602,1478200
2024-09-29,2024-09-29,day,,35404.07148826615,,,8691.117465383068,668,674,1475939
2024-09-30,2024-09-30,day,,50164.14899896595,,,15432.088878688293,812,1317,1474114
2024-10-01,2024-10-01,day,,19576.065971053482,,,3584.025678921367,396,315,1471403
2024-10-02,2024-10-02,day,,25666.037035657984,,,4266.183849239251,735,769,1469538
2024-10-03,2024-10-03,day,,37260.02705926568,,,10679.3138119226,702,1086,1467703
2024-10-04,2024-10-04,day,,22704.574424742477,,,3442.6847682935877,591,470,1466328
2024-10-05,2024-10-05,day,,26867.74185908743,,,7938.232016524418,746,437,1464536
2024-10-06,2024-10-06,day,,17695.85627985982,,,2158.251402000159,519,448,1462868
2024-10-07,2024-10-07,day,,20128.94847261199,,,2035.9189444332014,350,521,1460355
2024-10-08,2024-10-08,day,,30671.384100911782,,,7585.357319011753,418,302,1457812
2024-10-09,2024-10-09,day,,28983.204384302233,,,2085.5507241623154,325,716,1455608
2024-10-10,2024-10-10,day,,40413.88820092185,,,2868.6033311810165,543,468,1453947
2024-10-11,2024-10-11,day,,18444.63132213991,,,3304.273010846076,474,578,1452735
2024-10-12,2024-10-12,day,,27416.108942947885,,,7093.132038879195,632,566,1451645
2024-10-13,2024-10-13,day,,17005.69461335916,,,1803.3265496291262,350,546,1449922
2024-10-14,2024-10-14,day,,26678.77599823689,,,2404.4168313916653,379,602,1448149
2024-10-15,2024-10-15,day,,26828.258728558452,,,3072.1886590500644,278,344,1446318
2024-10-16,2024-10-16,day,,34268.86507853819,,,6900.232672373933,366,922,1444715
2024-10-17,2024-10-17,day,,15504.990254204848,,,1555.1509937532142,243,477,1442504
2024-10-18,2024-10-18,day,,20360.291367567173,,,3178.0800524231286,211,420,1440816
2024-10-19,2024-10-19,day,,17207.165958811882,,,3781.663186695376,403,494,1438865
2024-10-20,2024-10-20,day,,30369.414399314304,,,8351.443673149559,366,832,1438042
2024-10-21,2024-10-21,day,,23780.603478835274,,,2512.558665946233,403,726,1436067
2024-10-22,2024-10-22,day,,27123.027486555227,,,1483.8233208915476,474,517,1434689
2024-10-23,2024-10-23,day,,18938.18923686146,,,1733.9544337601951,457,484,1433651
2024-10-24,2024-10-24,day,,16360.579848367173,,,2563.2742985299565,333,332,1433049
2024-10-25,2024-10-25,day,,19489.931405534528,,,1392.5934511376222,391,522,1432342
2024-10-26,2024-10-26,day,,19475.199408984303,,,2404.7635087984117,516,452,1431887
2024-10-27,2024-10-27,day,,10795.518782104906,,,726.5675484673912,583,377,1431201
2024-10-28,2024-10-28,day,,15733.717931294786,,,1195.147348857462,298,335,1429880
2024-10-29,2024-10-29,day,,13280.66867401017,,,2684.7970400975473,329,242,1428727
2024-10-30,2024-10-30,day,,13833.560582953934,,,725.277563132088,254,325,1427700
2024-10-31,2024-10-31,day,,27329.31093915209,,,1270.978272596014,264,488,1427049
2024-11-01,2024-11-01,day,,13744.455293519484,,,559.0138958335665,303,412,1426240
2024-11-02,2024-11-02,day,,20299.077853702533,,,1828.5973993913278,412,735,1425277
2024-11-03,2024-11-03,day,,14329.027406364803,,,1511.837212151029,416,430,1424590
2024-11-04,2024-11-04,day,,23562.174463503907,,,1098.0993833643063,297,511,1423548
2024-11-05,2024-11-05,day,,17347.600728659647,,,6019.357479944721,369,412,1422907
2024-11-06,2024-11-06,day,,9314.068902888397,,,857.760850042203,113,171,1422192
2024-11-07,2024-11-07,day,,37963.95872993237,,,2054.0197751097426,189,574,1421212
2024-11-08,2024-11-08,day,,29507.686150251397,,,2441.1089994115887,278,560,1420459
2024-11-09,2024-11-09,day,,43002.426493619525,,,2788.0097073431457,346,582,1419952
2024-11-10,2024-11-10,day,,35531.04438390597,,,2169.5695811822056,244,795,1419087
2024-11-11,2024-11-11,day,,29174.68608849386,,,1063.158044571719,274,384,1417779
2024-11-12,2024-11-12,day,,45588.25719889569,,,13500.614538463184,184,383,1416633
2024-11-13,2024-11-13,day,,28535.21325495392,,,1574.1922321584398,190,275,1416004
2024-11-14,2024-11-14,day,,17938.851743153074,,,854.5419688768686,171,299,1415002
2024-11-15,2024-11-15,day,,26209.49550457407,,,1511.012809478525,269,742,1414275
2024-11-16,2024-11-16,day,,55246.481223747476,,,38174.24409534087,278,469,1413565
2024-11-17,2024-11-17,day,,20764.55837373789,,,3688.2657238062297,288,722,1413009
2024-11-18,2024-11-18,day,,19688.295436522676,,,1838.5411932608122,371,385,1412140
2024-11-19,2024-11-19,day,,50147.61865768605,,,28398.06163449785,236,456,1410626
2024-11-20,2024-11-20,day,,35599.99775545304,,,4760.192933382943,332,591,1409778
2024-11-21,2024-11-21,day,,23358.62331755712,,,1104.9006838753028,212,810,1409127
2024-11-22,2024-11-22,day,,31856.34305211345,,,12623.45648724079,263,449,1408541
2024-11-23,2024-11-23,day,,20896.847845869634,,,2802.484671640432,310,316,1407868
2024-11-24,2024-11-24,day,,25222.79943250611,,,9983.467224174412,323,455,1407278
2024-11-25,2024-11-25,day,,18076.209939193275,,,1181.8920780298604,243,482,1406705
2024-11-26,2024-11-26,day,,21305.61963689933,,,5667.1693455961695,295,726,1405853
2024-11-27,2024-11-27,day,,23809.71923382064,,,979.8227958419735,284,337,1404992
2024-11-28,2024-11-28,day,,22568.32967371682,,,3432.0540114739188,357,301,1404510
2024-11-29,2024-11-29,day,,26718.363447402968,,,3193.6996153527502,334,515,1403887
2024-11-30,2024-11-30,day,,63810.64389004332,,,1846.7656815875391,494,1178,1403529
2024-12-01,2024-12-01,day,,59992.81343628294,,,5353.584231376408,480,1046,1403046
2024-12-02,2024-12-02,day,,44380.808133518905,,,10370.990003418412,390,557,1402725
2024-12-03,2024-12-03,day,,31117.262142718413,,,964.1895000158287,272,431,1401637
2024-12-04,2024-12-04,day,,28752.490733775434,,,1969.9767149393058,195,583,1400454
2024-12-05,2024-12-05,day,,43824.413854882274,,,11680.784474695143,317,905,1400001
2024-12-06,2024-12-06,day,,40318.914886028244,,,16594.422708181737,301,386,1399585
2024-12-07,2024-12-07,day,,42194.252178352785,,,6007.28223399249,370,1027,1399080
2024-12-08,2024-12-08,day,,36315.89653077899,,,6770.659657843112,470,879,1398784
2024-12-09,2024-12-09,day,,30897.268463476736,,,7991.909298510338,234,410,1398080
2024-12-10,2024-12-10,day,,26350.324827403412,,,12180.76785958351,285,247,1396936
2024-12-11,2024-12-11,day,,31700.480216093296,,,2818.1101220767473,291,856,1396028
2024-12-12,2024-12-12,day,,37029.056829203924,,,13661.858638512573,255,437,1395055
2024-12-13,2024-12-13,day,,21293.227620797108,,,1620.9837913272681,355,514,1394055
2024-12-14,2024-12-14,day,,98367.4952135425,,,57824.757724812975,946,1360,1394207
2024-12-15,2024-12-15,day,,47466.37395705266,,,7039.1912139573005,2174,1428,1395342
2024-12-16,2024-12-16,day,,47961.34275046162,,,7740.419055895847,844,813,1395597
2024-12-17,2024-12-17,day,,21768.339225216827,,,4557.086821185151,412,408,1394579
2024-12-18,2024-12-18,day,,40571.67042065662,,,18043.27806804942,428,498,1394339
2024-12-19,2024-12-19,day,,43775.21704148268,,,15412.550350712658,542,798,1393654
2024-12-20,2024-12-20,day,,27016.943543614434,,,3311.6756073764323,299,316,1392654
2024-12-21,2024-12-21,day,,28173.527636714443,,,1885.940364117229,684,1063,1392082
2024-12-22,2024-12-22,day,,29513.69395191904,,,1921.747816144033,1052,943,1392167
2024-12-23,2024-12-23,day,,28587.937980692186,,,2157.9979106614605,854,719,1391184
2024-12-24,2024-12-24,day,,32029.41245871517,,,8216.477319036492,699,577,1390729
2024-12-25,2024-12-25,day,,31216.409254027458,,,3396.5940455192517,956,1048,1390052
2024-12-26,2024-12-26,day,,31536.206426277564,,,5426.002416035357,514,865,1388319
2024-12-27,2024-12-27,day,,32395.259381901637,,,12400.987182596842,699,754,1387705
2024-12-28,2024-12-28,day,,21170.582282357464,,,1573.4913612180037,843,841,1387540
2024-12-29,2024-12-29,day,,30487.459756668602,,,2380.354607711131,1125,1243,1387975
2024-12-30,2024-12-30,day,,32738.40105730726,,,2150.281644029116,1209,899,1387765
2024-12-31,2024-12-31,day,,45127.245270585845,,,18316.092849922785,644,805,1387406
2025-01-01,2025-01-01,day,,17813.096532684165,,,3062.8538218416334,487,496,1383930
2025-01-01,2025-01-31,month,304.25541269007726,1012586.0226051691,559.1954640273066,1860442.0320255838,,15855,20615,
2025-01-01,2025-12-31,year,3248.411956828651,9869387.592576241,5695.52364441296,17480649.00153062,,211425,285835,1383930
2025-01-02,2025-01-02,day,,15323.866277190169,,,721.192068037536,210,455,1382243
2025-01-03,2025-01-03,day,,48407.77898649143,,,1775.0168814737676,487,751,1382720
2025-01-04,2025-01-04,day,,37114.82515530147,,,3856.523500354538,402,865,1379484
2025-01-05,2025-01-05,day,,28444.854966283252,,,2204.199767700431,620,443,1379147
2025-01-06,2025-01-06,day,,24473.536713412566,,,6488.972353691193,254,380,1377803
2025-01-07,2025-01-07,day,,38805.63698377423,,,3723.8155218827546,385,513,1377277
2025-01-08,2025-01-08,day,,45427.03551698118,,,26088.97213183735,459,528,1376750
2025-01-09,2025-01-09,day,,28765.556871966677,,,12635.967157504469,467,510,1375781
2025-01-10,2025-01-10,day,,25299.509813506207,,,6588.793613635147,615,530,1375767
2025-01-11,2025-01-11,day,,31332.613214436504,,,1820.183436126078,1108,1263,1375941
2025-01-12,2025-01-12,day,,39291.749473955504,,,1307.9336967916636,1664,1715,1376584
2025-01-13,2025-01-13,day,,20895.56681699606,,,2925.996147787195,538,665,1375956
2025-01-14,2025-01-14,day,,17915.832967849972,,,2249.193989449139,575,378,1376018
2025-01-15,2025-01-15,day,,36857.313509159125,,,14903.124668392236,443,589,1375296
2025-01-16,2025-01-16,day,,29122.995460905055,,,3088.7001123928167,450,714,1374665
2025-01-17,2025-01-17,day,,17193.638167107627,,,1042.030324544284,327,342,1373783
2025-01-18,2025-01-18,day,,38871.422443927826,,,29436.09462272783,200,377,1372847
2025-01-19,2025-01-19,day,,19730.568462198207,,,8222.348761347796,107,126,1372200
2025-01-20,2025-01-20,day,,35051.50699551652,,,6476.68359599175,352,240,1371017
2025-01-21,2025-01-21,day,,42840.72086304797,,,6492.994227655026,443,750,1368638
2025-01-22,2025-01-22,day,,44717.8113247281,,,7435.6199191093665,528,913,1368113
2025-01-23,2025-01-23,day,,37130.646469441235,,,4032.715918370284,573,1180,1367009
2025-01-24,2025-01-24,day,,34069.20074822648,,,1338.783703788742,440,711,1365383
2025-01-25,2025-01-25,day,,55817.11999207449,,,24635.38000918534,461,681,1364635
2025-01-26,2025-01-26,day,,30901.51098506344,,,2520.076669713265,579,1350,1364154
2025-01-27,2025-01-27,day,,27926.210548451825,,,8035.154723916892,305,395,1362467
2025-01-28,2025-01-28,day,,34881.24452281203,,,14488.475023666762,535,366,1361118
2025-01-29,2025-01-29,day,,39792.5648432549,,,8673.634010953096,696,903,1359748
2025-01-30,2025-01-30,day,,29093.288555583375,,,8058.698637969757,621,705,1359173
2025-01-31,2025-01-31,day,,39276.798422841595,,,11663.839863522491,524,781,1358582
2025-02-01,2025-02-01,day,,26779.505406746357,,,4801.370689193102,703,1053,1357949
2025-02-01,2025-02-28,month,286.9230316196255,767561.7271361046,488.6893863969186,1313825.4452334165,,22643,18382,
2025-02-02,2025-02-02,day,,21856.602435357705,,,2039.795395009514,369,538,1356534
2025-02-03,2025-02-03,day,,21633.842756559647,,,8364.294395230718,155,338,1356324
2025-02-04,2025-02-04,day,,37583.39447837635,,,5910.852355324783,546,766,1351753
2025-02-05,2025-02-05,day,,23284.084023885116,,,1752.2159003279303,1022,775,1350079
2025-02-06,2025-02-06,day,,33139.76677145168,,,3246.205170371885,1085,787,1349889
2025-02-07,2025-02-07,day,,31927.264892743162,,,4878.67683446376,1160,891,1350022
2025-02-08,2025-02-08,day,,37663.208588088055,,,9259.551152931057,1152,703,1350271
2025-02-09,2025-02-09,day,,25014.163554152765,,,2485.512473130621,1100,1078,1350368
2025-02-10,2025-02-10,day,,39517.55359240504,,,2656.026239341586,859,1103,1350058
2025-02-11,2025-02-11,day,,20839.666178194602,,,2396.8886516080215,668,626,1349104
2025-02-12,2025-02-12,day,,34610.03590263234,,,16102.412492980488,1230,542,1348453
2025-02-13,2025-02-13,day,,20298.5484575501,,,981.0926247784382,1343,1004,1348301
2025-02-14,2025-02-14,day,,31623.092102645227,,,9840.185953433436,1156,598,1347689
2025-02-15,2025-02-15,day,,18434.97454385079,,,2110.11514244805,1059,585,1347530
2025-02-16,2025-02-16,day,,31625.139992286822,,,4649.014756176969,839,542,1347243
2025-02-17,2025-02-17,day,,17052.95109028735,,,495.1732175408784,551,517,1345199
2025-02-18,2025-02-18,day,,30893.45279811663,,,4594.457943789572,1123,535,1344231
2025-02-19,2025-02-19,day,,25772.289499355556,,,2022.5567077689877,765,970,1343949
2025-02-20,2025-02-20,day,,21831.66242936814,,,2280.6508030120362,605,696,1343658
2025-02-21,2025-02-21,day,,18615.67803406323,,,1244.71318158126,644,676,1343177
2025-02-22,2025-02-22,day,,47702.315440185936,,,27741.709411286574,685,467,1342925
2025-02-23,2025-02-23,day,,18879.11728722923,,,8136.084667392824,592,269,1342522
2025-02-24,2025-02-24,day,,31176.71185785301,,,12251.879694217569,593,399,1341531
2025-02-25,2025-02-25,day,,19758.467393462386,,,5580.4803165205985,460,419,1340183
2025-02-26,2025-02-26,day,,27318.947966033797,,,8155.745619681647,734,585,1339861
2025-02-27,2025-02-27,day,,32724.120185980573,,,4628.5435289568995,800,662,1340186
2025-02-28,2025-02-28,day,,20005.16947724308,,,5056.83614675171,645,258,1339583
2025-03-01,2025-03-01,day,,27066.198834321764,,,607.8197743218391,720,743,1339555
2025-03-01,2025-03-31,month,285.8075796438392,582030.3651820818,499.8339270776843,1012886.8143580303,,15377,19573,
2025-03-02,2025-03-02,day,,17736.014608351597,,,3244.028286423721,642,433,1339801
2025-03-03,2025-03-03,day,,28091.373587613445,,,2618.0642076080753,883,466,1339264
2025-03-04,2025-03-04,day,,11960.647263754172,,,889.2594483116744,541,356,1338772
2025-03-05,2025-03-05,day,,22868.4034905581,,,5847.75668961787,567,661,1340663
2025-03-06,2025-03-06,day,,18594.389723182205,,,587.9976758515309,809,461,1338632
2025-03-07,2025-03-07,day,,26731.782686422473,,,10640.874560377462,646,357,1338300
2025-03-08,2025-03-08,day,,42062.10563693262,,,584.8856426007578,592,765,1337906
2025-03-09,2025-03-09,day,,13639.697575260236,,,1357.9512469218612,628,448,1337660
2025-03-10,2025-03-10,day,,16380.742263669204,,,828.4596971859395,471,441,1337464
2025-03-11,2025-03-11,day,,14292.670957042392,,,4169.531765749974,439,284,1337201
2025-03-12,2025-03-12,day,,16687.120437202186,,,403.799736178919,451,940,1336929
2025-03-13,2025-03-13,day,,17760.117868032125,,,2511.778502642251,453,676,1336210
2025-03-14,2025-03-14,day,,13971.176024993814,,,1920.9737642201399,374,484,1335177
2025-03-15,2025-03-15,day,,20383.224275742516,,,4055.687685781739,370,755,1334133
2025-03-16,2025-03-16,day,,20768.121041401133,,,3209.8988633197087,380,697,1333013
2025-03-17,2025-03-17,day,,20933.66088384847,,,6375.29231445646,406,635,1332237
2025-03-18,2025-03-18,day,,15192.809325016118,,,922.0158215185774,507,747,1331154
2025-03-19,2025-03-19,day,,20603.803583427947,,,648.4404958908376,374,903,1330371
2025-03-20,2025-03-20,day,,12661.06008157298,,,1542.7092934070401,431,442,1329721
2025-03-21,2025-03-21,day,,12695.557326008773,,,1605.2694052759107,370,322,1328532
2025-03-22,2025-03-22,day,,14356.391247205782,,,1616.2127076636066,399,655,1327456
2025-03-23,2025-03-23,day,,11174.28319912364,,,710.4782545876313,374,348,1326408
2025-03-24,2025-03-24,day,,46815.097483187645,,,3662.7229832874355,477,734,1324938
2025-03-25,2025-03-25,day,,21784.70871769439,,,1400.1309952810725,430,493,1323194
2025-03-26,2025-03-26,day,,10885.389007923974,,,522.8868200462069,417,363,1322078
2025-03-27,2025-03-27,day,,11880.524208744739,,,1775.0535320535614,444,556,1321450
2025-03-28,2025-03-28,day,,12210.45924518347,,,817.649943725735,436,2671,1320593
2025-03-29,2025-03-29,day,,11527.01839980962,,,1517.680247492333,413,808,1319961
2025-03-30,2025-03-30,day,,12339.635029872572,,,2913.025263449374,479,281,1319680
2025-03-31,2025-03-31,day,,17976.181168981788,,,1824.817447365777,454,648,1318795
2025-04-01,2025-04-01,day,,21973.132236574125,,,3885.8019007080193,372,658,1317706
2025-04-01,2025-04-30,month,334.9638758296582,564621.5532549293,489.1903953576901,826586.2181558247,,11301,17800,
2025-04-02,2025-04-02,day,,13933.843205762158,,,1276.6353153237847,409,652,1317280
2025-04-03,2025-04-03,day,,15854.050895782286,,,720.0862400007144,367,416,1315735
2025-04-04,2025-04-04,day,,9707.132941230571,,,618.2150761394204,321,535,1314935
2025-04-05,2025-04-05,day,,21768.596673345874,,,9082.996015425606,494,544,1316545
2025-04-06,2025-04-06,day,,9525.71289417323,,,2841.284159093211,251,167,1313474
2025-04-07,2025-04-07,day,,7969.075198946713,,,622.0675463736493,239,425,1311245
2025-04-08,2025-04-08,day,,10880.172781468124,,,688.3623026319289,387,377,1309931
2025-04-09,2025-04-09,day,,7654.3126806842065,,,959.4947804131333,271,429,1308593
2025-04-10,2025-04-10,day,,15136.386132975733,,,123.47368376607604,354,406,1307932
2025-04-11,2025-04-11,day,,8107.081176345601,,,492.30141934417827,315,429,1306943
2025-04-12,2025-04-12,day,,7979.1144979621795,,,341.0937456756062,364,229,1306160
2025-04-13,2025-04-13,day,,11193.817030379065,,,846.9226604151626,292,550,1305631
2025-04-14,2025-04-14,day,,87307.067167188,,,3489.851784089854,309,1072,1304756
2025-04-15,2025-04-15,day,,28280.7817407387,,,7085.437759893559,389,718,1303856
2025-04-16,2025-04-16,day,,16864.456563767937,,,1857.8823336398164,332,836,1302678
2025-04-17,2025-04-17,day,,28810.78904510132,,,15126.386568882956,345,556,1300707
2025-04-18,2025-04-18,day,,13505.277987439134,,,3232.531747556994,416,428,1299289
2025-04-19,2025-04-19,day,,9996.488606303881,,,2286.7936062796252,317,469,1297940
2025-04-20,2025-04-20,day,,43152.323100553345,,,2802.9218300727607,347,629,1296778
2025-04-21,2025-04-21,day,,13999.957297946716,,,2325.7651841658335,515,751,1294904
2025-04-22,2025-04-22,day,,29190.134328883072,,,11288.790128350449,393,600,1292059
2025-04-23,2025-04-23,day,,14237.375310395717,,,673.4746273354988,334,642,1290414
2025-04-24,2025-04-24,day,,22881.74291856345,,,649.361290440906,400,861,1289044
2025-04-25,2025-04-25,day,,17127.709019727223,,,2049.31764969754,309,1228,1287708
2025-04-26,2025-04-26,day,,14182.637844435674,,,472.6553229969416,548,551,1287176
2025-04-27,2025-04-27,day,,18274.038324808425,,,1154.050421227732,516,604,1283771
2025-04-28,2025-04-28,day,,18909.77407301799,,,546.7220783717962,441,669,1280188
2025-04-29,2025-04-29,day,,15848.373462608859,,,1663.613905586386,497,820,1276445
2025-04-30,2025-04-30,day,,10370.19811782002,,,198.44235926625265,457,549,1273981
2025-05-01,2025-05-01,day,,20389.79147552657,,,1027.0379937710925,442,882,1273180
2025-05-01,2025-05-31,month,295.08225289532385,696325.662003353,481.2975132288105,1133248.8676117975,,11360,24309,
2025-05-02,2025-05-02,day,,28241.324207950805,,,7665.754545340569,365,1273,1267953
2025-05-03,2025-05-03,day,,18411.820915076292,,,6966.645976517035,298,2805,1263157
2025-05-04,2025-05-04,day,,10059.063157207056,,,1890.946223827972,359,277,1255981
2025-05-05,2025-05-05,day,,17621.522021013043,,,3673.625082460408,344,544,1249149
2025-05-06,2025-05-06,day,,14069.486605123915,,,1454.6672509318023,482,402,1247708
2025-05-07,2025-05-07,day,,16318.035327202326,,,3047.636568881392,486,1166,1243760
2025-05-08,2025-05-08,day,,13129.166754582786,,,2521.7009354790944,260,682,1241320
2025-05-09,2025-05-09,day,,20638.832728368772,,,2023.9970776903476,331,671,1238385
2025-05-10,2025-05-10,day,,36631.66095126857,,,4514.4200336492795,334,889,1236906
2025-05-11,2025-05-11,day,,16269.535177280111,,,810.7144922074058,404,565,1235460
2025-05-12,2025-05-12,day,,29728.705607585507,,,2245.446581526485,442,846,1235224
2025-05-13,2025-05-13,day,,31772.605319017737,,,3621.4983732525116,329,607,1233982
2025-05-14,2025-05-14,day,,22388.562200265394,,,4998.746196546893,437,791,1233184
2025-05-15,2025-05-15,day,,94507.19798820445,,,8582.864253117688,448,2242,1232496
2025-05-16,2025-05-16,day,,13776.09004986886,,,2353.0894927734835,378,495,1231099
2025-05-17,2025-05-17,day,,14630.528777874308,,,1167.4358884182884,318,682,1229719
2025-05-18,2025-05-18,day,,14720.352676876464,,,1853.5417502072044,366,625,1228693
2025-05-19,2025-05-19,day,,19514.914857855598,,,6157.602477625619,380,746,1227427
2025-05-20,2025-05-20,day,,28962.710296545116,,,8855.259687461845,347,1089,1225904
2025-05-21,2025-05-21,day,,15087.787124517125,,,1554.5472359354835,380,682,1224723
2025-05-22,2025-05-22,day,,23883.57880871129,,,8987.692335309684,332,611,1223660
2025-05-23,2025-05-23,day,,13701.875593286071,,,1947.8244976257224,395,354,1222792
2025-05-24,2025-05-24,day,,18450.99752853052,,,1834.573470000585,367,482,1221505
2025-05-25,2025-05-25,day,,12683.257845180839,,,777.1856482416058,340,397,1220516
2025-05-26,2025-05-26,day,,22316.792798977574,,,7602.764645394114,305,297,1219591
2025-05-27,2025-05-27,day,,21227.410042661002,,,936.5843567905908,256,1206,1218546
2025-05-28,2025-05-28,day,,11383.419889169561,,,2008.8672921942007,343,467,1217841
2025-05-29,2025-05-29,day,,23536.034947570563,,,1064.6433175033528,314,549,1216853
2025-05-30,2025-05-30,day,,35347.98317181452,,,1386.9087207987138,271,599,1215975
2025-05-31,2025-05-31,day,,16924.617158240144,,,7130.196599193397,507,386,1215282
2025-06-01,2025-06-01,day,,14826.545183473743,,,1623.3253298478098,412,720,1215056
2025-06-01,2025-06-30,month,286.30352057280186,714116.749355172,496.387987194019,1239778.7836778848,,11835,20043,
2025-06-02,2025-06-02,day,,18384.334496314113,,,1216.4083886311564,280,2608,1213539
2025-06-03,2025-06-03,day,,16635.91671757915,,,1887.7649218341915,347,870,1212845
2025-06-04,2025-06-04,day,,11669.65763800884,,,1194.9061051864257,505,273,1212423
2025-06-05,2025-06-05,day,,10338.408802517597,,,1072.4383053005138,332,520,1214202
2025-06-06,2025-06-06,day,,16257.47947812479,,,1937.3163798834278,499,622,1211612
2025-06-07,2025-06-07,day,,12741.397252686,,,3147.3172120425766,477,321,1210594
2025-06-08,2025-06-08,day,,10596.166949457482,,,814.8759357481795,349,307,1210052
2025-06-09,2025-06-09,day,,37742.60461733791,,,20945.48707243788,312,239,1209358
2025-06-10,2025-06-10,day,,36282.52008051555,,,1796.796640917506,455,830,1208342
2025-06-11,2025-06-11,day,,23257.749843604885,,,1547.6339978704673,351,572,1207494
2025-06-12,2025-06-12,day,,24555.322605978796,,,1882.4097771114193,316,702,1206874
2025-06-13,2025-06-13,day,,31742.663476286398,,,2813.5992491499683,273,1528,1205737
2025-06-14,2025-06-14,day,,16240.559263183746,,,3596.6572278266617,588,342,1205393
2025-06-15,2025-06-15,day,,21566.131005821248,,,1666.4067889281132,538,697,1204964
2025-06-16,2025-06-16,day,,15734.609569484306,,,2392.2481197509323,314,511,1204091
2025-06-17,2025-06-17,day,,16652.028041016027,,,2854.306084135475,297,774,1202604
2025-06-18,2025-06-18,day,,26933.856261818582,,,3351.1515987772914,681,911,1202048
2025-06-19,2025-06-19,day,,79685.0072402859,,,47597.61041716404,372,505,1201611
2025-06-20,2025-06-20,day,,13939.394923756581,,,1543.5924169235302,309,356,1200526
2025-06-21,2025-06-21,day,,8273.574354179651,,,863.4989941272597,326,545,1199588
2025-06-22,2025-06-22,day,,15155.90263359553,,,7323.459555360701,194,359,1198847
2025-06-23,2025-06-23,day,,79360.83556001361,,,66142.72137426058,380,336,1198022
2025-06-24,2025-06-24,day,,23798.906123877157,,,3792.3611592616667,388,910,1196910
2025-06-25,2025-06-25,day,,12675.82399814474,,,1154.4647615971949,275,375,1195788
2025-06-26,2025-06-26,day,,20088.359241534934,,,1136.3561352034565,418,835,1195391
2025-06-27,2025-06-27,day,,43316.7510095599,,,20200.069223509203,350,554,1194399
2025-06-28,2025-06-28,day,,18855.37327163558,,,2175.6795831466216,325,449,1193669
2025-06-29,2025-06-29,day,,13315.50496820713,,,1336.1603540662536,616,619,1193318
2025-06-30,2025-06-30,day,,23493.364747172305,,,1587.1567357844372,556,853,1193104
2025-07-01,2025-07-01,day,,25343.190268534825,,,1302.7443124357433,501,1365,1192250
2025-07-01,2025-07-31,month,376.3551579247039,1252907.724010515,468.7341843604247,1502680.4950575007,,34561,42925,
2025-07-02,2025-07-02,day,,19921.19120091945,,,1828.8694096220368,565,2589,1191703
2025-07-03,2025-07-03,day,,14411.019223824263,,,1111.1478820341983,413,561,1190132
2025-07-04,2025-07-04,day,,12809.72559227705,,,1742.1757711172397,352,557,1188031
2025-07-05,2025-07-05,day,,21540.552777350815,,,4075.68946432112,397,778,1186472
2025-07-06,2025-07-06,day,,22132.37971064221,,,8350.390141586402,466,864,1185529
2025-07-07,2025-07-07,day,,34659.82937990468,,,18720.844131078247,400,632,1182482
2025-07-08,2025-07-08,day,,13502.239109056978,,,850.5573572510658,404,888,1180710
2025-07-09,2025-07-09,day,,22980.742522321747,,,2806.115814222899,346,561,1179525
2025-07-10,2025-07-10,day,,16720.45334094525,,,3723.3306913642673,401,519,1178390
2025-07-11,2025-07-11,day,,38969.12307220599,,,13834.489759840602,472,580,1177501
2025-07-12,2025-07-12,day,,29631.039854470062,,,1395.3822738787458,496,857,1176883
2025-07-13,2025-07-13,day,,17596.772230830342,,,4087.9757414619035,521,401,1176224
2025-07-14,2025-07-14,day,,36010.95780086794,,,3050.538957844283,364,656,1175325
2025-07-15,2025-07-15,day,,39208.931542601196,,,4518.785838305238,562,1566,1174699
2025-07-16,2025-07-16,day,,51451.37751860402,,,5337.706088835195,722,1770,1174325
2025-07-17,2025-07-17,day,,64359.26128601578,,,4004.316050770641,509,1987,1173713
2025-07-18,2025-07-18,day,,74166.70363939895,,,4179.567429634046,596,1848,1173340
2025-07-19,2025-07-19,day,,57644.85002010836,,,10594.916652600357,1191,2003,1173125
2025-07-20,2025-07-20,day,,82520.66926155887,,,10120.58994090363,1020,1967,1172609
2025-07-21,2025-07-21,day,,60813.00729748274,,,5259.009397898381,1510,1969,1173091
2025-07-22,2025-07-22,day,,46450.581344744285,,,2591.609454243107,959,2369,1172224
2025-07-23,2025-07-23,day,,43094.32608195442,,,4445.682054051978,1150,1468,1171543
2025-07-24,2025-07-24,day,,43461.32147672885,,,2044.4344188078207,725,1011,1171213
2025-07-25,2025-07-25,day,,81520.76757881514,,,18327.069255275528,2925,1845,1172457
2025-07-26,2025-07-26,day,,56282.60352569445,,,4051.145595715225,7527,4164,1178667
2025-07-27,2025-07-27,day,,42610.67395444211,,,12599.8830639985,1939,1580,1179563
2025-07-28,2025-07-28,day,,45730.89598358335,,,6397.711066398362,1151,1176,1179211
2025-07-29,2025-07-29,day,,50925.55265158809,,,4903.683469141035,1888,2155,1179687
2025-07-30,2025-07-30,day,,40446.616888904246,,,3915.845094972487,2212,984,1180452
2025-07-31,2025-07-31,day,,45990.36787413854,,,8726.090599733574,1877,1255,1181164
2025-08-01,2025-08-01,day,,35474.20727002957,,,5710.154200954587,1485,930,1181309
2025-08-01,2025-08-31,month,491.04115703151194,2115431.9803815056,669.5692868115243,2880460.494683969,,42457,35466,
2025-08-02,2025-08-02,day,,25811.751239989233,,,3902.093003496993,1166,768,1180938
2025-08-03,2025-08-03,day,,28479.79013733559,,,2595.7958356717545,778,684,1179684
2025-08-04,2025-08-04,day,,26210.32186818256,,,2688.124520773176,1395,1437,1179560
2025-08-05,2025-08-05,day,,30387.265036564244,,,1069.934463746373,991,792,1178841
2025-08-06,2025-08-06,day,,56582.595661466214,,,2523.456549825493,991,1134,1178369
2025-08-07,2025-08-07,day,,51633.30097685101,,,15944.162428358428,1058,953,1178221
2025-08-08,2025-08-08,day,,80869.79880190341,,,35215.56507366434,1288,1432,1178076
2025-08-09,2025-08-09,day,,107558.43213292441,,,60022.84971795616,1445,1492,1178508
2025-08-10,2025-08-10,day,,134819.26059383515,,,103833.16558221549,1689,1278,1179249
2025-08-11,2025-08-11,day,,103738.79599916954,,,57329.458925398656,2171,1886,1180373
2025-08-12,2025-08-12,day,,234233.69095906639,,,198110.2206021682,1502,1399,1180743
2025-08-13,2025-08-13,day,,275764.86831684434,,,208070.9720378285,2536,1477,1182095
2025-08-14,2025-08-14,day,,73416.62068688708,,,26742.344296687053,1446,706,1182143
2025-08-15,2025-08-15,day,,169560.32617837348,,,105593.2650585228,2195,673,1183616
2025-08-16,2025-08-16,day,,106677.751034705,,,74199.99775272292,1915,892,1185130
2025-08-17,2025-08-17,day,,101538.61263486686,,,72370.36612780971,2971,769,1186253
2025-08-18,2025-08-18,day,,57304.5018990147,,,32690.73289527581,1841,1335,1187139
2025-08-19,2025-08-19,day,,33031.26466359559,,,14621.334443761989,1658,1122,1187100
2025-08-20,2025-08-20,day,,39846.96490399107,,,18213.688231883512,1759,861,1187876
2025-08-21,2025-08-21,day,,37723.61714479862,,,10813.498670264817,1522,1138,1187764
2025-08-22,2025-08-22,day,,50353.5929001155,,,28785.19349201761,1050,821,1186930
2025-08-23,2025-08-23,day,,24208.193034236294,,,1654.9596857206457,1722,1161,1187198
2025-08-24,2025-08-24,day,,29943.31241920802,,,3596.911143876584,796,1046,1186590
2025-08-25,2025-08-25,day,,22786.449937852423,,,1541.6356397460015,783,1377,1186078
2025-08-26,2025-08-26,day,,23811.83147946424,,,6713.011082660639,784,730,1180646
2025-08-27,2025-08-27,day,,31090.274169704975,,,1543.7272565859714,660,1459,1178044
2025-08-28,2025-08-28,day,,27167.04101221111,,,3886.1164065542825,818,794,1176762
2025-08-29,2025-08-29,day,,38278.910496609096,,,5589.881658258018,832,776,1176482
2025-08-30,2025-08-30,day,,39906.080610075944,,,17837.41742663349,706,1336,1175135
2025-08-31,2025-08-31,day,,17222.556181633994,,,3115.8835561464894,504,2808,1173445
2025-09-01,2025-09-01,day,,16873.869030855047,,,957.623960422547,467,817,1172039
2025-09-01,2025-09-30,month,144.83693124789653,625901.8940118684,409.3969189889123,1777340.9157449428,,13897,26786,
2025-09-02,2025-09-02,day,,22641.66625467456,,,2019.8447324370657,547,677,1171220
2025-09-03,2025-09-03,day,,33445.44034026218,,,17956.653885531363,462,699,1170285
2025-09-04,2025-09-04,day,,16420.840869518357,,,1546.6019934775775,518,948,1169115
2025-09-05,2025-09-05,day,,12616.350285820212,,,645.1922060980427,511,794,1168067
2025-09-06,2025-09-06,day,,12206.487429774928,,,394.36363346067634,501,480,1167222
2025-09-07,2025-09-07,day,,21324.449057729467,,,4936.6947882849745,559,804,1166591
2025-09-08,2025-09-08,day,,15873.84475223947,,,1233.4482516475227,458,1163,1165472
2025-09-09,2025-09-09,day,,17226.426462444782,,,1199.6605960835227,426,819,1164550
2025-09-10,2025-09-10,day,,26733.822627790145,,,6439.065256448454,625,1132,1163801
2025-09-11,2025-09-11,day,,27069.877676975735,,,2393.3375500832963,436,713,1161365
2025-09-12,2025-09-12,day,,15302.784500815425,,,1351.2169953123766,450,513,1159384
2025-09-13,2025-09-13,day,,13940.96045765731,,,2373.118094803026,546,713,1157953
2025-09-14,2025-09-14,day,,15331.295473237014,,,1087.8074516252618,475,561,1156498
2025-09-15,2025-09-15,day,,11242.334076319907,,,1920.3450670042298,363,876,1154966
2025-09-16,2025-09-16,day,,15743.332967477922,,,2800.5116320773377,467,671,1153596
2025-09-17,2025-09-17,day,,38830.9443102803,,,20440.4165652204,491,565,1152401
2025-09-18,2025-09-18,day,,17087.02101300503,,,4001.0352641926975,339,718,1149742
2025-09-19,2025-09-19,day,,23586.800672424833,,,9367.996127385333,549,622,1148558
2025-09-20,2025-09-20,day,,14844.863243861408,,,2612.1526903548706,457,1135,1147002
2025-09-21,2025-09-21,day,,27565.827382487823,,,4453.081403199218,510,1242,1145803
2025-09-22,2025-09-22,day,,25678.38858017361,,,9431.68035804908,365,954,1144785
2025-09-23,2025-09-23,day,,22314.830286106728,,,3809.893548109644,475,1104,1143647
2025-09-24,2025-09-24,day,,22687.179968421315,,,3785.258213488145,411,900,1142709
2025-09-25,2025-09-25,day,,15490.975187570464,,,1885.4108974458313,303,672,1141488
2025-09-26,2025-09-26,day,,15919.002067172589,,,4289.819937449961,454,1291,1140636
2025-09-27,2025-09-27,day,,20563.01410971543,,,5330.287563507801,417,804,1139823
2025-09-28,2025-09-28,day,,25574.116620148678,,,1804.5414645612855,436,1185,1139138
2025-09-29,2025-09-29,day,,30075.99738338344,,,1606.8232976521256,341,1731,1137744
2025-09-30,2025-09-30,day,,31689.150923524165,,,8212.365180194238,538,1483,1136481
2025-10-01,2025-10-01,day,,14912.58418351372,,,3545.657262093528,436,446,1135238
2025-10-01,2025-10-31,month,159.56218732471058,655788.7043647649,388.53734966827335,1602629.8109237375,,12653,19890,
2025-10-02,2025-10-02,day,,19596.26496350033,,,8011.758741928814,434,453,1134187
2025-10-03,2025-10-03,day,,31207.850674982696,,,10569.772495436919,429,920,1132902
2025-10-04,2025-10-04,day,,19583.124662607424,,,3717.5033282135355,507,1165,1132022
2025-10-05,2025-10-05,day,,13264.619944393817,,,1695.349550273461,412,625,1131111
2025-10-06,2025-10-06,day,,27837.408645811596,,,1837.6526865745122,371,577,1130223
2025-10-07,2025-10-07,day,,21071.307121341822,,,1547.2991680126759,370,621,1128939
2025-10-08,2025-10-08,day,,23864.246769066536,,,3710.219860274439,420,446,1127738
2025-10-09,2025-10-09,day,,13921.931412097269,,,479.1933745316863,500,467,1126899
2025-10-10,2025-10-10,day,,37004.29280706043,,,15870.108469773308,431,586,1126519
2025-10-11,2025-10-11,day,,17786.058363293007,,,838.4651242964151,333,630,1125665
2025-10-12,2025-10-12,day,,15407.250298558454,,,2160.554880937067,394,566,1125018
2025-10-13,2025-10-13,day,,31059.35297363374,,,3392.864951337355,413,1087,1124115
2025-10-14,2025-10-14,day,,30570.04624429596,,,2615.365308614957,333,789,1123548
2025-10-15,2025-10-15,day,,17785.83486037052,,,463.4646656644876,419,506,1122917
2025-10-16,2025-10-16,day,,13973.856892420186,,,1212.1913131470103,333,485,1122317
2025-10-17,2025-10-17,day,,19972.72179936051,,,1788.6484651547678,289,331,1120788
2025-10-18,2025-10-18,day,,19784.482267422856,,,1076.638189189302,407,664,1120642
2025-10-19,2025-10-19,day,,20701.26061501685,,,713.874046077698,252,765,1119243
2025-10-20,2025-10-20,day,,18756.509862406816,,,1263.8076498616456,309,787,1118697
2025-10-21,2025-10-21,day,,18560.891384736587,,,2155.462830839496,405,411,1117716
2025-10-22,2025-10-22,day,,18677.96309535623,,,2464.668562171339,325,571,1116532
2025-10-23,2025-10-23,day,,12469.752524507763,,,2732.8281939082117,326,378,1115844
2025-10-24,2025-10-24,day,,14506.604686577193,,,917.6643208369936,396,541,1115034
2025-10-25,2025-10-25,day,,17047.706946061717,,,337.6353215265432,410,898,1114575
2025-10-26,2025-10-26,day,,13401.22990792005,,,696.4811748326422,466,342,1114323
2025-10-27,2025-10-27,day,,21456.153983345237,,,819.989790000337,605,516,1113769
2025-10-28,2025-10-28,day,,31328.31264646952,,,775.668131852253,502,960,1112978
2025-10-29,2025-10-29,day,,49275.138108351304,,,1012.6930450760663,540,1189,1112663
2025-10-30,2025-10-30,day,,23357.918654749763,,,1178.8120500607452,406,819,1112102
2025-10-31,2025-10-31,day,,7646.027065535022,,,263.24567076925325,480,349,1112306
2025-11-01,2025-11-01,day,,8353.859854029479,,,544.6090906126789,504,319,1111573
2025-11-01,2025-11-30,month,129.01400221807376,413847.10813232884,365.1290935417871,1178968.3860261266,,10712,18676,
2025-11-02,2025-11-02,day,,8825.870759328858,,,491.5127007453402,370,443,1110780
2025-11-03,2025-11-03,day,,15534.525159401797,,,53.27384919122244,319,471,1109637
2025-11-04,2025-11-04,day,,10889.75020031296,,,564.0151028850469,250,340,1109141
2025-11-05,2025-11-05,day,,16873.57839775877,,,1294.1378850745962,405,691,1108079
2025-11-06,2025-11-06,day,,10400.37572930269,,,653.0437753719959,313,585,1108081
2025-11-07,2025-11-07,day,,16085.341461314963,,,1458.4633855542254,385,632,1107344
2025-11-08,2025-11-08,day,,9852.52379756553,,,101.74979610447427,367,762,1106901
2025-11-09,2025-11-09,day,,10750.858453402494,,,1001.471637352205,406,633,1106326
2025-11-10,2025-11-10,day,,13566.790141039653,,,667.9515941213691,355,655,1105877
2025-11-11,2025-11-11,day,,17779.05794105254,,,1097.454070885377,287,606,1104861
2025-11-12,2025-11-12,day,,33704.50312421364,,,21331.03013031109,321,812,1104050
2025-11-13,2025-11-13,day,,17749.15088437251,,,1914.0745613869965,241,719,1103310
2025-11-14,2025-11-14,day,,11981.883122448024,,,3914.9178125775798,338,639,1102841
2025-11-15,2025-11-15,day,,12047.92528161263,,,469.4054746019194,342,826,1102352
2025-11-16,2025-11-16,day,,20846.454027100808,,,10007.770298920757,280,739,1101728
2025-11-17,2025-11-17,day,,13548.204621011526,,,985.0614190185638,359,782,1101209
2025-11-18,2025-11-18,day,,12244.583302939596,,,2073.376342698474,291,453,1100238
2025-11-19,2025-11-19,day,,16613.91550233325,,,1478.4474723521653,450,505,1099042
2025-11-20,2025-11-20,day,,10964.964645051676,,,1318.5949971941384,386,453,1098831
2025-11-21,2025-11-21,day,,11927.222591243075,,,880.5697927639388,443,573,1098309
2025-11-22,2025-11-22,day,,11279.04314292327,,,476.9271359673218,411,726,1097754
2025-11-23,2025-11-23,day,,7544.911801597344,,,636.6003835426304,335,609,1097284
2025-11-24,2025-11-24,day,,11625.58933899476,,,305.6714919098001,312,495,1096835
2025-11-25,2025-11-25,day,,12077.532267499284,,,1858.0518964727396,395,641,1096252
2025-11-26,2025-11-26,day,,16631.406696513823,,,2393.859445407352,352,913,1095777
2025-11-27,2025-11-27,day,,11892.508843648538,,,3680.266957520018,425,629,1095486
2025-11-28,2025-11-28,day,,14385.74233675583,,,1403.2887689736935,373,792,1095151
2025-11-29,2025-11-29,day,,12265.421159039537,,,1848.9186996255828,373,651,1094611
2025-11-30,2025-11-30,day,,15603.613548519881,,,2332.325529159077,324,582,1094264
2025-12-01,2025-12-01,day,5.047528913523301,14147.81916440528,,,2265.9831108267963,339,741,1094028
2025-12-01,2025-12-31,month,154.2668478304307,468268.1021384459,379.56213775961044,1151800.7380318153,,8774,21370,
2025-12-02,2025-12-02,day,5.044432807933894,14821.971968312131,,,1400.8224980716639,358,519,1093337
2025-12-03,2025-12-03,day,7.247893972489042,22342.164752117365,,,8456.938898708253,479,613,1092599
2025-12-04,2025-12-04,day,4.374365389576328,13875.852938169663,,,1005.6476898860117,336,575,1092492
2025-12-05,2025-12-05,day,4.845805775859299,15115.687630317356,,,936.9823150254773,436,880,1091599
2025-12-06,2025-12-06,day,3.7275594288868112,11323.270276487365,,,1845.9481855140396,346,393,1091317
2025-12-07,2025-12-07,day,5.8877970315889865,17886.76355229417,,,6509.4414596436745,286,381,1091264
2025-12-07,2026-09-15,period,1881.441512169859,5712673.367224128,,,,,,
2025-12-08,2025-12-08,day,3.123631371289331,9489.399084754481,,,646.2915685750012,266,554,1090677
2025-12-09,2025-12-09,day,3.6583564243292495,11113.86075316756,,,1270.6925599387248,298,454,1090192
2025-12-10,2025-12-10,day,3.375457046824088,10254.429925749822,,,2018.815434250379,280,838,1089650
2025-12-11,2025-12-11,day,3.721837766695334,11306.71314851892,,,4616.7662368393585,266,530,1089016
2025-12-12,2025-12-12,day,3.7619525287107227,11428.579316675967,,,3991.4563048144555,241,584,1088499
2025-12-13,2025-12-13,day,4.4848536468921445,13624.70824286455,,,7790.084183001904,291,537,1088087
2025-12-14,2025-12-14,day,3.152862795753984,9578.20234595569,,,802.6957573395816,293,552,1087607
2025-12-15,2025-12-15,day,5.501676248023506,16713.752471713746,,,5468.554440717465,198,435,1086948
2025-12-16,2025-12-16,day,,29152.944149254057,,,11725.317942321039,290,624,1084936
2025-12-17,2025-12-17,day,,17388.42798017826,,,5534.154277961079,226,853,1083984
2025-12-18,2025-12-18,day,,16917.20253586952,,,7998.169343786927,277,595,1083262
2025-12-19,2025-12-19,day,,10418.563129112166,,,1944.1876130969285,282,1211,1082637
2025-12-20,2025-12-20,day,,7232.287609700451,,,537.9284732258802,238,639,1082084
2025-12-21,2025-12-21,day,,30619.979141350104,,,8471.565900495263,189,726,1081524
2025-12-22,2025-12-22,day,,9795.673420219004,,,303.4513529327527,198,387,1080613
2025-12-23,2025-12-23,day,,15255.817181055536,,,2231.668528803577,262,477,1079579
2025-12-24,2025-12-24,day,,7866.449677919908,,,1093.4696111037456,323,333,1078715
2025-12-25,2025-12-25,day,,28597.0817576972,,,4594.414646100316,247,691,1077153
2025-12-26,2025-12-26,day,,8132.1764552559935,,,784.4670992918294,285,788,1075836
2025-12-27,2025-12-27,day,,10248.81066360191,,,1527.310761331506,191,597,1074536
2025-12-28,2025-12-28,day,,9422.308549345185,,,608.1411642272758,226,654,1073895
2025-12-29,2025-12-29,day,,26074.642236705964,,,2653.191816158173,312,1417,1072814
2025-12-30,2025-12-30,day,,11577.003979038684,,,1449.0145241987802,303,566,1071781
2025-12-31,2025-12-31,day,,26545.558100637983,,,2669.3749447543187,212,2226,1070708
2026-01-01,2026-01-01,day,6.994379728573103,21248.493405721714,,,1397.8078948466953,248,813,1068162
2026-01-01,2026-01-31,month,217.3466942279982,660285.8263746569,428.3516325665954,1301305.7902388496,,11162,25828,
2026-01-01,2026-09-15,year,1757.4622506276976,5336032.031815488,3254.707666393214,9882429.276444368,,64726,200777,1068162
2026-01-02,2026-01-02,day,,17912.33764385192,,,1078.9147198185844,272,700,1065626
2026-01-03,2026-01-03,day,,19807.13471719047,,,8759.093566965115,259,985,1064862
2026-01-04,2026-01-04,day,,11248.772724712726,,,1294.5712463448529,326,766,1063872
2026-01-05,2026-01-05,day,,15347.251389409916,,,800.5727153516463,477,558,1063542
2026-01-06,2026-01-06,day,,15353.459148694159,,,2280.6757463918543,509,950,1062788
2026-01-07,2026-01-07,day,,22440.886266467754,,,8220.840445058682,381,797,1062626
2026-01-08,2026-01-08,day,,33921.88749704554,,,23097.35133565219,377,615,1061894
2026-01-09,2026-01-09,day,,11183.78859234078,,,1274.7570097449375,409,1002,1061447
2026-01-10,2026-01-10,day,,19664.11752522253,,,9677.881269916032,410,526,1061492
2026-01-11,2026-01-11,day,,10695.37134982354,,,4608.615078549715,286,525,1060312
2026-01-12,2026-01-12,day,,15523.944831797606,,,6936.2974849729235,312,748,1059244
2026-01-13,2026-01-13,day,,19950.857486333298,,,6757.623913898734,446,696,1057859
2026-01-14,2026-01-14,day,,14233.515230381936,,,2769.138930647728,319,841,1057834
2026-01-15,2026-01-15,day,,19489.23698883416,,,1850.4388470934434,517,542,1056727
2026-01-16,2026-01-16,day,,24265.062645512935,,,7634.9975017887045,410,656,1055688
2026-01-17,2026-01-17,day,,8939.373769685391,,,1362.9786750481771,384,370,1055082
2026-01-18,2026-01-18,day,,10475.910236872192,,,1952.3483748890399,343,1019,1054465
2026-01-19,2026-01-19,day,,12034.97933220021,,,1529.550279272389,366,784,1054297
2026-01-20,2026-01-20,day,,15561.375424412252,,,1307.6666205110257,360,465,1053646
2026-01-21,2026-01-21,day,,16432.567361318237,,,9048.660307965978,276,563,1052176
2026-01-22,2026-01-22,day,,20398.499158846123,,,6919.288334740287,368,763,1051306
2026-01-23,2026-01-23,day,,14965.14162836445,,,5017.7655465293965,323,1137,1050523
2026-01-24,2026-01-24,day,,9849.694365991796,,,2040.0755046348797,295,1431,1049268
2026-01-25,2026-01-25,day,,9821.697295990143,,,2438.9669733619544,288,578,1048610
2026-01-26,2026-01-26,day,,25834.91491566,,,13278.451103892097,307,688,1047947
2026-01-27,2026-01-27,day,,22525.4001692402,,,13015.593499445997,378,958,1046734
2026-01-28,2026-01-28,day,,42451.13695162262,,,24225.745475578446,392,2050,1045971
2026-01-29,2026-01-29,day,,68572.54548454874,,,53064.06173160588,295,1629,1044804
2026-01-30,2026-01-30,day,,61269.54531756132,,,49232.42607772386,414,945,1044349
2026-01-31,2026-01-31,day,,28866.927519002144,,,13437.109767404101,415,728,1043630
2026-02-01,2026-02-01,day,7.591720380164569,23063.17739327516,,,11633.27451845751,382,533,1043073
2026-02-01,2026-02-28,month,278.7432341626296,846804.7207671914,460.18837470766283,1398023.8455484004,,11122,19856,
2026-02-02,2026-02-02,day,,33714.37715341105,,,24792.640913631607,320,314,1042085
2026-02-03,2026-02-03,day,,15518.885907942637,,,6764.268577611002,317,429,1040213
2026-02-04,2026-02-04,day,,31401.445969499262,,,17024.245217461557,318,593,1039403
2026-02-05,2026-02-05,day,,76339.91803707094,,,67447.28114691521,303,2081,1037959
2026-02-06,2026-02-06,day,,18513.448264000406,,,7546.518390996169,338,612,1037297
2026-02-07,2026-02-07,day,,17052.103314489592,,,6048.98549390604,416,554,1036263
2026-02-08,2026-02-08,day,,45675.66549893449,,,15592.17063039832,389,899,1035503
2026-02-09,2026-02-09,day,,76095.35641013278,,,63292.28528744283,560,481,1034709
2026-02-10,2026-02-10,day,,24852.176943908547,,,10209.400850216041,371,627,1033816
2026-02-11,2026-02-11,day,,14765.739549063454,,,6446.889955625651,448,449,1033176
2026-02-12,2026-02-12,day,,44481.760032493454,,,29273.679477052847,483,572,1032400
2026-02-13,2026-02-13,day,,13893.008898872678,,,5722.5137261899445,364,418,1031317
2026-02-14,2026-02-14,day,,32578.90589191312,,,20157.713487701956,363,453,1030463
2026-02-15,2026-02-15,day,,17093.106047532397,,,9408.168108618902,318,919,1030190
2026-02-16,2026-02-16,day,,17668.220331606455,,,11952.643488779633,360,834,1028691
2026-02-17,2026-02-17,day,,51202.75987342048,,,30863.339756405436,463,406,1027814
2026-02-18,2026-02-18,day,,24050.612305274073,,,9949.801497780847,349,1084,1026839
2026-02-19,2026-02-19,day,,30706.51369255809,,,19085.407181408616,353,1144,1025735
2026-02-20,2026-02-20,day,,21483.707328766457,,,14056.706901237307,438,975,1025196
2026-02-21,2026-02-21,day,,31054.77076203276,,,18128.793932266202,403,644,1024715
2026-02-22,2026-02-22,day,,23147.795967320028,,,14197.211135769801,386,811,1024254
2026-02-23,2026-02-23,day,,29580.96163713571,,,20549.6133877401,328,649,1023682
2026-02-24,2026-02-24,day,,28296.24010773794,,,19279.613786051385,393,260,1023055
2026-02-25,2026-02-25,day,,36717.35444639286,,,20820.219202368007,433,646,1022349
2026-02-26,2026-02-26,day,,25813.75923946836,,,10979.473171843887,330,860,1021895
2026-02-27,2026-02-27,day,,27434.547850895036,,,12078.835602770281,610,1135,1021972
2026-02-28,2026-02-28,day,,14608.401912043164,,,6798.165421136034,586,474,1021550
2026-03-01,2026-03-01,day,,16269.450378159792,,,6265.865965164243,395,535,1021432
2026-03-01,2026-03-31,month,222.53088634189663,676035.0816654643,422.5172025256779,1283581.1523064638,,9162,20930,
2026-03-02,2026-03-02,day,,20598.60942531244,,,9483.454197060792,314,443,1019730
2026-03-03,2026-03-03,day,,11403.89381623753,,,4207.7836066435075,355,610,1019234
2026-03-04,2026-03-04,day,,16404.60779959259,,,7248.604025273301,314,741,1017953
2026-03-05,2026-03-05,day,,26645.315605839456,,,9453.277644981827,342,482,1016723
2026-03-06,2026-03-06,day,,24110.788203569115,,,11763.349902854712,351,1055,1016159
2026-03-07,2026-03-07,day,,33263.84150823477,,,28029.686436859392,276,315,1015217
2026-03-08,2026-03-08,day,,40201.81047066135,,,27838.999748847826,258,368,1014262
2026-03-09,2026-03-09,day,,13593.935285402813,,,5817.755888768768,338,280,1013627
2026-03-10,2026-03-10,day,,30029.347293003295,,,13266.292323578573,526,838,1013192
2026-03-11,2026-03-11,day,,18390.95306468859,,,8066.641867589398,389,604,1012696
2026-03-12,2026-03-12,day,,43946.36160109194,,,33205.22150523691,337,655,1012163
2026-03-13,2026-03-13,day,,16144.370480830985,,,7057.973342348594,255,873,1011623
2026-03-14,2026-03-14,day,,22644.15428306758,,,9873.00815246197,326,512,1010858
2026-03-15,2026-03-15,day,,17921.694840218865,,,7398.31657465114,266,941,1010629
2026-03-16,2026-03-16,day,,14924.270437754803,,,5284.057402618789,296,450,1009790
2026-03-17,2026-03-17,day,,16144.351373818481,,,8070.989103567306,287,312,1009438
2026-03-18,2026-03-18,day,,13052.812791920702,,,4867.244541451941,316,643,1008451
2026-03-19,2026-03-19,day,,18018.361465510705,,,6170.043034801032,284,371,1008350
2026-03-20,2026-03-20,day,,10034.803187448244,,,4138.023642811447,249,498,1007450
2026-03-21,2026-03-21,day,,13332.655688006098,,,6539.454118786801,233,547,1006723
2026-03-22,2026-03-22,day,,26912.321443544708,,,13487.629745332952,272,451,1006103
2026-03-23,2026-03-23,day,,14633.478030827739,,,5550.815859147963,282,835,1005624
2026-03-24,2026-03-24,day,,26328.549122097673,,,9396.753808897858,298,1187,1004675
2026-03-25,2026-03-25,day,,25863.671248888306,,,8291.862813837473,326,1459,1003352
2026-03-26,2026-03-26,day,,16949.400406797504,,,8528.229082830745,198,888,1002336
2026-03-27,2026-03-27,day,,13467.113410571781,,,6139.0141512689615,227,938,1001706
2026-03-28,2026-03-28,day,,49720.65016344183,,,27569.77195617775,196,983,1001073
2026-03-29,2026-03-29,day,,15813.324280602237,,,5908.719277634675,208,635,1000278
2026-03-30,2026-03-30,day,,21038.65809922071,,,9912.852430201148,234,781,999808
2026-03-31,2026-03-31,day,,28231.52645910163,,,12582.465986169327,214,700,999066
2026-04-01,2026-04-01,day,,10990.452616995013,,,4514.646752279516,228,427,998226
2026-04-01,2026-04-30,month,191.05130439008585,580402.0569405721,382.18058627099214,1161041.0046797257,,5787,25951,
2026-04-02,2026-04-02,day,,13065.41895331284,,,6980.739658385341,197,703,996844
2026-04-03,2026-04-03,day,,31227.701188836752,,,12309.728758066842,240,825,996276
2026-04-04,2026-04-04,day,,17069.59688713407,,,8721.64618300879,184,1126,995436
2026-04-05,2026-04-05,day,,22080.102377760413,,,8711.142452704009,148,608,994631
2026-04-06,2026-04-06,day,,12952.304789604677,,,4615.185535215858,216,958,993892
2026-04-07,2026-04-07,day,,11876.731121903344,,,6183.797743406586,188,642,992615
2026-04-08,2026-04-08,day,,16650.241646305207,,,8884.471545490676,152,490,991167
2026-04-09,2026-04-09,day,,16761.299441477997,,,7173.450820889109,173,1074,990046
2026-04-10,2026-04-10,day,,8698.18009554878,,,3644.5133061559063,216,1159,989721
2026-04-11,2026-04-11,day,,11447.839794187135,,,5403.25750326337,134,927,988534
2026-04-12,2026-04-12,day,,13337.132911711804,,,8131.884537245636,144,726,987546
2026-04-13,2026-04-13,day,,17622.643065753287,,,8263.920549314385,242,990,986700
2026-04-14,2026-04-14,day,,15827.037068969383,,,6961.038126318054,155,1081,985879
2026-04-15,2026-04-15,day,,22428.95211552257,,,5760.405506102335,228,959,985466
2026-04-16,2026-04-16,day,,23057.372127385308,,,7543.792436484001,270,899,984149
2026-04-17,2026-04-17,day,,18814.97185834972,,,8745.399883013702,151,506,983051
2026-04-18,2026-04-18,day,,16578.928479716356,,,8816.294586796239,131,504,982134
2026-04-19,2026-04-19,day,,13588.210996204813,,,8245.5817534973,138,612,980934
2026-04-20,2026-04-20,day,,31220.32257438827,,,25069.2691073768,168,607,980149
2026-04-21,2026-04-21,day,,17001.332508192987,,,7144.36234418289,263,767,978764
2026-04-22,2026-04-22,day,,14565.755520938028,,,5748.856149131595,188,792,976939
2026-04-23,2026-04-23,day,,19042.756478547042,,,5246.649970796937,203,1062,975936
2026-04-24,2026-04-24,day,,12656.977595371092,,,3701.0459671622802,226,622,974885
2026-04-25,2026-04-25,day,,23530.589109231423,,,10644.224201919955,170,986,973541
2026-04-26,2026-04-26,day,,14221.520781861233,,,5273.3424417178585,211,1084,972594
2026-04-27,2026-04-27,day,,73760.22516122699,,,50828.312514648285,192,1256,970506
2026-04-28,2026-04-28,day,,20376.087195539574,,,6479.591140935026,197,853,968284
2026-04-29,2026-04-29,day,,21199.666164216203,,,6294.1242142048995,178,1276,965743
2026-04-30,2026-04-30,day,,18751.706314379848,,,7881.882763438446,256,1430,964528
2026-05-01,2026-05-01,day,,45216.446282546734,,,11458.445375829346,218,2491,963593
2026-05-01,2026-05-31,month,225.6558508127708,685528.5306243806,374.59257315213137,1137989.0897172047,,6808,26806,
2026-05-02,2026-05-02,day,,19245.08992680694,,,5114.461188634519,245,985,960625
2026-05-03,2026-05-03,day,,91069.4406112296,,,25757.880684377742,196,2164,961434
2026-05-04,2026-05-04,day,,22913.855223387924,,,6443.204070780177,195,533,959007
2026-05-05,2026-05-05,day,,15431.857080837846,,,4541.212063304301,262,994,952059
2026-05-06,2026-05-06,day,,33996.08986463364,,,15845.544060607092,247,554,950608
2026-05-07,2026-05-07,day,,11598.051886056033,,,3527.1654542737315,211,567,949488
2026-05-08,2026-05-08,day,,12932.169235932113,,,3574.5145483930114,264,853,948118
2026-05-09,2026-05-09,day,,13690.21521278928,,,3980.524520804754,241,752,946927
2026-05-10,2026-05-10,day,,10857.647239598702,,,4568.125214703386,328,555,945995
2026-05-11,2026-05-11,day,,14966.731731565658,,,6196.931924573373,308,519,944988
2026-05-12,2026-05-12,day,,17244.945923797924,,,5179.840765196976,245,1012,944543
2026-05-13,2026-05-13,day,,12332.959749410426,,,3731.3978168192516,239,517,943591
2026-05-14,2026-05-14,day,,19371.28472638149,,,8765.098559166821,188,341,943156
2026-05-15,2026-05-15,day,,28811.777162494313,,,9225.1168121115,184,1160,942430
2026-05-16,2026-05-16,day,,36867.72866834779,,,18509.932783243417,196,1567,941886
2026-05-17,2026-05-17,day,,19094.865421935527,,,6708.396771905501,186,874,940342
2026-05-18,2026-05-18,day,,17253.934236821067,,,6169.1980178216345,219,988,939855
2026-05-19,2026-05-19,day,,14819.72033306027,,,4672.422281831878,323,726,939228
2026-05-20,2026-05-20,day,,22795.725447593533,,,7556.347058475108,270,595,938370
2026-05-21,2026-05-21,day,,18377.8248384957,,,10283.60356002696,211,355,937343
2026-05-22,2026-05-22,day,,22332.18151969059,,,12938.173256104415,222,427,936366
2026-05-23,2026-05-23,day,,13354.883860779315,,,6146.655963713108,201,634,935764
2026-05-24,2026-05-24,day,,15983.514884250511,,,10529.61137680342,159,394,934903
2026-05-25,2026-05-25,day,,14423.68027544494,,,7583.421416384093,155,325,934036
2026-05-26,2026-05-26,day,9.027212185385745,27424.112792965487,,,14943.498163682969,146,1305,933483
2026-05-27,2026-05-27,day,,20840.259850823233,,,13248.132469932421,239,875,933005
2026-05-28,2026-05-28,day,,12343.892751953013,,,5573.472774706681,200,566,932360
2026-05-29,2026-05-29,day,,14048.297709005832,,,7689.469250434084,162,766,931504
2026-05-30,2026-05-30,day,,25115.261744516767,,,15231.182067793146,191,1471,931079
2026-05-31,2026-05-31,day,,20774.08443122836,,,12624.525144848198,157,941,930259
2026-06-01,2026-06-01,day,,18576.91248539165,,,8729.470970449545,137,1155,929619
2026-06-01,2026-06-30,month,189.74028663378,576419.2660097554,374.1451444729259,1136629.8290381217,,5308,23455,
2026-06-02,2026-06-02,day,,25925.99472997255,,,12022.152801031676,147,1389,928978
2026-06-03,2026-06-03,day,,19665.127271129957,,,9009.43681169344,170,539,927971
2026-06-04,2026-06-04,day,,23664.002239441736,,,11722.152082001245,209,687,927185
2026-06-05,2026-06-05,day,,7007.473368256988,,,3359.0754407540185,123,714,926644
2026-06-06,2026-06-06,day,,12316.377934082464,,,6312.503629109435,259,521,926427
2026-06-07,2026-06-07,day,,13913.656173955347,,,7044.159919780428,255,470,925381
2026-06-08,2026-06-08,day,,21518.911100041616,,,12251.091516011475,170,550,924628
2026-06-09,2026-06-09,day,,15496.481179209384,,,8485.666015463305,233,663,924304
2026-06-10,2026-06-10,day,,27997.67166369792,,,13099.817946109226,166,1565,923254
2026-06-11,2026-06-11,day,6.321069557755271,19203.018713207897,,,9434.032124215732,164,602,922416
2026-06-12,2026-06-12,day,,11630.155491820602,,,5802.186901858322,165,566,921756
2026-06-13,2026-06-13,day,,11168.29721357616,,,5973.5702687968405,182,604,921043
2026-06-14,2026-06-14,day,,12190.33937692875,,,8420.275690874225,165,534,920708
2026-06-15,2026-06-15,day,,22951.52390958508,,,16201.091656842862,141,1140,919514
2026-06-16,2026-06-16,day,,62596.80599268537,,,33431.79333149346,165,1057,918318
2026-06-17,2026-06-17,day,,12643.570976421577,,,5792.420164918778,184,638,917269
2026-06-18,2026-06-18,day,,32987.31760299086,,,26114.753051494885,161,637,916308
2026-06-19,2026-06-19,day,,17478.158820163873,,,10456.100312617287,157,402,915510
2026-06-20,2026-06-20,day,,19250.953786026046,,,12405.345945525829,243,858,914288
2026-06-21,2026-06-21,day,,19520.842192931803,,,15177.62360495745,185,565,913166
2026-06-22,2026-06-22,day,,20677.668660967465,,,14723.320919813183,213,542,912495
2026-06-23,2026-06-23,day,,18341.047414683297,,,10424.969809401775,204,452,911486
2026-06-24,2026-06-24,day,,13493.175555782998,,,6311.025328113484,164,977,910240
2026-06-25,2026-06-25,day,,16676.432244352363,,,10485.477291771027,142,978,908718
2026-06-26,2026-06-26,day,,9984.113851407103,,,5333.135747382678,208,797,908121
2026-06-27,2026-06-27,day,,15376.628411463642,,,9724.884496428163,178,267,907234
2026-06-28,2026-06-28,day,,10194.326799364935,,,5705.037108375568,204,664,906453
2026-06-29,2026-06-29,day,,12919.375739084138,,,6807.047659090667,119,1743,905801
2026-06-30,2026-06-30,day,,31052.905111131793,,,21279.670119594844,95,1179,905406
2026-07-01,2026-07-01,day,,13628.581188147306,,,7571.524985051576,152,750,904095
2026-07-01,2026-07-31,month,164.9619644893561,501144.2544830297,334.8719208109537,1017320.2023969187,,4775,21881,
2026-07-02,2026-07-02,day,,21114.66808626887,,,9838.062904564198,175,792,902093
2026-07-03,2026-07-03,day,,26212.606064988606,,,11679.88327868772,117,600,900795
2026-07-04,2026-07-04,day,,17559.799560471416,,,7807.1070552270485,154,690,899331
2026-07-05,2026-07-05,day,,11182.966384513113,,,5411.5338285937005,155,693,898151
2026-07-06,2026-07-06,day,,8135.8611665013195,,,3816.2456390074367,122,378,897112
2026-07-07,2026-07-07,day,,10775.4146596843,,,5772.9992350757675,115,541,896158
2026-07-08,2026-07-08,day,,5571.00490017412,,,2639.054117158589,116,675,894904
2026-07-09,2026-07-09,day,,18638.539749879696,,,8543.89832289306,163,1801,893950
2026-07-10,2026-07-10,day,,13322.251671154487,,,5033.983072400141,248,519,893041
2026-07-11,2026-07-11,day,,10521.197944338228,,,4544.764221966149,162,1191,892168
2026-07-12,2026-07-12,day,,13695.54925109555,,,6119.6107973473645,178,470,891398
2026-07-13,2026-07-13,day,,12166.441482981465,,,6381.751769809156,159,231,890459
2026-07-14,2026-07-14,day,,37180.07557602313,,,15563.520945756905,190,349,889520
2026-07-15,2026-07-15,day,,12992.984294418378,,,5239.740483788454,211,684,888893
2026-07-16,2026-07-16,day,,23517.591812607803,,,14515.144172029439,214,593,887714
2026-07-17,2026-07-17,day,,16580.646538710233,,,7256.684364145246,149,631,886780
2026-07-18,2026-07-18,day,,20351.283793344588,,,9136.840694847522,124,558,886142
2026-07-19,2026-07-19,day,,18922.316546004167,,,8236.522695227683,108,684,885211
2026-07-20,2026-07-20,day,,16363.759087965915,,,7112.7315431815,131,650,883332
2026-07-21,2026-07-21,day,,27959.664381028873,,,14426.956446943585,177,426,882263
2026-07-22,2026-07-22,day,,7581.605081346024,,,3285.696522247847,157,500,880801
2026-07-23,2026-07-23,day,,18957.009820938463,,,7622.271778727561,113,771,879305
2026-07-24,2026-07-24,day,,15391.158367772694,,,6888.039432700269,132,543,878000
2026-07-25,2026-07-25,day,,14091.236803664628,,,6317.372328785406,136,549,876724
2026-07-26,2026-07-26,day,,11968.63086483969,,,4986.96778468302,138,861,875403
2026-07-27,2026-07-27,day,,12339.133568804114,,,5384.498709447393,106,827,873969
2026-07-28,2026-07-28,day,,14482.720291861471,,,5938.148708647162,186,1371,872704
2026-07-29,2026-07-29,day,,10628.27442429178,,,4181.133874223584,139,441,871416
2026-07-30,2026-07-30,day,,23352.023869733406,,,9567.478561254007,172,1370,869703
2026-07-31,2026-07-31,day,,15959.257249475748,,,9831.516421621125,176,742,867602
2026-08-01,2026-08-01,day,,11565.198662967705,,,4712.1380456865145,136,924,865816
2026-08-01,2026-08-31,month,205.13949711214272,623201.1158664494,345.7032634950866,1050225.1521609013,,7342,24467,
2026-08-02,2026-08-02,day,,6322.433227028386,,,3221.731709602478,123,500,864096
2026-08-03,2026-08-03,day,,14927.201235089706,,,6626.267302810869,137,1165,862618
2026-08-04,2026-08-04,day,,12026.856208484163,,,5390.785883618037,172,722,861708
2026-08-05,2026-08-05,day,,11763.682630886835,,,5543.819130074972,163,488,860440
2026-08-06,2026-08-06,day,,14876.250626534302,,,6627.117549698884,129,1029,859158
2026-08-07,2026-08-07,day,,25026.457810846805,,,12232.142001830485,173,932,858139
2026-08-08,2026-08-08,day,,24402.747147528044,,,15543.619497732227,116,484,857019
2026-08-09,2026-08-09,day,,30003.619740894257,,,19838.242405860146,168,535,855645
2026-08-10,2026-08-10,day,,12655.245537100162,,,5373.268717367114,144,659,854553
2026-08-11,2026-08-11,day,,17221.36559842859,,,9900.616953577242,172,716,853350
2026-08-12,2026-08-12,day,,16854.459404105633,,,11215.84230803453,147,592,852237
2026-08-13,2026-08-13,day,,12116.847533106498,,,6807.758293076303,170,647,851252
2026-08-14,2026-08-14,day,,24474.05228631637,,,15747.54291109322,222,689,849921
2026-08-15,2026-08-15,day,,17255.348033541428,,,11491.116066386317,200,419,849138
2026-08-16,2026-08-16,day,,20671.761298288056,,,13189.377279839728,282,655,847697
2026-08-17,2026-08-17,day,,11387.517871837808,,,7276.09942931803,312,591,846310
2026-08-18,2026-08-18,day,,41823.548414838784,,,31268.751201890038,203,748,844876
2026-08-19,2026-08-19,day,,32484.118602657858,,,23396.146202876815,224,553,843550
2026-08-20,2026-08-20,day,,32026.337864275076,,,18961.29426594085,353,1034,842524
2026-08-21,2026-08-21,day,,40925.98296404758,,,14158.82001638542,656,789,841637
2026-08-22,2026-08-22,day,,20995.117060479788,,,7641.430493505299,443,503,840332
2026-08-23,2026-08-23,day,,26994.789650047365,,,8497.003752322695,417,1425,839296
2026-08-24,2026-08-24,day,,18792.106994083108,,,6401.335753747867,280,841,838015
2026-08-25,2026-08-25,day,,26168.339467448142,,,9890.194787969243,277,871,836901
2026-08-26,2026-08-26,day,,14463.83483871986,,,4547.183156272129,346,1089,835350
2026-08-27,2026-08-27,day,,17423.95383198946,,,3361.2900950702215,312,969,834045
2026-08-28,2026-08-28,day,,23166.64556063553,,,5558.0052702805515,245,1386,832891
2026-08-29,2026-08-29,day,,13203.6177595413,,,4314.897347066899,179,1072,831829
2026-08-30,2026-08-30,day,,15810.513636481217,,,3422.104343088255,204,953,830570
2026-08-31,2026-08-31,day,,15371.1643682198,,,3052.025188353374,237,487,828963
2026-09-01,2026-09-01,day,,10597.498639190058,,,3803.7465129953894,291,632,827627
2026-09-01,2026-09-15,month,62.29253245703763,186211.17908398897,132.15696839118874,396313.21035825677,,3260,11603,
2026-09-02,2026-09-02,day,,12358.823305797901,,,3861.291867708883,177,912,826504
2026-09-03,2026-09-03,day,,12992.146900848964,,,4257.110064518567,226,1047,825287
2026-09-04,2026-09-04,day,,15161.989850118218,,,4053.2733100923365,260,760,824295
2026-09-05,2026-09-05,day,,14223.571920880691,,,7596.398140722965,168,1470,823270
2026-09-06,2026-09-06,day,,8770.972573219437,,,2025.86709440593,171,652,821637
2026-09-07,2026-09-07,day,,23461.148057362545,,,4823.94842688036,347,588,820667
2026-09-08,2026-09-08,day,,10453.944749141545,,,4825.865125235414,252,846,819748
2026-09-09,2026-09-09,day,,5827.1172123643555,,,1233.8605777294938,153,497,818757
2026-09-10,2026-09-10,day,,12273.077312770956,,,4848.140292523671,180,766,817861
2026-09-11,2026-09-11,day,,12345.429594339405,,,2830.252291265204,303,684,816863
2026-09-12,2026-09-12,day,,10323.805026617563,,,3496.571371174452,214,531,815602
2026-09-13,2026-09-13,day,,6611.8491766289535,,,1755.3222122889654,167,740,814769
2026-09-14,2026-09-14,day,,21787.57145909773,,,5156.549412312433,227,898,813810
2026-09-15,2026-09-15,day,3.5714814326235826,9022.233305610638,,,469.67256626119934,124,580,812632
