date,eth_usd_close,answer,decimals,as_of_timestamp,price_updated_at,price_age_seconds,phase_id,aggregator,block_number,transaction_hash,log_index,status
2019-01-02,,,8,1546473599,,,,,,,,unavailable
2019-01-03,,,8,1546559999,,,,,,,,unavailable
2019-01-04,,,8,1546646399,,,,,,,,unavailable
2019-01-05,,,8,1546732799,,,,,,,,unavailable
2019-01-06,,,8,1546819199,,,,,,,,unavailable
2019-01-07,,,8,1546905599,,,,,,,,unavailable
2019-01-08,,,8,1546991999,,,,,,,,unavailable
2019-01-09,,,8,1547078399,,,,,,,,unavailable
2019-01-10,,,8,1547164799,,,,,,,,unavailable
2019-01-11,,,8,1547251199,,,,,,,,unavailable
2019-01-12,,,8,1547337599,,,,,,,,unavailable
2019-01-13,,,8,1547423999,,,,,,,,unavailable
2019-01-14,,,8,1547510399,,,,,,,,unavailable
2019-01-15,,,8,1547596799,,,,,,,,unavailable
2019-01-16,,,8,1547683199,,,,,,,,unavailable
2019-01-17,,,8,1547769599,,,,,,,,unavailable
2019-01-18,,,8,1547855999,,,,,,,,unavailable
2019-01-19,,,8,1547942399,,,,,,,,unavailable
2019-01-20,,,8,1548028799,,,,,,,,unavailable
2019-01-21,,,8,1548115199,,,,,,,,unavailable
2019-01-22,,,8,1548201599,,,,,,,,unavailable
2019-01-23,,,8,1548287999,,,,,,,,unavailable
2019-01-24,,,8,1548374399,,,,,,,,unavailable
2019-01-25,,,8,1548460799,,,,,,,,unavailable
2019-01-26,,,8,1548547199,,,,,,,,unavailable
2019-01-27,,,8,1548633599,,,,,,,,unavailable
2019-01-28,,,8,1548719999,,,,,,,,unavailable
2019-01-29,,,8,1548806399,,,,,,,,unavailable
2019-01-30,,,8,1548892799,,,,,,,,unavailable
2019-01-31,,,8,1548979199,,,,,,,,unavailable
2019-02-01,,,8,1549065599,,,,,,,,unavailable
2019-02-02,,,8,1549151999,,,,,,,,unavailable
2019-02-03,,,8,1549238399,,,,,,,,unavailable
2019-02-04,,,8,1549324799,,,,,,,,unavailable
2019-02-05,,,8,1549411199,,,,,,,,unavailable
2019-02-06,,,8,1549497599,,,,,,,,unavailable
2019-02-07,,,8,1549583999,,,,,,,,unavailable
2019-02-08,,,8,1549670399,,,,,,,,unavailable
2019-02-09,,,8,1549756799,,,,,,,,unavailable
2019-02-10,,,8,1549843199,,,,,,,,unavailable
2019-02-11,,,8,1549929599,,,,,,,,unavailable
2019-02-12,,,8,1550015999,,,,,,,,unavailable
2019-02-13,,,8,1550102399,,,,,,,,unavailable
2019-02-14,,,8,1550188799,,,,,,,,unavailable
2019-02-15,,,8,1550275199,,,,,,,,unavailable
2019-02-16,,,8,1550361599,,,,,,,,unavailable
2019-02-17,,,8,1550447999,,,,,,,,unavailable
2019-02-18,,,8,1550534399,,,,,,,,unavailable
2019-02-19,,,8,1550620799,,,,,,,,unavailable
2019-02-20,,,8,1550707199,,,,,,,,unavailable
2019-02-21,,,8,1550793599,,,,,,,,unavailable
2019-02-22,,,8,1550879999,,,,,,,,unavailable
2019-02-23,,,8,1550966399,,,,,,,,unavailable
2019-02-24,,,8,1551052799,,,,,,,,unavailable
2019-02-25,,,8,1551139199,,,,,,,,unavailable
2019-02-26,,,8,1551225599,,,,,,,,unavailable
2019-02-27,,,8,1551311999,,,,,,,,unavailable
2019-02-28,,,8,1551398399,,,,,,,,unavailable
2019-03-01,,,8,1551484799,,,,,,,,unavailable
2019-03-02,,,8,1551571199,,,,,,,,unavailable
2019-03-03,,,8,1551657599,,,,,,,,unavailable
2019-03-04,,,8,1551743999,,,,,,,,unavailable
2019-03-05,,,8,1551830399,,,,,,,,unavailable
2019-03-06,,,8,1551916799,,,,,,,,unavailable
2019-03-07,,,8,1552003199,,,,,,,,unavailable
2019-03-08,,,8,1552089599,,,,,,,,unavailable
2019-03-09,,,8,1552175999,,,,,,,,unavailable
2019-03-10,,,8,1552262399,,,,,,,,unavailable
2019-03-11,,,8,1552348799,,,,,,,,unavailable
2019-03-12,,,8,1552435199,,,,,,,,unavailable
2019-03-13,,,8,1552521599,,,,,,,,unavailable
2019-03-14,,,8,1552607999,,,,,,,,unavailable
2019-03-15,,,8,1552694399,,,,,,,,unavailable
2019-03-16,,,8,1552780799,,,,,,,,unavailable
2019-03-17,,,8,1552867199,,,,,,,,unavailable
2019-03-18,,,8,1552953599,,,,,,,,unavailable
2019-03-19,,,8,1553039999,,,,,,,,unavailable
2019-03-20,,,8,1553126399,,,,,,,,unavailable
2019-03-21,,,8,1553212799,,,,,,,,unavailable
2019-03-22,,,8,1553299199,,,,,,,,unavailable
2019-03-23,,,8,1553385599,,,,,,,,unavailable
2019-03-24,,,8,1553471999,,,,,,,,unavailable
2019-03-25,,,8,1553558399,,,,,,,,unavailable
2019-03-26,,,8,1553644799,,,,,,,,unavailable
2019-03-27,,,8,1553731199,,,,,,,,unavailable
2019-03-28,,,8,1553817599,,,,,,,,unavailable
2019-03-29,,,8,1553903999,,,,,,,,unavailable
2019-03-30,,,8,1553990399,,,,,,,,unavailable
2019-03-31,,,8,1554076799,,,,,,,,unavailable
2019-04-01,,,8,1554163199,,,,,,,,unavailable
2019-04-02,,,8,1554249599,,,,,,,,unavailable
2019-04-03,,,8,1554335999,,,,,,,,unavailable
2019-04-04,,,8,1554422399,,,,,,,,unavailable
2019-04-05,,,8,1554508799,,,,,,,,unavailable
2019-04-06,,,8,1554595199,,,,,,,,unavailable
2019-04-07,,,8,1554681599,,,,,,,,unavailable
2019-04-08,,,8,1554767999,,,,,,,,unavailable
2019-04-09,,,8,1554854399,,,,,,,,unavailable
2019-04-10,,,8,1554940799,,,,,,,,unavailable
2019-04-11,,,8,1555027199,,,,,,,,unavailable
2019-04-12,,,8,1555113599,,,,,,,,unavailable
2019-04-13,,,8,1555199999,,,,,,,,unavailable
2019-04-14,,,8,1555286399,,,,,,,,unavailable
2019-04-15,,,8,1555372799,,,,,,,,unavailable
2019-04-16,,,8,1555459199,,,,,,,,unavailable
2019-04-17,,,8,1555545599,,,,,,,,unavailable
2019-04-18,,,8,1555631999,,,,,,,,unavailable
2019-04-19,,,8,1555718399,,,,,,,,unavailable
2019-04-20,,,8,1555804799,,,,,,,,unavailable
2019-04-21,,,8,1555891199,,,,,,,,unavailable
2019-04-22,,,8,1555977599,,,,,,,,unavailable
2019-04-23,,,8,1556063999,,,,,,,,unavailable
2019-04-24,,,8,1556150399,,,,,,,,unavailable
2019-04-25,,,8,1556236799,,,,,,,,unavailable
2019-04-26,,,8,1556323199,,,,,,,,unavailable
2019-04-27,,,8,1556409599,,,,,,,,unavailable
2019-04-28,,,8,1556495999,,,,,,,,unavailable
2019-04-29,,,8,1556582399,,,,,,,,unavailable
2019-04-30,,,8,1556668799,,,,,,,,unavailable
2019-05-01,,,8,1556755199,,,,,,,,unavailable
2019-05-02,,,8,1556841599,,,,,,,,unavailable
2019-05-03,,,8,1556927999,,,,,,,,unavailable
2019-05-04,,,8,1557014399,,,,,,,,unavailable
2019-05-05,,,8,1557100799,,,,,,,,unavailable
2019-05-06,,,8,1557187199,,,,,,,,unavailable
2019-05-07,,,8,1557273599,,,,,,,,unavailable
2019-05-08,,,8,1557359999,,,,,,,,unavailable
2019-05-09,,,8,1557446399,,,,,,,,unavailable
2019-05-10,,,8,1557532799,,,,,,,,unavailable
2019-05-11,,,8,1557619199,,,,,,,,unavailable
2019-05-12,,,8,1557705599,,,,,,,,unavailable
2019-05-13,,,8,1557791999,,,,,,,,unavailable
2019-05-14,,,8,1557878399,,,,,,,,unavailable
2019-05-15,,,8,1557964799,,,,,,,,unavailable
2019-05-16,,,8,1558051199,,,,,,,,unavailable
2019-05-17,,,8,1558137599,,,,,,,,unavailable
2019-05-18,,,8,1558223999,,,,,,,,unavailable
2019-05-19,,,8,1558310399,,,,,,,,unavailable
2019-05-20,,,8,1558396799,,,,,,,,unavailable
2019-05-21,,,8,1558483199,,,,,,,,unavailable
2019-05-22,,,8,1558569599,,,,,,,,unavailable
2019-05-23,,,8,1558655999,,,,,,,,unavailable
2019-05-24,,,8,1558742399,,,,,,,,unavailable
2019-05-25,,,8,1558828799,,,,,,,,unavailable
2019-05-26,,,8,1558915199,,,,,,,,unavailable
2019-05-27,,,8,1559001599,,,,,,,,unavailable
2019-05-28,,,8,1559087999,,,,,,,,unavailable
2019-05-29,,,8,1559174399,,,,,,,,unavailable
2019-05-30,,,8,1559260799,,,,,,,,unavailable
2019-05-31,,,8,1559347199,,,,,,,,unavailable
2019-06-01,,,8,1559433599,,,,,,,,unavailable
2019-06-02,,,8,1559519999,,,,,,,,unavailable
2019-06-03,,,8,1559606399,,,,,,,,unavailable
2019-06-04,,,8,1559692799,,,,,,,,unavailable
2019-06-05,,,8,1559779199,,,,,,,,unavailable
2019-06-06,,,8,1559865599,,,,,,,,unavailable
2019-06-07,,,8,1559951999,,,,,,,,unavailable
2019-06-08,,,8,1560038399,,,,,,,,unavailable
2019-06-09,,,8,1560124799,,,,,,,,unavailable
2019-06-10,,,8,1560211199,,,,,,,,unavailable
2019-06-11,,,8,1560297599,,,,,,,,unavailable
2019-06-12,,,8,1560383999,,,,,,,,unavailable
2019-06-13,,,8,1560470399,,,,,,,,unavailable
2019-06-14,,,8,1560556799,,,,,,,,unavailable
2019-06-15,,,8,1560643199,,,,,,,,unavailable
2019-06-16,,,8,1560729599,,,,,,,,unavailable
2019-06-17,,,8,1560815999,,,,,,,,unavailable
2019-06-18,,,8,1560902399,,,,,,,,unavailable
2019-06-19,,,8,1560988799,,,,,,,,unavailable
2019-06-20,,,8,1561075199,,,,,,,,unavailable
2019-06-21,,,8,1561161599,,,,,,,,unavailable
2019-06-22,,,8,1561247999,,,,,,,,unavailable
2019-06-23,,,8,1561334399,,,,,,,,unavailable
2019-06-24,,,8,1561420799,,,,,,,,unavailable
2019-06-25,,,8,1561507199,,,,,,,,unavailable
2019-06-26,,,8,1561593599,,,,,,,,unavailable
2019-06-27,,,8,1561679999,,,,,,,,unavailable
2019-06-28,,,8,1561766399,,,,,,,,unavailable
2019-06-29,,,8,1561852799,,,,,,,,unavailable
2019-06-30,,,8,1561939199,,,,,,,,unavailable
2019-07-01,,,8,1562025599,,,,,,,,unavailable
2019-07-02,,,8,1562111999,,,,,,,,unavailable
2019-07-03,,,8,1562198399,,,,,,,,unavailable
2019-07-04,,,8,1562284799,,,,,,,,unavailable
2019-07-05,,,8,1562371199,,,,,,,,unavailable
2019-07-06,,,8,1562457599,,,,,,,,unavailable
2019-07-07,,,8,1562543999,,,,,,,,unavailable
2019-07-08,,,8,1562630399,,,,,,,,unavailable
2019-07-09,,,8,1562716799,,,,,,,,unavailable
2019-07-10,,,8,1562803199,,,,,,,,unavailable
2019-07-11,,,8,1562889599,,,,,,,,unavailable
2019-07-12,,,8,1562975999,,,,,,,,unavailable
2019-07-13,,,8,1563062399,,,,,,,,unavailable
2019-07-14,,,8,1563148799,,,,,,,,unavailable
2019-07-15,,,8,1563235199,,,,,,,,unavailable
2019-07-16,,,8,1563321599,,,,,,,,unavailable
2019-07-17,,,8,1563407999,,,,,,,,unavailable
2019-07-18,,,8,1563494399,,,,,,,,unavailable
2019-07-19,,,8,1563580799,,,,,,,,unavailable
2019-07-20,,,8,1563667199,,,,,,,,unavailable
2019-07-21,,,8,1563753599,,,,,,,,unavailable
2019-07-22,,,8,1563839999,,,,,,,,unavailable
2019-07-23,,,8,1563926399,,,,,,,,unavailable
2019-07-24,,,8,1564012799,,,,,,,,unavailable
2019-07-25,,,8,1564099199,,,,,,,,unavailable
2019-07-26,,,8,1564185599,,,,,,,,unavailable
2019-07-27,,,8,1564271999,,,,,,,,unavailable
2019-07-28,,,8,1564358399,,,,,,,,unavailable
2019-07-29,,,8,1564444799,,,,,,,,unavailable
2019-07-30,,,8,1564531199,,,,,,,,unavailable
2019-07-31,,,8,1564617599,,,,,,,,unavailable
2019-08-01,,,8,1564703999,,,,,,,,unavailable
2019-08-02,,,8,1564790399,,,,,,,,unavailable
2019-08-03,,,8,1564876799,,,,,,,,unavailable
2019-08-04,,,8,1564963199,,,,,,,,unavailable
2019-08-05,,,8,1565049599,,,,,,,,unavailable
2019-08-06,,,8,1565135999,,,,,,,,unavailable
2019-08-07,,,8,1565222399,,,,,,,,unavailable
2019-08-08,,,8,1565308799,,,,,,,,unavailable
2019-08-09,,,8,1565395199,,,,,,,,unavailable
2019-08-10,,,8,1565481599,,,,,,,,unavailable
2019-08-11,,,8,1565567999,,,,,,,,unavailable
2019-08-12,,,8,1565654399,,,,,,,,unavailable
2019-08-13,,,8,1565740799,,,,,,,,unavailable
2019-08-14,,,8,1565827199,,,,,,,,unavailable
2019-08-15,,,8,1565913599,,,,,,,,unavailable
2019-08-16,,,8,1565999999,,,,,,,,unavailable
2019-08-17,,,8,1566086399,,,,,,,,unavailable
2019-08-18,,,8,1566172799,,,,,,,,unavailable
2019-08-19,,,8,1566259199,,,,,,,,unavailable
2019-08-20,,,8,1566345599,,,,,,,,unavailable
2019-08-21,,,8,1566431999,,,,,,,,unavailable
2019-08-22,,,8,1566518399,,,,,,,,unavailable
2019-08-23,,,8,1566604799,,,,,,,,unavailable
2019-08-24,,,8,1566691199,,,,,,,,unavailable
2019-08-25,,,8,1566777599,,,,,,,,unavailable
2019-08-26,,,8,1566863999,,,,,,,,unavailable
2019-08-27,,,8,1566950399,,,,,,,,unavailable
2019-08-28,,,8,1567036799,,,,,,,,unavailable
2019-08-29,,,8,1567123199,,,,,,,,unavailable
2019-08-30,,,8,1567209599,,,,,,,,unavailable
2019-08-31,,,8,1567295999,,,,,,,,unavailable
2019-09-01,,,8,1567382399,,,,,,,,unavailable
2019-09-02,,,8,1567468799,,,,,,,,unavailable
2019-09-03,,,8,1567555199,,,,,,,,unavailable
2019-09-04,,,8,1567641599,,,,,,,,unavailable
2019-09-05,,,8,1567727999,,,,,,,,unavailable
2019-09-06,,,8,1567814399,,,,,,,,unavailable
2019-09-07,,,8,1567900799,,,,,,,,unavailable
2019-09-08,,,8,1567987199,,,,,,,,unavailable
2019-09-09,,,8,1568073599,,,,,,,,unavailable
2019-09-10,,,8,1568159999,,,,,,,,unavailable
2019-09-11,,,8,1568246399,,,,,,,,unavailable
2019-09-12,,,8,1568332799,,,,,,,,unavailable
2019-09-13,,,8,1568419199,,,,,,,,unavailable
2019-09-14,,,8,1568505599,,,,,,,,unavailable
2019-09-15,,,8,1568591999,,,,,,,,unavailable
2019-09-16,,,8,1568678399,,,,,,,,unavailable
2019-09-17,,,8,1568764799,,,,,,,,unavailable
2019-09-18,,,8,1568851199,,,,,,,,unavailable
2019-09-19,,,8,1568937599,,,,,,,,unavailable
2019-09-20,,,8,1569023999,,,,,,,,unavailable
2019-09-21,,,8,1569110399,,,,,,,,unavailable
2019-09-22,,,8,1569196799,,,,,,,,unavailable
2019-09-23,,,8,1569283199,,,,,,,,unavailable
2019-09-24,,,8,1569369599,,,,,,,,unavailable
2019-09-25,,,8,1569455999,,,,,,,,unavailable
2019-09-26,,,8,1569542399,,,,,,,,unavailable
2019-09-27,,,8,1569628799,,,,,,,,unavailable
2019-09-28,,,8,1569715199,,,,,,,,unavailable
2019-09-29,,,8,1569801599,,,,,,,,unavailable
2019-09-30,,,8,1569887999,,,,,,,,unavailable
2019-10-01,,,8,1569974399,,,,,,,,unavailable
2019-10-02,,,8,1570060799,,,,,,,,unavailable
2019-10-03,,,8,1570147199,,,,,,,,unavailable
2019-10-04,,,8,1570233599,,,,,,,,unavailable
2019-10-05,,,8,1570319999,,,,,,,,unavailable
2019-10-06,,,8,1570406399,,,,,,,,unavailable
2019-10-07,,,8,1570492799,,,,,,,,unavailable
2019-10-08,,,8,1570579199,,,,,,,,unavailable
2019-10-09,,,8,1570665599,,,,,,,,unavailable
2019-10-10,,,8,1570751999,,,,,,,,unavailable
2019-10-11,,,8,1570838399,,,,,,,,unavailable
2019-10-12,,,8,1570924799,,,,,,,,unavailable
2019-10-13,,,8,1571011199,,,,,,,,unavailable
2019-10-14,,,8,1571097599,,,,,,,,unavailable
2019-10-15,,,8,1571183999,,,,,,,,unavailable
2019-10-16,,,8,1571270399,,,,,,,,unavailable
2019-10-17,,,8,1571356799,,,,,,,,unavailable
2019-10-18,,,8,1571443199,,,,,,,,unavailable
2019-10-19,,,8,1571529599,,,,,,,,unavailable
2019-10-20,,,8,1571615999,,,,,,,,unavailable
2019-10-21,,,8,1571702399,,,,,,,,unavailable
2019-10-22,,,8,1571788799,,,,,,,,unavailable
2019-10-23,,,8,1571875199,,,,,,,,unavailable
2019-10-24,,,8,1571961599,,,,,,,,unavailable
2019-10-25,,,8,1572047999,,,,,,,,unavailable
2019-10-26,,,8,1572134399,,,,,,,,unavailable
2019-10-27,,,8,1572220799,,,,,,,,unavailable
2019-10-28,,,8,1572307199,,,,,,,,unavailable
2019-10-29,,,8,1572393599,,,,,,,,unavailable
2019-10-30,,,8,1572479999,,,,,,,,unavailable
2019-10-31,,,8,1572566399,,,,,,,,unavailable
2019-11-01,,,8,1572652799,,,,,,,,unavailable
2019-11-02,,,8,1572739199,,,,,,,,unavailable
2019-11-03,,,8,1572825599,,,,,,,,unavailable
2019-11-04,,,8,1572911999,,,,,,,,unavailable
2019-11-05,,,8,1572998399,,,,,,,,unavailable
2019-11-06,,,8,1573084799,,,,,,,,unavailable
2019-11-07,,,8,1573171199,,,,,,,,unavailable
2019-11-08,,,8,1573257599,,,,,,,,unavailable
2019-11-09,,,8,1573343999,,,,,,,,unavailable
2019-11-10,,,8,1573430399,,,,,,,,unavailable
2019-11-11,,,8,1573516799,,,,,,,,unavailable
2019-11-12,,,8,1573603199,,,,,,,,unavailable
2019-11-13,,,8,1573689599,,,,,,,,unavailable
2019-11-14,,,8,1573775999,,,,,,,,unavailable
2019-11-15,,,8,1573862399,,,,,,,,unavailable
2019-11-16,,,8,1573948799,,,,,,,,unavailable
2019-11-17,,,8,1574035199,,,,,,,,unavailable
2019-11-18,,,8,1574121599,,,,,,,,unavailable
2019-11-19,,,8,1574207999,,,,,,,,unavailable
2019-11-20,,,8,1574294399,,,,,,,,unavailable
2019-11-21,,,8,1574380799,,,,,,,,unavailable
2019-11-22,,,8,1574467199,,,,,,,,unavailable
2019-11-23,,,8,1574553599,,,,,,,,unavailable
2019-11-24,,,8,1574639999,,,,,,,,unavailable
2019-11-25,,,8,1574726399,,,,,,,,unavailable
2019-11-26,,,8,1574812799,,,,,,,,unavailable
2019-11-27,,,8,1574899199,,,,,,,,unavailable
2019-11-28,,,8,1574985599,,,,,,,,unavailable
2019-11-29,,,8,1575071999,,,,,,,,unavailable
2019-11-30,,,8,1575158399,,,,,,,,unavailable
2019-12-01,,,8,1575244799,,,,,,,,unavailable
2019-12-02,,,8,1575331199,,,,,,,,unavailable
2019-12-03,,,8,1575417599,,,,,,,,unavailable
2019-12-04,,,8,1575503999,,,,,,,,unavailable
2019-12-05,,,8,1575590399,,,,,,,,unavailable
2019-12-06,,,8,1575676799,,,,,,,,unavailable
2019-12-07,,,8,1575763199,,,,,,,,unavailable
2019-12-08,,,8,1575849599,,,,,,,,unavailable
2019-12-09,,,8,1575935999,,,,,,,,unavailable
2019-12-10,,,8,1576022399,,,,,,,,unavailable
2019-12-11,,,8,1576108799,,,,,,,,unavailable
2019-12-12,,,8,1576195199,,,,,,,,unavailable
2019-12-13,,,8,1576281599,,,,,,,,unavailable
2019-12-14,,,8,1576367999,,,,,,,,unavailable
2019-12-15,,,8,1576454399,,,,,,,,unavailable
2019-12-16,,,8,1576540799,,,,,,,,unavailable
2019-12-17,,,8,1576627199,,,,,,,,unavailable
2019-12-18,,,8,1576713599,,,,,,,,unavailable
2019-12-19,,,8,1576799999,,,,,,,,unavailable
2019-12-20,,,8,1576886399,,,,,,,,unavailable
2019-12-21,,,8,1576972799,,,,,,,,unavailable
2019-12-22,,,8,1577059199,,,,,,,,unavailable
2019-12-23,,,8,1577145599,,,,,,,,unavailable
2019-12-24,,,8,1577231999,,,,,,,,unavailable
2019-12-25,,,8,1577318399,,,,,,,,unavailable
2019-12-26,,,8,1577404799,,,,,,,,unavailable
2019-12-27,,,8,1577491199,,,,,,,,unavailable
2019-12-28,,,8,1577577599,,,,,,,,unavailable
2019-12-29,,,8,1577663999,,,,,,,,unavailable
2019-12-30,,,8,1577750399,,,,,,,,unavailable
2019-12-31,,,8,1577836799,,,,,,,,unavailable
2020-01-01,,,8,1577923199,,,,,,,,unavailable
2020-01-02,,,8,1578009599,,,,,,,,unavailable
2020-01-03,,,8,1578095999,,,,,,,,unavailable
2020-01-04,,,8,1578182399,,,,,,,,unavailable
2020-01-05,,,8,1578268799,,,,,,,,unavailable
2020-01-06,,,8,1578355199,,,,,,,,unavailable
2020-01-07,,,8,1578441599,,,,,,,,unavailable
2020-01-08,,,8,1578527999,,,,,,,,unavailable
2020-01-09,,,8,1578614399,,,,,,,,unavailable
2020-01-10,,,8,1578700799,,,,,,,,unavailable
2020-01-11,,,8,1578787199,,,,,,,,unavailable
2020-01-12,,,8,1578873599,,,,,,,,unavailable
2020-01-13,,,8,1578959999,,,,,,,,unavailable
2020-01-14,,,8,1579046399,,,,,,,,unavailable
2020-01-15,166.27988740,16627988740,8,1579132799,1579122628,10171,1,0xf79d6afbb6da890132f9d7c355e3015f15f3406f,9288039,0x34fa63c582a46bf24a6894c1dfd702c52c041b9dbda0440ddaab8ec895fa2d26,165,close
2020-01-16,,16627988740,8,1579219199,1579122628,96571,1,0xf79d6afbb6da890132f9d7c355e3015f15f3406f,9288039,0x34fa63c582a46bf24a6894c1dfd702c52c041b9dbda0440ddaab8ec895fa2d26,165,stale
2020-01-17,,16627988740,8,1579305599,1579122628,182971,1,0xf79d6afbb6da890132f9d7c355e3015f15f3406f,9288039,0x34fa63c582a46bf24a6894c1dfd702c52c041b9dbda0440ddaab8ec895fa2d26,165,stale
2020-01-18,,16627988740,8,1579391999,1579122628,269371,1,0xf79d6afbb6da890132f9d7c355e3015f15f3406f,9288039,0x34fa63c582a46bf24a6894c1dfd702c52c041b9dbda0440ddaab8ec895fa2d26,165,stale
2020-01-19,,16627988740,8,1579478399,1579122628,355771,1,0xf79d6afbb6da890132f9d7c355e3015f15f3406f,9288039,0x34fa63c582a46bf24a6894c1dfd702c52c041b9dbda0440ddaab8ec895fa2d26,165,stale
2020-01-20,,16627988740,8,1579564799,1579122628,442171,1,0xf79d6afbb6da890132f9d7c355e3015f15f3406f,9288039,0x34fa63c582a46bf24a6894c1dfd702c52c041b9dbda0440ddaab8ec895fa2d26,165,stale
2020-01-21,,16627988740,8,1579651199,1579122628,528571,1,0xf79d6afbb6da890132f9d7c355e3015f15f3406f,9288039,0x34fa63c582a46bf24a6894c1dfd702c52c041b9dbda0440ddaab8ec895fa2d26,165,stale
2020-01-22,,16627988740,8,1579737599,1579122628,614971,1,0xf79d6afbb6da890132f9d7c355e3015f15f3406f,9288039,0x34fa63c582a46bf24a6894c1dfd702c52c041b9dbda0440ddaab8ec895fa2d26,165,stale
2020-01-23,,16627988740,8,1579823999,1579122628,701371,1,0xf79d6afbb6da890132f9d7c355e3015f15f3406f,9288039,0x34fa63c582a46bf24a6894c1dfd702c52c041b9dbda0440ddaab8ec895fa2d26,165,stale
2020-01-24,,16627988740,8,1579910399,1579122628,787771,1,0xf79d6afbb6da890132f9d7c355e3015f15f3406f,9288039,0x34fa63c582a46bf24a6894c1dfd702c52c041b9dbda0440ddaab8ec895fa2d26,165,stale
2020-01-25,,16627988740,8,1579996799,1579122628,874171,1,0xf79d6afbb6da890132f9d7c355e3015f15f3406f,9288039,0x34fa63c582a46bf24a6894c1dfd702c52c041b9dbda0440ddaab8ec895fa2d26,165,stale
2020-01-26,,16627988740,8,1580083199,1579122628,960571,1,0xf79d6afbb6da890132f9d7c355e3015f15f3406f,9288039,0x34fa63c582a46bf24a6894c1dfd702c52c041b9dbda0440ddaab8ec895fa2d26,165,stale
2020-01-27,,16627988740,8,1580169599,1579122628,1046971,1,0xf79d6afbb6da890132f9d7c355e3015f15f3406f,9288039,0x34fa63c582a46bf24a6894c1dfd702c52c041b9dbda0440ddaab8ec895fa2d26,165,stale
2020-01-28,,16627988740,8,1580255999,1579122628,1133371,1,0xf79d6afbb6da890132f9d7c355e3015f15f3406f,9288039,0x34fa63c582a46bf24a6894c1dfd702c52c041b9dbda0440ddaab8ec895fa2d26,165,stale
2020-01-29,,16627988740,8,1580342399,1579122628,1219771,1,0xf79d6afbb6da890132f9d7c355e3015f15f3406f,9288039,0x34fa63c582a46bf24a6894c1dfd702c52c041b9dbda0440ddaab8ec895fa2d26,165,stale
2020-01-30,,16627988740,8,1580428799,1579122628,1306171,1,0xf79d6afbb6da890132f9d7c355e3015f15f3406f,9288039,0x34fa63c582a46bf24a6894c1dfd702c52c041b9dbda0440ddaab8ec895fa2d26,165,stale
2020-01-31,,16627988740,8,1580515199,1579122628,1392571,1,0xf79d6afbb6da890132f9d7c355e3015f15f3406f,9288039,0x34fa63c582a46bf24a6894c1dfd702c52c041b9dbda0440ddaab8ec895fa2d26,165,stale
2020-02-01,,16627988740,8,1580601599,1579122628,1478971,1,0xf79d6afbb6da890132f9d7c355e3015f15f3406f,9288039,0x34fa63c582a46bf24a6894c1dfd702c52c041b9dbda0440ddaab8ec895fa2d26,165,stale
2020-02-02,,16627988740,8,1580687999,1579122628,1565371,1,0xf79d6afbb6da890132f9d7c355e3015f15f3406f,9288039,0x34fa63c582a46bf24a6894c1dfd702c52c041b9dbda0440ddaab8ec895fa2d26,165,stale
2020-02-03,,16627988740,8,1580774399,1579122628,1651771,1,0xf79d6afbb6da890132f9d7c355e3015f15f3406f,9288039,0x34fa63c582a46bf24a6894c1dfd702c52c041b9dbda0440ddaab8ec895fa2d26,165,stale
2020-02-04,,16627988740,8,1580860799,1579122628,1738171,1,0xf79d6afbb6da890132f9d7c355e3015f15f3406f,9288039,0x34fa63c582a46bf24a6894c1dfd702c52c041b9dbda0440ddaab8ec895fa2d26,165,stale
2020-02-05,,16627988740,8,1580947199,1579122628,1824571,1,0xf79d6afbb6da890132f9d7c355e3015f15f3406f,9288039,0x34fa63c582a46bf24a6894c1dfd702c52c041b9dbda0440ddaab8ec895fa2d26,165,stale
2020-02-06,,16627988740,8,1581033599,1579122628,1910971,1,0xf79d6afbb6da890132f9d7c355e3015f15f3406f,9288039,0x34fa63c582a46bf24a6894c1dfd702c52c041b9dbda0440ddaab8ec895fa2d26,165,stale
2020-02-07,,16627988740,8,1581119999,1579122628,1997371,1,0xf79d6afbb6da890132f9d7c355e3015f15f3406f,9288039,0x34fa63c582a46bf24a6894c1dfd702c52c041b9dbda0440ddaab8ec895fa2d26,165,stale
2020-02-08,,16627988740,8,1581206399,1579122628,2083771,1,0xf79d6afbb6da890132f9d7c355e3015f15f3406f,9288039,0x34fa63c582a46bf24a6894c1dfd702c52c041b9dbda0440ddaab8ec895fa2d26,165,stale
2020-02-09,,16627988740,8,1581292799,1579122628,2170171,1,0xf79d6afbb6da890132f9d7c355e3015f15f3406f,9288039,0x34fa63c582a46bf24a6894c1dfd702c52c041b9dbda0440ddaab8ec895fa2d26,165,stale
2020-02-10,,16627988740,8,1581379199,1579122628,2256571,1,0xf79d6afbb6da890132f9d7c355e3015f15f3406f,9288039,0x34fa63c582a46bf24a6894c1dfd702c52c041b9dbda0440ddaab8ec895fa2d26,165,stale
2020-02-11,,16627988740,8,1581465599,1579122628,2342971,1,0xf79d6afbb6da890132f9d7c355e3015f15f3406f,9288039,0x34fa63c582a46bf24a6894c1dfd702c52c041b9dbda0440ddaab8ec895fa2d26,165,stale
2020-02-12,,16627988740,8,1581551999,1579122628,2429371,1,0xf79d6afbb6da890132f9d7c355e3015f15f3406f,9288039,0x34fa63c582a46bf24a6894c1dfd702c52c041b9dbda0440ddaab8ec895fa2d26,165,stale
2020-02-13,,16627988740,8,1581638399,1579122628,2515771,1,0xf79d6afbb6da890132f9d7c355e3015f15f3406f,9288039,0x34fa63c582a46bf24a6894c1dfd702c52c041b9dbda0440ddaab8ec895fa2d26,165,stale
2020-02-14,,16627988740,8,1581724799,1579122628,2602171,1,0xf79d6afbb6da890132f9d7c355e3015f15f3406f,9288039,0x34fa63c582a46bf24a6894c1dfd702c52c041b9dbda0440ddaab8ec895fa2d26,165,stale
2020-02-15,,16627988740,8,1581811199,1579122628,2688571,1,0xf79d6afbb6da890132f9d7c355e3015f15f3406f,9288039,0x34fa63c582a46bf24a6894c1dfd702c52c041b9dbda0440ddaab8ec895fa2d26,165,stale
2020-02-16,,16627988740,8,1581897599,1579122628,2774971,1,0xf79d6afbb6da890132f9d7c355e3015f15f3406f,9288039,0x34fa63c582a46bf24a6894c1dfd702c52c041b9dbda0440ddaab8ec895fa2d26,165,stale
2020-02-17,,16627988740,8,1581983999,1579122628,2861371,1,0xf79d6afbb6da890132f9d7c355e3015f15f3406f,9288039,0x34fa63c582a46bf24a6894c1dfd702c52c041b9dbda0440ddaab8ec895fa2d26,165,stale
2020-02-18,,16627988740,8,1582070399,1579122628,2947771,1,0xf79d6afbb6da890132f9d7c355e3015f15f3406f,9288039,0x34fa63c582a46bf24a6894c1dfd702c52c041b9dbda0440ddaab8ec895fa2d26,165,stale
2020-02-19,,16627988740,8,1582156799,1579122628,3034171,1,0xf79d6afbb6da890132f9d7c355e3015f15f3406f,9288039,0x34fa63c582a46bf24a6894c1dfd702c52c041b9dbda0440ddaab8ec895fa2d26,165,stale
2020-02-20,,16627988740,8,1582243199,1579122628,3120571,1,0xf79d6afbb6da890132f9d7c355e3015f15f3406f,9288039,0x34fa63c582a46bf24a6894c1dfd702c52c041b9dbda0440ddaab8ec895fa2d26,165,stale
2020-02-21,,16627988740,8,1582329599,1579122628,3206971,1,0xf79d6afbb6da890132f9d7c355e3015f15f3406f,9288039,0x34fa63c582a46bf24a6894c1dfd702c52c041b9dbda0440ddaab8ec895fa2d26,165,stale
2020-02-22,,16627988740,8,1582415999,1579122628,3293371,1,0xf79d6afbb6da890132f9d7c355e3015f15f3406f,9288039,0x34fa63c582a46bf24a6894c1dfd702c52c041b9dbda0440ddaab8ec895fa2d26,165,stale
2020-02-23,,16627988740,8,1582502399,1579122628,3379771,1,0xf79d6afbb6da890132f9d7c355e3015f15f3406f,9288039,0x34fa63c582a46bf24a6894c1dfd702c52c041b9dbda0440ddaab8ec895fa2d26,165,stale
2020-02-24,,16627988740,8,1582588799,1579122628,3466171,1,0xf79d6afbb6da890132f9d7c355e3015f15f3406f,9288039,0x34fa63c582a46bf24a6894c1dfd702c52c041b9dbda0440ddaab8ec895fa2d26,165,stale
2020-02-25,,16627988740,8,1582675199,1579122628,3552571,1,0xf79d6afbb6da890132f9d7c355e3015f15f3406f,9288039,0x34fa63c582a46bf24a6894c1dfd702c52c041b9dbda0440ddaab8ec895fa2d26,165,stale
2020-02-26,,16627988740,8,1582761599,1579122628,3638971,1,0xf79d6afbb6da890132f9d7c355e3015f15f3406f,9288039,0x34fa63c582a46bf24a6894c1dfd702c52c041b9dbda0440ddaab8ec895fa2d26,165,stale
2020-02-27,,16627988740,8,1582847999,1579122628,3725371,1,0xf79d6afbb6da890132f9d7c355e3015f15f3406f,9288039,0x34fa63c582a46bf24a6894c1dfd702c52c041b9dbda0440ddaab8ec895fa2d26,165,stale
2020-02-28,,16627988740,8,1582934399,1579122628,3811771,1,0xf79d6afbb6da890132f9d7c355e3015f15f3406f,9288039,0x34fa63c582a46bf24a6894c1dfd702c52c041b9dbda0440ddaab8ec895fa2d26,165,stale
2020-02-29,,16627988740,8,1583020799,1579122628,3898171,1,0xf79d6afbb6da890132f9d7c355e3015f15f3406f,9288039,0x34fa63c582a46bf24a6894c1dfd702c52c041b9dbda0440ddaab8ec895fa2d26,165,stale
2020-03-01,,16627988740,8,1583107199,1579122628,3984571,1,0xf79d6afbb6da890132f9d7c355e3015f15f3406f,9288039,0x34fa63c582a46bf24a6894c1dfd702c52c041b9dbda0440ddaab8ec895fa2d26,165,stale
2020-03-02,,16627988740,8,1583193599,1579122628,4070971,1,0xf79d6afbb6da890132f9d7c355e3015f15f3406f,9288039,0x34fa63c582a46bf24a6894c1dfd702c52c041b9dbda0440ddaab8ec895fa2d26,165,stale
2020-03-03,,16627988740,8,1583279999,1579122628,4157371,1,0xf79d6afbb6da890132f9d7c355e3015f15f3406f,9288039,0x34fa63c582a46bf24a6894c1dfd702c52c041b9dbda0440ddaab8ec895fa2d26,165,stale
2020-03-04,,16627988740,8,1583366399,1579122628,4243771,1,0xf79d6afbb6da890132f9d7c355e3015f15f3406f,9288039,0x34fa63c582a46bf24a6894c1dfd702c52c041b9dbda0440ddaab8ec895fa2d26,165,stale
2020-03-05,,16627988740,8,1583452799,1579122628,4330171,1,0xf79d6afbb6da890132f9d7c355e3015f15f3406f,9288039,0x34fa63c582a46bf24a6894c1dfd702c52c041b9dbda0440ddaab8ec895fa2d26,165,stale
2020-03-06,,16627988740,8,1583539199,1579122628,4416571,1,0xf79d6afbb6da890132f9d7c355e3015f15f3406f,9288039,0x34fa63c582a46bf24a6894c1dfd702c52c041b9dbda0440ddaab8ec895fa2d26,165,stale
2020-03-07,,16627988740,8,1583625599,1579122628,4502971,1,0xf79d6afbb6da890132f9d7c355e3015f15f3406f,9288039,0x34fa63c582a46bf24a6894c1dfd702c52c041b9dbda0440ddaab8ec895fa2d26,165,stale
2020-03-08,,16627988740,8,1583711999,1579122628,4589371,1,0xf79d6afbb6da890132f9d7c355e3015f15f3406f,9288039,0x34fa63c582a46bf24a6894c1dfd702c52c041b9dbda0440ddaab8ec895fa2d26,165,stale
2020-03-09,,16627988740,8,1583798399,1579122628,4675771,1,0xf79d6afbb6da890132f9d7c355e3015f15f3406f,9288039,0x34fa63c582a46bf24a6894c1dfd702c52c041b9dbda0440ddaab8ec895fa2d26,165,stale
2020-03-10,,16627988740,8,1583884799,1579122628,4762171,1,0xf79d6afbb6da890132f9d7c355e3015f15f3406f,9288039,0x34fa63c582a46bf24a6894c1dfd702c52c041b9dbda0440ddaab8ec895fa2d26,165,stale
2020-03-11,,16627988740,8,1583971199,1579122628,4848571,1,0xf79d6afbb6da890132f9d7c355e3015f15f3406f,9288039,0x34fa63c582a46bf24a6894c1dfd702c52c041b9dbda0440ddaab8ec895fa2d26,165,stale
2020-03-12,,16627988740,8,1584057599,1579122628,4934971,1,0xf79d6afbb6da890132f9d7c355e3015f15f3406f,9288039,0x34fa63c582a46bf24a6894c1dfd702c52c041b9dbda0440ddaab8ec895fa2d26,165,stale
2020-03-13,,16627988740,8,1584143999,1579122628,5021371,1,0xf79d6afbb6da890132f9d7c355e3015f15f3406f,9288039,0x34fa63c582a46bf24a6894c1dfd702c52c041b9dbda0440ddaab8ec895fa2d26,165,stale
2020-03-14,,16627988740,8,1584230399,1579122628,5107771,1,0xf79d6afbb6da890132f9d7c355e3015f15f3406f,9288039,0x34fa63c582a46bf24a6894c1dfd702c52c041b9dbda0440ddaab8ec895fa2d26,165,stale
2020-03-15,,16627988740,8,1584316799,1579122628,5194171,1,0xf79d6afbb6da890132f9d7c355e3015f15f3406f,9288039,0x34fa63c582a46bf24a6894c1dfd702c52c041b9dbda0440ddaab8ec895fa2d26,165,stale
2020-03-16,,16627988740,8,1584403199,1579122628,5280571,1,0xf79d6afbb6da890132f9d7c355e3015f15f3406f,9288039,0x34fa63c582a46bf24a6894c1dfd702c52c041b9dbda0440ddaab8ec895fa2d26,165,stale
2020-03-17,,16627988740,8,1584489599,1579122628,5366971,1,0xf79d6afbb6da890132f9d7c355e3015f15f3406f,9288039,0x34fa63c582a46bf24a6894c1dfd702c52c041b9dbda0440ddaab8ec895fa2d26,165,stale
2020-03-18,,16627988740,8,1584575999,1579122628,5453371,1,0xf79d6afbb6da890132f9d7c355e3015f15f3406f,9288039,0x34fa63c582a46bf24a6894c1dfd702c52c041b9dbda0440ddaab8ec895fa2d26,165,stale
2020-03-19,,16627988740,8,1584662399,1579122628,5539771,1,0xf79d6afbb6da890132f9d7c355e3015f15f3406f,9288039,0x34fa63c582a46bf24a6894c1dfd702c52c041b9dbda0440ddaab8ec895fa2d26,165,stale
2020-03-20,,16627988740,8,1584748799,1579122628,5626171,1,0xf79d6afbb6da890132f9d7c355e3015f15f3406f,9288039,0x34fa63c582a46bf24a6894c1dfd702c52c041b9dbda0440ddaab8ec895fa2d26,165,stale
2020-03-21,,16627988740,8,1584835199,1579122628,5712571,1,0xf79d6afbb6da890132f9d7c355e3015f15f3406f,9288039,0x34fa63c582a46bf24a6894c1dfd702c52c041b9dbda0440ddaab8ec895fa2d26,165,stale
2020-03-22,,16627988740,8,1584921599,1579122628,5798971,1,0xf79d6afbb6da890132f9d7c355e3015f15f3406f,9288039,0x34fa63c582a46bf24a6894c1dfd702c52c041b9dbda0440ddaab8ec895fa2d26,165,stale
2020-03-23,,16627988740,8,1585007999,1579122628,5885371,1,0xf79d6afbb6da890132f9d7c355e3015f15f3406f,9288039,0x34fa63c582a46bf24a6894c1dfd702c52c041b9dbda0440ddaab8ec895fa2d26,165,stale
2020-03-24,,16627988740,8,1585094399,1579122628,5971771,1,0xf79d6afbb6da890132f9d7c355e3015f15f3406f,9288039,0x34fa63c582a46bf24a6894c1dfd702c52c041b9dbda0440ddaab8ec895fa2d26,165,stale
2020-03-25,,16627988740,8,1585180799,1579122628,6058171,1,0xf79d6afbb6da890132f9d7c355e3015f15f3406f,9288039,0x34fa63c582a46bf24a6894c1dfd702c52c041b9dbda0440ddaab8ec895fa2d26,165,stale
2020-03-26,,16627988740,8,1585267199,1579122628,6144571,1,0xf79d6afbb6da890132f9d7c355e3015f15f3406f,9288039,0x34fa63c582a46bf24a6894c1dfd702c52c041b9dbda0440ddaab8ec895fa2d26,165,stale
2020-03-27,,16627988740,8,1585353599,1579122628,6230971,1,0xf79d6afbb6da890132f9d7c355e3015f15f3406f,9288039,0x34fa63c582a46bf24a6894c1dfd702c52c041b9dbda0440ddaab8ec895fa2d26,165,stale
2020-03-28,,16627988740,8,1585439999,1579122628,6317371,1,0xf79d6afbb6da890132f9d7c355e3015f15f3406f,9288039,0x34fa63c582a46bf24a6894c1dfd702c52c041b9dbda0440ddaab8ec895fa2d26,165,stale
2020-03-29,,16627988740,8,1585526399,1579122628,6403771,1,0xf79d6afbb6da890132f9d7c355e3015f15f3406f,9288039,0x34fa63c582a46bf24a6894c1dfd702c52c041b9dbda0440ddaab8ec895fa2d26,165,stale
2020-03-30,,16627988740,8,1585612799,1579122628,6490171,1,0xf79d6afbb6da890132f9d7c355e3015f15f3406f,9288039,0x34fa63c582a46bf24a6894c1dfd702c52c041b9dbda0440ddaab8ec895fa2d26,165,stale
2020-03-31,,16627988740,8,1585699199,1579122628,6576571,1,0xf79d6afbb6da890132f9d7c355e3015f15f3406f,9288039,0x34fa63c582a46bf24a6894c1dfd702c52c041b9dbda0440ddaab8ec895fa2d26,165,stale
2020-04-01,,16627988740,8,1585785599,1579122628,6662971,1,0xf79d6afbb6da890132f9d7c355e3015f15f3406f,9288039,0x34fa63c582a46bf24a6894c1dfd702c52c041b9dbda0440ddaab8ec895fa2d26,165,stale
2020-04-02,,16627988740,8,1585871999,1579122628,6749371,1,0xf79d6afbb6da890132f9d7c355e3015f15f3406f,9288039,0x34fa63c582a46bf24a6894c1dfd702c52c041b9dbda0440ddaab8ec895fa2d26,165,stale
2020-04-03,,16627988740,8,1585958399,1579122628,6835771,1,0xf79d6afbb6da890132f9d7c355e3015f15f3406f,9288039,0x34fa63c582a46bf24a6894c1dfd702c52c041b9dbda0440ddaab8ec895fa2d26,165,stale
2020-04-04,,16627988740,8,1586044799,1579122628,6922171,1,0xf79d6afbb6da890132f9d7c355e3015f15f3406f,9288039,0x34fa63c582a46bf24a6894c1dfd702c52c041b9dbda0440ddaab8ec895fa2d26,165,stale
2020-04-05,,16627988740,8,1586131199,1579122628,7008571,1,0xf79d6afbb6da890132f9d7c355e3015f15f3406f,9288039,0x34fa63c582a46bf24a6894c1dfd702c52c041b9dbda0440ddaab8ec895fa2d26,165,stale
2020-04-06,,16627988740,8,1586217599,1579122628,7094971,1,0xf79d6afbb6da890132f9d7c355e3015f15f3406f,9288039,0x34fa63c582a46bf24a6894c1dfd702c52c041b9dbda0440ddaab8ec895fa2d26,165,stale
2020-04-07,,16627988740,8,1586303999,1579122628,7181371,1,0xf79d6afbb6da890132f9d7c355e3015f15f3406f,9288039,0x34fa63c582a46bf24a6894c1dfd702c52c041b9dbda0440ddaab8ec895fa2d26,165,stale
2020-04-08,172.76241069,17276241069,8,1586390399,1586382065,8334,1,0xf79d6afbb6da890132f9d7c355e3015f15f3406f,9834009,0x458d767c28da54832855468c17a462547dce638f402605d8b6f1efc353db5eb9,38,close
2020-04-09,170.75750000,17075750000,8,1586476799,1586469685,7114,1,0xf79d6afbb6da890132f9d7c355e3015f15f3406f,9840602,0xb4ec5ee823237ed7ab2bb783aacf3862e72b7695e3dd74f411876f3db49ff368,38,close
2020-04-10,157.29441133,15729441133,8,1586563199,1586561384,1815,1,0xf79d6afbb6da890132f9d7c355e3015f15f3406f,9847488,0x46a4bcdd2b438389e743cc9388e04c8480a34393c189beaaec7b43c1b5ecdd18,30,close
2020-04-11,157.38831997,15738831997,8,1586649599,1586642561,7038,1,0xf79d6afbb6da890132f9d7c355e3015f15f3406f,9853553,0x70214d3ae668619924c76a690c1d1247021600ace8a582588163790d950669e4,57,close
2020-04-12,159.94875000,15994875000,8,1586735999,1586735688,311,1,0xf79d6afbb6da890132f9d7c355e3015f15f3406f,9860612,0xb3d70c96126f750f698dfce264c597507e9c45a1218b5871203a0c54bdcd1ed9,89,close
2020-04-13,156.92512392,15692512392,8,1586822399,1586815272,7127,1,0xf79d6afbb6da890132f9d7c355e3015f15f3406f,9866614,0xc421c2157138a6815665445d08ba1b2edbe88f14c466bb8464f0d7433ed1c1f2,129,close
2020-04-14,159.01000000,15901000000,8,1586908799,1586901676,7123,1,0xf79d6afbb6da890132f9d7c355e3015f15f3406f,9873133,0xb843e7d10b2387fd8e68565c31d4ac9d6e3e6f14d26c94a53da6c5512243a9c0,33,close
2020-04-15,153.32748828,15332748828,8,1586995199,1586992114,3085,1,0xf79d6afbb6da890132f9d7c355e3015f15f3406f,9879916,0x86bbf4221f6687b75f05ee87d3c61941e1825ac2dcd6aa9ec104dcb9809622b5,41,close
2020-04-16,172.79562500,17279562500,8,1587081599,1587080118,1481,1,0xf79d6afbb6da890132f9d7c355e3015f15f3406f,9886495,0x09bdb21b6c170c062d00b7a6371a19fceeaed52992accb07c6914523767df31a,33,close
2020-04-17,170.79000000,17079000000,8,1587167999,1587167810,189,1,0xf79d6afbb6da890132f9d7c355e3015f15f3406f,9893011,0xa371dc08c31ab80779a499ff4cb51b3c6f283053cb45e18bdecfd50ecd8cf9dc,10,close
2020-04-18,187.33019748,18733019748,8,1587254399,1587254197,202,1,0xf79d6afbb6da890132f9d7c355e3015f15f3406f,9899464,0x72539b219f3f9e8800ec4fe05123365a8e92bb135336d25c399177dc4771fdd1,130,close
2020-04-19,181.07179827,18107179827,8,1587340799,1587339923,876,1,0xf79d6afbb6da890132f9d7c355e3015f15f3406f,9905900,0xac54a48627ab92e215688168f9d7ca0d9429989fa2353e2531583091bffd1a0e,88,close
2020-04-20,170.48643273,17048643273,8,1587427199,1587426834,365,1,0xf79d6afbb6da890132f9d7c355e3015f15f3406f,9912436,0x077f8aed2ab526872d8f0b62940586ea3bc3fbd89c262547e70b4fef1d877d7c,61,close
2020-04-21,170.98875000,17098875000,8,1587513599,1587512866,733,1,0xf79d6afbb6da890132f9d7c355e3015f15f3406f,9918842,0xce25ae6752c1558f6ca1a17ceb5ee0a24446346f7a0942964f1056a7d1f9a01c,47,close
2020-04-22,182.31918116,18231918116,8,1587599999,1587596572,3427,1,0xf79d6afbb6da890132f9d7c355e3015f15f3406f,9925111,0xcd6293296828e006039aee2bce7cacf9e774a1d301e406494a0d045c83cb6700,65,close
2020-04-23,184.91172573,18491172573,8,1587686399,1587686371,28,1,0xf79d6afbb6da890132f9d7c355e3015f15f3406f,9931832,0x49738d78a6a9bf79de89928ef23e760c521c1b6d2acf572fe6f8da3bcd25d4d0,21,close
2020-04-24,186.83000000,18683000000,8,1587772799,1587769329,3470,1,0xf79d6afbb6da890132f9d7c355e3015f15f3406f,9938059,0x02d249b6d718256288519587907d67e1b8b146cddaea9852ae0870ae0c9300b3,38,close
2020-04-25,193.46114161,19346114161,8,1587859199,1587855727,3472,1,0xf79d6afbb6da890132f9d7c355e3015f15f3406f,9944462,0xa941337db36fa9f7d6537d8414a61a1ee31ea64f17b7e45ff2a3a583c80e5428,23,close
2020-04-26,197.15000000,19715000000,8,1587945599,1587944869,730,1,0xf79d6afbb6da890132f9d7c355e3015f15f3406f,9951128,0x03a712a22a8d600d264bc3ad8cff95535d013da85df42fcd6337b210f09af846,75,close
2020-04-27,197.05000000,19705000000,8,1588031999,1588028432,3567,1,0xf79d6afbb6da890132f9d7c355e3015f15f3406f,9957374,0x33e5a7d50d075e9f772cec378353b94f2f7e16b47e315f8a060594ed68ade9d9,68,close
2020-04-28,197.29636428,19729636428,8,1588118399,1588114940,3459,1,0xf79d6afbb6da890132f9d7c355e3015f15f3406f,9963824,0xf177774c94423223b4089c2975aa602b66b31829e90de8eedac1aca0aa8aebe2,64,close
2020-04-29,215.34750000,21534750000,8,1588204799,1588201068,3731,1,0xf79d6afbb6da890132f9d7c355e3015f15f3406f,9970320,0x1755dc3c0dc7e94cefc14c775a8555792ccddd33ad81e0c5c2739ddbdb4f5e3f,169,close
2020-04-30,206.25500000,20625500000,8,1588291199,1588290884,315,1,0xf79d6afbb6da890132f9d7c355e3015f15f3406f,9976941,0xd5b103b18ce5b1b57398d297ea9e5830962d0071fa13a0ae873899a02bd0457d,24,close
2020-05-01,212.44000000,21244000000,8,1588377599,1588370468,7131,1,0xf79d6afbb6da890132f9d7c355e3015f15f3406f,9982924,0x596c3f954efe842f8cec94b22a7344821507422e3c9f07aedab804d64069e2a8,6,close
2020-05-02,213.92187500,21392187500,8,1588463999,1588456940,7059,1,0xf79d6afbb6da890132f9d7c355e3015f15f3406f,9989383,0xface5f1260a0e56e60baa175fe866349c2fabe769fb13feb293df58583f45509,20,close
2020-05-03,210.25306375,21025306375,8,1588550399,1588546890,3509,1,0xf79d6afbb6da890132f9d7c355e3015f15f3406f,9996048,0xb5dd62b69a80620918f1558aa1c131d58af120456d403b963358959c6e72fba4,61,close
2020-05-04,206.29500000,20629500000,8,1588636799,1588635452,1347,1,0xf79d6afbb6da890132f9d7c355e3015f15f3406f,10002750,0xece3cdf682981bb41745bc8e7c7c6525e30f46ee3a5ec77605406dcf64f53356,3,close
2020-05-05,205.06000000,20506000000,8,1588723199,1588716103,7096,1,0xf79d6afbb6da890132f9d7c355e3015f15f3406f,10008819,0xb7b10a5dfafb7771d54622ae1ec57a109ef681c6e5bf84a880acaa902304e9fb,11,close
2020-05-06,202.95000000,20295000000,8,1588809599,1588809269,330,1,0xf79d6afbb6da890132f9d7c355e3015f15f3406f,10015746,0x3fac07509b40de2870c26e6752a9ef8af1e837f0de1ce55f4df660f7f6bb3e97,107,close
2020-05-07,213.23000000,21323000000,8,1588895999,1588889379,6620,1,0xf79d6afbb6da890132f9d7c355e3015f15f3406f,10021744,0x63bb52fdd9d3fbabc2a79aed0a71bd3d59a8daf718bff364798998c5df56ac9e,142,close
2020-05-08,212.98000000,21298000000,8,1588982399,1588979647,2752,1,0xf79d6afbb6da890132f9d7c355e3015f15f3406f,10028497,0x71a404f62f216b5a93f5adf7c6d87024d0b358a154f8b100380703045dd3804f,79,close
2020-05-09,210.52000000,21052000000,8,1589068799,1589068279,520,1,0xf79d6afbb6da890132f9d7c355e3015f15f3406f,10035057,0x30a49db87de21eb33fe4faaca393f133c3a9656bc34da95c0cf3cf8d5b886755,57,close
2020-05-10,187.75500000,18775500000,8,1589155199,1589154673,526,1,0xf79d6afbb6da890132f9d7c355e3015f15f3406f,10041544,0xe731b390c927d73a824cad9d2e7625bca4dee7d9fd978b35e74c44d665ba8582,19,close
2020-05-11,185.95000000,18595000000,8,1589241599,1589240962,637,1,0xf79d6afbb6da890132f9d7c355e3015f15f3406f,10047993,0xa1fd75fdce71b5d597111a5149c945fc8c8444355c1c4c7581b284057e6bc87e,53,close
2020-05-12,189.52365949,18952365949,8,1589327999,1589323653,4346,1,0xf79d6afbb6da890132f9d7c355e3015f15f3406f,10054108,0x372a49457fcf22c082b23d02b585e639a6f60b54975a01683b901e222ab79cc2,28,close
2020-05-13,199.69558535,19969558535,8,1589414399,1589412981,1418,1,0xf79d6afbb6da890132f9d7c355e3015f15f3406f,10060822,0x5e9c83ab05bbe0ba9e3b2cb718aa1460acc30b7a42aae113a5eed01802653300,93,close
2020-05-14,203.98021856,20398021856,8,1589500799,1589495736,5063,1,0xf79d6afbb6da890132f9d7c355e3015f15f3406f,10066962,0x80690c63613e1ef28c24761ad995ce38554ae66bcef081399b87b20970b4a51d,64,close
2020-05-15,194.83000000,19483000000,8,1589587199,1589586804,395,1,0xf79d6afbb6da890132f9d7c355e3015f15f3406f,10073759,0x2f7e64a4e0d7989d17d189c7f6a87a3ea9ad6c437d35f04f8861f8b59c4755ae,144,close
2020-05-16,200.59000000,20059000000,8,1589673599,1589673058,541,1,0xf79d6afbb6da890132f9d7c355e3015f15f3406f,10080142,0xca341a4aee6d42e544d5866884ee15b6f0a06b80f38f829c155890bbf5f49106,121,close
2020-05-17,206.71408322,20671408322,8,1589759999,1589754495,5504,1,0xf79d6afbb6da890132f9d7c355e3015f15f3406f,10086278,0xc00af317397816f610b78ed9eb0068b956f517b70ef08a986435f0bf64c337b4,14,close
2020-05-18,214.16178306,21416178306,8,1589846399,1589840547,5852,1,0xf79d6afbb6da890132f9d7c355e3015f15f3406f,10092620,0xf5edc53080e7d9320258f47ddb7a6768bd13feaedb089ab0b8e443c37c926928,55,close
2020-05-19,213.47748890,21347748890,8,1589932799,1589927788,5011,1,0xf79d6afbb6da890132f9d7c355e3015f15f3406f,10099113,0x1150c3e3055b38ccc3781a90c7b4c8b4ed08379d9b40e6eeb835554f17ae6767,54,close
2020-05-20,209.25994973,20925994973,8,1590019199,1590017621,1578,1,0xf79d6afbb6da890132f9d7c355e3015f15f3406f,10105785,0x0526c01a3996d26179b7fab94b41f979d18c9f74146bc6f8b23fae9db0c18014,28,close
2020-05-21,198.70045490,19870045490,8,1590105599,1590105082,517,1,0xf79d6afbb6da890132f9d7c355e3015f15f3406f,10112330,0x32dd02774b6be86d12a63ce005c7acc5bcccbde02d9fcab6c61eec7ceff00155,22,close
2020-05-22,206.89000000,20689000000,8,1590191999,1590190231,1768,1,0xf79d6afbb6da890132f9d7c355e3015f15f3406f,10118582,0x78e7b3f1d20fa254a462f325cf2e57e8656db2ee1418fbcf01352d4e9a0958af,116,close
2020-05-23,206.65000000,20665000000,8,1590278399,1590277291,1108,1,0xf79d6afbb6da890132f9d7c355e3015f15f3406f,10125163,0x4bcdb2af0a5a0eb6c483916f7b14d349675bc96d40db5d392684727a9fe88686,90,close
2020-05-24,202.74494509,20274494509,8,1590364799,1590363622,1177,1,0xf79d6afbb6da890132f9d7c355e3015f15f3406f,10131563,0xfc17996093800a06c5173dcaa906b040461beb3429ceed2540ad9bee56e00fd2,118,close
2020-05-25,204.59000000,20459000000,8,1590451199,1590449404,1795,1,0xf79d6afbb6da890132f9d7c355e3015f15f3406f,10137868,0x4c7e659a529e864ee0556643d515cb741aff23c98aaecfbd39dcf4c99c2a94a4,30,close
2020-05-26,201.18000000,20118000000,8,1590537599,1590530019,7580,1,0xf79d6afbb6da890132f9d7c355e3015f15f3406f,10143900,0x8ee5d1839744f5c1f2731f05435a719ef271eb41e4be76372b74fc4ccb6f6136,39,close
2020-05-27,207.88418618,20788418618,8,1590623999,1590622836,1163,1,0xf79d6afbb6da890132f9d7c355e3015f15f3406f,10150848,0x873a5c73e54c1e9568622241b50e86fe85c12c8f0e0c597c878c4e54821f2f3b,84,close
2020-05-28,220.01086867,22001086867,8,1590710399,1590708657,1742,1,0xf79d6afbb6da890132f9d7c355e3015f15f3406f,10157211,0x8cbcef55014fa7656c76ac543fde020c4fa83247c6d2191c0553ed78f5a0d3a3,67,close
2020-05-29,220.42000000,22042000000,8,1590796799,1590792219,4580,1,0xf79d6afbb6da890132f9d7c355e3015f15f3406f,10163424,0xa027281c6429a55f0507203d0f733ef57b3c8d5bd50c5e4377d757cd39ea7464,67,close
2020-05-30,243.13300000,24313300000,8,1590883199,1590881277,1922,1,0xf79d6afbb6da890132f9d7c355e3015f15f3406f,10170091,0x5547d2bb03792e220e44437a94573a9f6e9ffec1547e5f41e830c07e37e2d1c4,113,close
2020-05-31,231.15128660,23115128660,8,1590969599,1590967913,1686,1,0xf79d6afbb6da890132f9d7c355e3015f15f3406f,10176576,0x1ec9ccf66d6b566545fe07fb4d16f069d6178f767a3ddbbdebaffd6018845b09,39,close
2020-06-01,248.33093693,24833093693,8,1591055999,1591055696,303,1,0xf79d6afbb6da890132f9d7c355e3015f15f3406f,10183068,0x7a9ab1299442d708680d2d74dad495279b3907a785ca53fa917c53e471412dbe,143,close
2020-06-02,236.54000000,23654000000,8,1591142399,1591139583,2816,1,0xf79d6afbb6da890132f9d7c355e3015f15f3406f,10189328,0x395f5ed06c449032dae00491bbca4fdd2428cf60d8438a74047d7d9a5e0c61bf,38,close
2020-06-03,244.31100000,24431100000,8,1591228799,1591228559,240,1,0xf79d6afbb6da890132f9d7c355e3015f15f3406f,10195939,0x395d01cefc2d6d667190d86945a5afab345edcbc68aa4fe824d5c42b7e1ab65a,22,close
2020-06-04,243.99000000,24399000000,8,1591315199,1591311419,3780,1,0xf79d6afbb6da890132f9d7c355e3015f15f3406f,10202105,0x0d81cfe7dd70544a13cf427a7ae72d495fe2171a2696f9d741fbe5f7008628b7,54,close
2020-06-05,241.25300000,24125300000,8,1591401599,1591390855,10744,1,0xf79d6afbb6da890132f9d7c355e3015f15f3406f,10208080,0x5436bdcc11b6a46b53cf3fe3f0d13b5146f06a387bfafdd3759956b5fe3a57de,79,close
2020-06-06,242.30935206,24230935206,8,1591487999,1591477279,10720,1,0xf79d6afbb6da890132f9d7c355e3015f15f3406f,10214478,0x1f618147d0b54c69eb34b2c21036daf105bb63773ab608a2c7f1f7fc1c838500,47,close
2020-06-07,245.02866623,24502866623,8,1591574399,1591571285,3114,1,0xf79d6afbb6da890132f9d7c355e3015f15f3406f,10221527,0x377bb07f71d513f6e69ba64c90d281e4917caf71e1c5f5b087cfca5a5293b254,69,close
2020-06-08,246.59000000,24659000000,8,1591660799,1591660207,592,1,0xf79d6afbb6da890132f9d7c355e3015f15f3406f,10228120,0x74990b91f68253fba66470b9ffd8f75e218c7d18e5b2e45bcf8e25bc1fed99a7,120,close
2020-06-09,245.00000000,24500000000,8,1591747199,1591742595,4604,1,0xf79d6afbb6da890132f9d7c355e3015f15f3406f,10234313,0x10b0797ddca16d19c185c20a4959084dc60c5c2ddf07909129e7f9417515b237,88,close
2020-06-10,247.72000000,24772000000,8,1591833599,1591830504,3095,1,0xf79d6afbb6da890132f9d7c355e3015f15f3406f,10240830,0x20207c968ee4efab20b18bf25b5cd8946fb34a1fb747decee365d5b22e681f73,48,close
2020-06-11,231.09786340,23109786340,8,1591919999,1591918767,1232,1,0xf79d6afbb6da890132f9d7c355e3015f15f3406f,10247387,0x57ee04fb9854ba5cd0bb104d41bac03f203a1d7b03de7ecf76bc1e88184140fb,35,close
2020-06-12,237.65600000,23765600000,8,1592006399,1591995667,10732,1,0xf79d6afbb6da890132f9d7c355e3015f15f3406f,10253187,0x5996b957cd410172965e09e1da1a5bc60d73e4952b3b87b5489f8e61d395da51,156,close
2020-06-13,238.23000000,23823000000,8,1592092799,1592089739,3060,1,0xf79d6afbb6da890132f9d7c355e3015f15f3406f,10260235,0x9b733c68e74774fb24ce78458bb93c3044151422c8262beff20789901c3d6f5e,23,close
2020-06-14,232.82000000,23282000000,8,1592179199,1592174275,4924,1,0xf79d6afbb6da890132f9d7c355e3015f15f3406f,10266620,0xca6bb765241ff4df9034b8814445d4b7ea75c5ed37f618e9bd9a4b9d4919a377,18,close
2020-06-15,230.88557603,23088557603,8,1592265599,1592260661,4938,1,0xf79d6afbb6da890132f9d7c355e3015f15f3406f,10273096,0x8f3a6a049b1900b1596555dce99dc4d1214cc545d208029fb13ed321bfb6dbcc,151,close
2020-06-16,235.14454344,23514454344,8,1592351999,1592343860,8139,1,0xf79d6afbb6da890132f9d7c355e3015f15f3406f,10279288,0x8264e4530f60f38fa9aab0e108b5eb09ef80d0013ec76b48726a18087280b693,68,close
2020-06-17,234.15231479,23415231479,8,1592438399,1592437045,1354,1,0xf79d6afbb6da890132f9d7c355e3015f15f3406f,10286227,0x8c401e0e0cbfaec771fc98ab79bd9a8f992f3859443fdbb377d54106b4d6918f,106,close
2020-06-18,231.85000000,23185000000,8,1592524799,1592523447,1352,1,0xf79d6afbb6da890132f9d7c355e3015f15f3406f,10292667,0x7f8a39c4e1ec3923b752c6dda7cbb08a316f508e7bb2cac0379503a69806cab8,155,close
2020-06-19,227.95400000,22795400000,8,1592611199,1592610775,424,1,0xf79d6afbb6da890132f9d7c355e3015f15f3406f,10299237,0xb3e9e9d775e89a6f9536741f47ddf0d39382b1dba39619787149a7bd8625f22b,196,close
2020-06-20,228.67625783,22867625783,8,1592697599,1592691681,5918,1,0xf79d6afbb6da890132f9d7c355e3015f15f3406f,10305315,0x3dc9adfad75f180d91cdc6649e0eeae246d1cfc3ed0245d7ef1b733880473909,177,close
2020-06-21,227.76000000,22776000000,8,1592783999,1592780004,3995,1,0xf79d6afbb6da890132f9d7c355e3015f15f3406f,10311938,0xcd6893ac3696c24768c870b5df59c087610be546ef95c67c4b2d778d6a625cb4,85,close
2020-06-22,243.45374468,24345374468,8,1592870399,1592861703,8696,1,0xf79d6afbb6da890132f9d7c355e3015f15f3406f,10318016,0x93d2a57b2d4557214ef25cc48b97605501c2e3ec9a3f4c988db135d2bdf33fdd,62,close
2020-06-23,243.46000000,24346000000,8,1592956799,1592946199,10600,1,0xf79d6afbb6da890132f9d7c355e3015f15f3406f,10324350,0x7ff7677a0d955f29b636a5d059ca718c3a1e86cd7b3c66e67326e617ff0db237,58,close
2020-06-24,234.75595982,23475595982,8,1593043199,1593032480,10719,1,0xf79d6afbb6da890132f9d7c355e3015f15f3406f,10330782,0xd9ccbdbc031ea81e2add853036f23f932ffe7e6a34de877a2710aab284866714,188,close
2020-06-25,231.83032099,23183032099,8,1593129599,1593125215,4384,1,0xf79d6afbb6da890132f9d7c355e3015f15f3406f,10337774,0x25e749f46177f4438a741338c29dc3d6b73eea6fa55aaf74b5505da2896aefd0,26,close
2020-06-26,230.50066290,23050066290,8,1593215999,1593205312,10687,1,0xf79d6afbb6da890132f9d7c355e3015f15f3406f,10343723,0xd30a8582a48b67b4b5ab9139ecbafd63b3daeb5df118164a785c09e69a81810f,34,close
2020-06-27,220.34800000,22034800000,8,1593302399,1593297422,4977,1,0xf79d6afbb6da890132f9d7c355e3015f15f3406f,10350513,0xac4013747e445f6c0bced20ea7533476c271896a05861c8af4bb110f977f5ef8,107,close
2020-06-28,224.94000000,22494000000,8,1593388799,1593378088,10711,1,0xf79d6afbb6da890132f9d7c355e3015f15f3406f,10356603,0x379418116b221ccd9c8f350af58dad82ed11c9c564f60f70cb3a3d1fbe951f1f,163,close
2020-06-29,228.17200000,22817200000,8,1593475199,1593470646,4553,1,0xf79d6afbb6da890132f9d7c355e3015f15f3406f,10363457,0xe68fd388078ad3f8881eb3fe743f542e1d49080fcad92ce653485b1836f73a92,100,close
2020-06-30,225.60000000,22560000000,8,1593561599,1593550858,10741,1,0xf79d6afbb6da890132f9d7c355e3015f15f3406f,10369449,0xfb704ceff91b02a167268962c56e0e6247facd7892b5284b620d448c5debecea,159,close
2020-07-01,231.47000000,23147000000,8,1593647999,1593637283,10716,1,0xf79d6afbb6da890132f9d7c355e3015f15f3406f,10375847,0x7ca4e48e027c515db23bdd9c8e4977b7f9bf4eff537b9924800970ed149d567f,206,close
2020-07-02,227.72381425,22772381425,8,1593734399,1593727543,6856,1,0xf79d6afbb6da890132f9d7c355e3015f15f3406f,10382557,0x80dea6220f0f58af524abdbb986234fc5187cf407d3080179858f771bd633509,120,close
2020-07-03,225.26200000,22526200000,8,1593820799,1593818277,2522,1,0xf79d6afbb6da890132f9d7c355e3015f15f3406f,10389388,0x1c7b08c2ab6b3a3f6ee58cd414e037c3ed410602c573f36b6c610bbe7e434ab1,37,close
2020-07-04,229.12000000,22912000000,8,1593907199,1593896419,10780,1,0xf79d6afbb6da890132f9d7c355e3015f15f3406f,10395225,0x0a8844a0fd455b697b6ca80abc9ea1fbbc97a8fc1a98d6d84aa409b37b59bf70,202,close
2020-07-05,227.67000000,22767000000,8,1593993599,1593989617,3982,1,0xf79d6afbb6da890132f9d7c355e3015f15f3406f,10402219,0xdf0cf0939a31a1b09ef8e554855bf6d91d2e5ab94665ac41dddbbd0b1a601f01,131,close
2020-07-06,241.21521102,24121521102,8,1594079999,1594077830,2169,1,0xf79d6afbb6da890132f9d7c355e3015f15f3406f,10408814,0x96c05a4c8096de4cf0b6ec45e5414129b56a5b373c88d9c331e0bdef74924682,160,close
2020-07-07,238.56027336,23856027336,8,1594166399,1594155766,10633,1,0xf79d6afbb6da890132f9d7c355e3015f15f3406f,10414643,0x9c6e0a15e5eb8bbd5281f5991c9b1c24907a12f0987d757d50db92ec2ae4ef39,25,close
2020-07-08,246.38000000,24638000000,8,1594252799,1594251109,1690,1,0xf79d6afbb6da890132f9d7c355e3015f15f3406f,10421861,0x40d64e34a2420fed52c27eeec5f1ec921de3577cca6c000151412ebbb06daf48,93,close
2020-07-09,241.49559756,24149559756,8,1594339199,1594328473,10726,1,0xf79d6afbb6da890132f9d7c355e3015f15f3406f,10427563,0xaae5e4a3574a1dff488fc4867eda1264e70079b93ae53e1b97dd244c776023d0,214,close
2020-07-10,241.17000000,24117000000,8,1594425599,1594423293,2306,1,0xf79d6afbb6da890132f9d7c355e3015f15f3406f,10434621,0x83f416cced28c920b30e928465b8e9c0caade2356b07400553eec9a447df3f7d,52,close
2020-07-11,238.80000000,23880000000,8,1594511999,1594501297,10702,1,0xf79d6afbb6da890132f9d7c355e3015f15f3406f,10440542,0xb3aebfd0fcec5cc5f6a102a7e0b7d895821e01950d513788ec42e7fbffde5e3b,208,close
2020-07-12,242.16000000,24216000000,8,1594598399,1594597951,448,1,0xf79d6afbb6da890132f9d7c355e3015f15f3406f,10447804,0xb0121e04fbc3cb3ebad3dc3960188ea056d52945e2d018783a5642f480d9059b,148,close
2020-07-13,239.03153085,23903153085,8,1594684799,1594674072,10727,1,0xf79d6afbb6da890132f9d7c355e3015f15f3406f,10453541,0x012d7bf3e465a785678d22aee3946af416fe92e27068ada655bb809318c76d2f,118,close
2020-07-14,240.20000000,24020000000,8,1594771199,1594763703,7496,1,0xf79d6afbb6da890132f9d7c355e3015f15f3406f,10460164,0xdca8a6fb73f0666f2b65f024c15a23fb2fa47f3f52551d09e7435a82e2e5855c,46,close
2020-07-15,238.11109616,23811109616,8,1594857599,1594846860,10739,1,0xf79d6afbb6da890132f9d7c355e3015f15f3406f,10466378,0x327a56f56402a48cd5c3183fd3a29bb8b53ff352300765364fa6e7c6566595a7,189,close
2020-07-16,233.91444022,23391444022,8,1594943999,1594943379,620,1,0xf79d6afbb6da890132f9d7c355e3015f15f3406f,10473567,0xfffff9f4589dea1c2499ba3a280e84dc59baa7cb2d63d307b7f08e1441b8dbdf,54,close
2020-07-17,232.46000000,23246000000,8,1595030399,1595019816,10583,1,0xf79d6afbb6da890132f9d7c355e3015f15f3406f,10479291,0x3718b781d6a56491daacd0387d0a2aec7a4003277cab62145949015317bf87aa,135,close
2020-07-18,236.36319644,23636319644,8,1595116799,1595106053,10746,1,0xf79d6afbb6da890132f9d7c355e3015f15f3406f,10485756,0xed5518126e61dd7d341191f7c63e3b3cd39ae90e890d604b71f7bc83f67a49d9,233,close
2020-07-19,238.32791644,23832791644,8,1595203199,1595200138,3061,1,0xf79d6afbb6da890132f9d7c355e3015f15f3406f,10492817,0xd6456d3b027eac3ef70e8d4cd72568ffdc3f5cf7f1cef1bc2edc4142fa3292b5,199,close
2020-07-20,236.27797346,23627797346,8,1595289599,1595278852,10747,1,0xf79d6afbb6da890132f9d7c355e3015f15f3406f,10498665,0xe4e1800b636981cf31266fad819d4a89801da5b745ef37a97635c3a86ecd818b,200,close
2020-07-21,245.16884187,24516884187,8,1595375999,1595365259,10740,1,0xf79d6afbb6da890132f9d7c355e3015f15f3406f,10505051,0xefa01e374b0a0f56d4bb9e54e1cb5258fd5e6bf3c09da0afa4fbf28dc652f2b5,186,close
2020-07-22,264.31000000,26431000000,8,1595462399,1595461282,1117,1,0xf79d6afbb6da890132f9d7c355e3015f15f3406f,10512237,0xda7d06a59805dd823d25b7ca4831d5058eb0bfbf90215b6bfeb5f0cc95946d4c,184,close
2020-07-23,274.97101091,27497101091,8,1595548799,1595540575,8224,1,0xf79d6afbb6da890132f9d7c355e3015f15f3406f,10518184,0xe1fa74d30e7e9fbcea70254b718b68aecb96b2f2ad31c465487893b3a3d40e9a,81,close
2020-07-24,278.83794204,27883794204,8,1595635199,1595633875,1324,1,0xf79d6afbb6da890132f9d7c355e3015f15f3406f,10525235,0x7f4d8dd3df128578f7be927643a57772fe239bfb73e6af1bd94b06113394ba75,194,close
2020-07-25,304.20000000,30420000000,8,1595721599,1595718972,2627,1,0xf79d6afbb6da890132f9d7c355e3015f15f3406f,10531491,0x393e74bf322be46835f239cbc8d92fb041c933a4e5d1d5f97e344592fab28bbf,95,close
2020-07-26,311.73386447,31173386447,8,1595807999,1595799120,8879,1,0xf79d6afbb6da890132f9d7c355e3015f15f3406f,10537524,0x67c01b9165587b6035e88bc8dd40c9fc01e65374a1512e6b3c53bae79f5629c2,127,close
2020-07-27,322.85539885,32285539885,8,1595894399,1595892239,2160,1,0xf79d6afbb6da890132f9d7c355e3015f15f3406f,10544476,0xe26da542d69414385890e7e83d2da92eccad470cda78f961b7916f058748c7b7,293,close
2020-07-28,317.23670804,31723670804,8,1595980799,1595980517,282,1,0xf79d6afbb6da890132f9d7c355e3015f15f3406f,10551090,0xb2ce7107762a73b8f0fbcef84c3614a63013b383de4ea6275c4c1c255d37be59,142,close
2020-07-29,317.10797272,31710797272,8,1596067199,1596066192,1007,1,0xf79d6afbb6da890132f9d7c355e3015f15f3406f,10557538,0xb73153c89dc9a8ef7ee37e96874187a6520367925d27fe83803d44724192b80a,58,close
2020-07-30,334.91000000,33491000000,8,1596153599,1596153510,89,1,0xf79d6afbb6da890132f9d7c355e3015f15f3406f,10563999,0xe0335b246646acccd5862a8950b0aba3d180e86c1aa1770663af3bd7b2b720cf,94,close
2020-07-31,346.84000000,34684000000,8,1596239999,1596238676,1323,1,0xf79d6afbb6da890132f9d7c355e3015f15f3406f,10570385,0xf7db785bd00d67162c28c7a5190ea047061b8e7bebc789a43d7ce609f45396c7,96,close
2020-08-01,387.74000000,38774000000,8,1596326399,1596325912,487,1,0xf79d6afbb6da890132f9d7c355e3015f15f3406f,10576961,0x87abeb113c9a5616bf1ab100a88743ec2fc9a742961eef825af7b3f46e797f50,76,close
2020-08-02,370.53000000,37053000000,8,1596412799,1596412143,656,1,0xf79d6afbb6da890132f9d7c355e3015f15f3406f,10583439,0x0a4213cdbb0c79c094633c70851a4af2894a1d1fb55b85c87af7ef7a5bd82ea0,253,close
2020-08-03,386.44059723,38644059723,8,1596499199,1596498312,887,1,0xf79d6afbb6da890132f9d7c355e3015f15f3406f,10589882,0x96b22a4ce0d5de5be6ec6b9921d05606a066e18d75243095530ad3cf2cd97f68,113,close
2020-08-04,389.43074775,38943074775,8,1596585599,1596585481,118,1,0xf79d6afbb6da890132f9d7c355e3015f15f3406f,10596362,0x3cbee66ed8a368cac0ea593bbd914f63241107cd747eec00b35ad84bb4985b24,202,close
2020-08-05,401.38000000,40138000000,8,1596671999,1596671215,784,1,0xf79d6afbb6da890132f9d7c355e3015f15f3406f,10602767,0xc5d99341c68ebc3ef689b43545e09f02a717a8a88d83aad494f00ed796f0ba99,9,close
2020-08-06,394.06530424,39406530424,8,1596758399,1596750709,7690,2,0xf79d6afbb6da890132f9d7c355e3015f15f3406f,10608751,0x030831657997dfd6230d71813f1d36643abe68b119160817fa5c9032684f0bbd,252,close
2020-08-07,379.64620059,37964620059,8,1596844799,1596843789,1010,2,0xf79d6afbb6da890132f9d7c355e3015f15f3406f,10615755,0x5fcf374dbdcca6b217e5ca07ad5c8d9d7d45b244a3330853b7260d09c10dbd83,154,close
2020-08-08,393.98737606,39398737606,8,1596931199,1596931189,10,2,0xf79d6afbb6da890132f9d7c355e3015f15f3406f,10622280,0xcf7df5d8d2a0981f316194becf522c9f89df7ede6b2b26e05a807b0e2c161a6f,95,close
2020-08-09,388.80000000,38880000000,8,1597017599,1597012967,4632,2,0xf79d6afbb6da890132f9d7c355e3015f15f3406f,10628462,0x596426cb75c65ae2dcece21b911860b94fa45152174dcfa7dda091cd3e11ee1f,161,close
2020-08-10,395.64000000,39564000000,8,1597103999,1597102591,1408,2,0xf79d6afbb6da890132f9d7c355e3015f15f3406f,10635194,0xea26a8476a517fd5007fe9b7ddc04b3b61bf75fa30d0ede3d99bebbd0e5a92b2,124,close
2020-08-11,378.81000000,37881000000,8,1597190399,1597188434,1965,2,0xf79d6afbb6da890132f9d7c355e3015f15f3406f,10641608,0x8af613ce42c390d4d5894c168e2acd8af7fe24f5c894065119a341559bb4b765,176,close
2020-08-12,386.11656830,38611656830,8,1597276799,1597270222,6577,2,0xf79d6afbb6da890132f9d7c355e3015f15f3406f,10647775,0x8b8399b675b4f6446fccabde82daa276e6468d49bf69e908ff63c8ed742be515,166,close
2020-08-13,426.47000000,42647000000,8,1597363199,1597362350,849,2,0xf79d6afbb6da890132f9d7c355e3015f15f3406f,10654688,0x1ced36f08d4ff63fa89469a39f9ad9e8ada4ed5c03e6027da70e7785c3e62411,148,close
2020-08-14,437.91665870,43791665870,8,1597449599,1597440839,8760,2,0xf79d6afbb6da890132f9d7c355e3015f15f3406f,10660620,0x47412efe9b268b417ed190ff8441e2a772705819d5df0e4edf51c5394a10efca,124,close
2020-08-15,432.92372199,43292372199,8,1597535999,1597534397,1602,2,0xf79d6afbb6da890132f9d7c355e3015f15f3406f,10667599,0x11fe4f643de3f302ff174cd76bcd165e0e910f4029ff25b2302d2c0bebe8caa0,137,close
2020-08-16,433.50000000,43350000000,8,1597622399,1597618822,3577,2,0xf79d6afbb6da890132f9d7c355e3015f15f3406f,10673964,0xba8b36a96ac7a324a90ceec8fd991aaa270a379f0cda2e5d9e645c476e20e7f4,151,close
2020-08-17,430.21067992,43021067992,8,1597708799,1597708022,777,2,0xf79d6afbb6da890132f9d7c355e3015f15f3406f,10680574,0x8abef956af717270bb93042337343183deb391e4144e7e63a796381a30817ae2,66,close
2020-08-18,422.23000000,42223000000,8,1597795199,1597795157,42,2,0xf79d6afbb6da890132f9d7c355e3015f15f3406f,10687187,0x4f34b714f733b5d314d135068efeea82c0094ee67fc12f191238df653928caa0,175,close
2020-08-19,407.28553163,40728553163,8,1597881599,1597872421,9178,2,0xf79d6afbb6da890132f9d7c355e3015f15f3406f,10692952,0xd82f12b7fa527781828137ff1b20cf6afae6503cd744ef14046b1e89bf75d9e2,103,close
2020-08-20,415.72579286,41572579286,8,1597967999,1597963376,4623,2,0xf79d6afbb6da890132f9d7c355e3015f15f3406f,10699854,0x585fcb7cbe4c623a41fe897e3fe97d042ce7285f57d5e9958bcf7d9bc0283e83,161,close
2020-08-21,386.10000000,38610000000,8,1598054399,1598053230,1169,2,0xf79d6afbb6da890132f9d7c355e3015f15f3406f,10706641,0x286b2e00453505c86d9740dcb04bd986615392e5518eef842b9cdee09427a6a3,242,close
2020-08-22,395.13124405,39513124405,8,1598140799,1598138561,2238,2,0xf79d6afbb6da890132f9d7c355e3015f15f3406f,10713004,0x82d2c358694450e91748feac1d89b7c9667222a2302fa2b6592f0b8530b3ffc2,71,close
2020-08-23,391.23000000,39123000000,8,1598227199,1598223456,3743,2,0xf79d6afbb6da890132f9d7c355e3015f15f3406f,10719454,0x9e959833b602e0548b0d34f75f763bd03838b24c5153a50e8223f076600305c5,63,close
2020-08-24,409.52000000,40952000000,8,1598313599,1598311747,1852,2,0xf79d6afbb6da890132f9d7c355e3015f15f3406f,10726143,0x7aac3d91501c4986520ac23332240630fcaa97cb82f22d8c861369a7c35d6704,92,close
2020-08-25,383.66000000,38366000000,8,1598399999,1598394042,5957,2,0xf79d6afbb6da890132f9d7c355e3015f15f3406f,10732269,0x709492ea9b621c54d0b056aa49ce8791dfad72c89f2d4ea55de428f3596773d6,64,close
2020-08-26,385.98433954,38598433954,8,1598486399,1598486143,256,2,0xf79d6afbb6da890132f9d7c355e3015f15f3406f,10739242,0x776b2b57b235b7f2f0a3bd5356f9f9a95ac130632a78c476ac24f80e3e3d2547,57,close
2020-08-27,382.02500000,38202500000,8,1598572799,1598570445,2354,2,0xf79d6afbb6da890132f9d7c355e3015f15f3406f,10745571,0x58179df9ada73fee06b365e1b4b0e22cf81e5d6f6f4f86aaeb54a671f8ef0f28,53,close
2020-08-28,396.03300000,39603300000,8,1598659199,1598658442,757,2,0xf79d6afbb6da890132f9d7c355e3015f15f3406f,10752229,0xf5053824dcc1d8c281232c6ba6d8e19a80e8be6dfa7f0a853de8357febbb8270,130,close
2020-08-29,399.95000000,39995000000,8,1598745599,1598745148,451,2,0xf79d6afbb6da890132f9d7c355e3015f15f3406f,10758765,0xb3cf3c03af84b1f077ca9c7c34c952b4bdd2319faeb2109d684d9e7d9de1ccef,39,close
2020-08-30,428.27565626,42827565626,8,1598831999,1598829777,2222,2,0xf79d6afbb6da890132f9d7c355e3015f15f3406f,10765176,0xb47c26f3584f69060762520e13ad16d643531af2c6668500a151dfb1d2b10462,192,close
2020-08-31,436.96000000,43696000000,8,1598918399,1598914458,3941,2,0xf79d6afbb6da890132f9d7c355e3015f15f3406f,10771603,0xb57f23f286b0807e103f20dd37c1e5667bd17a433648975df357e0d1595f3eda,33,close
2020-09-01,476.69000000,47669000000,8,1599004799,1599004653,146,2,0xf79d6afbb6da890132f9d7c355e3015f15f3406f,10778443,0x692780166ce6efa30b70d9add4ba45b591a7ab73eee2f3535e7d3b653a7ac2d1,95,close
2020-09-02,440.04050689,44004050689,8,1599091199,1599091172,27,2,0xf79d6afbb6da890132f9d7c355e3015f15f3406f,10784944,0x0f003912ec0d5fc6669dc11f14dfed9d58359dfa3f45a2de0f5e1d4fbd5a6cf6,170,close
2020-09-03,384.02078554,38402078554,8,1599177599,1599176906,693,2,0xf79d6afbb6da890132f9d7c355e3015f15f3406f,10791361,0xe55a51d9a9826d250ddf271945789fece6ad5fa3cb05e70b9b5d0b165ecbb12e,276,close
2020-09-04,388.25000000,38825000000,8,1599263999,1599260199,3800,2,0xf79d6afbb6da890132f9d7c355e3015f15f3406f,10797725,0x24ef637fbeaa4419af8fc275d94fd2419e750061eecbda929cc5324c9ac53010,146,close
2020-09-05,333.13000000,33313000000,8,1599350399,1599349899,500,2,0xf79d6afbb6da890132f9d7c355e3015f15f3406f,10804520,0x31b1706d277c1046f5a79ecde329b0a156c97b39e94947b639ff053635a9f0b6,115,close
2020-09-06,353.46067414,35346067414,8,1599436799,1599435383,1416,2,0xf79d6afbb6da890132f9d7c355e3015f15f3406f,10811078,0xa73a940532ebc21abc9f800fd64617b6190c5ef50beb3b1d222896feb9331db1,158,close
2020-09-07,352.75000000,35275000000,8,1599523199,1599519638,3561,2,0xf79d6afbb6da890132f9d7c355e3015f15f3406f,10817364,0x35b87bb1eb0d3bffbaa1e1e638e60089f18cc39a632b9379bd61ee5350c9125c,249,close
2020-09-08,337.67279073,33767279073,8,1599609599,1599606163,3436,2,0xf79d6afbb6da890132f9d7c355e3015f15f3406f,10823898,0xc215010992fddea91cbcc66927b5edd1350fd349542b07cf60d72e5789d10059,106,close
2020-09-09,350.94000000,35094000000,8,1599695999,1599695782,217,2,0xf79d6afbb6da890132f9d7c355e3015f15f3406f,10830636,0xf0ca64a803716445a083bb1e21109c1fb2ead270b00893f3787b7c6ca986596c,180,close
2020-09-10,367.16412158,36716412158,8,1599782399,1599775187,7212,2,0xf79d6afbb6da890132f9d7c355e3015f15f3406f,10836622,0x674428ecc58765d6c67b6b008008d2cc4d23ff53d51aad05891d386957218c56,141,close
2020-09-11,373.43000000,37343000000,8,1599868799,1599862491,6308,2,0xf79d6afbb6da890132f9d7c355e3015f15f3406f,10843226,0xbe4a0a7a0c91dc861ec9ff5c1a4836356ca0ec565e0165974d498586ddd9594a,292,close
2020-09-12,387.60000000,38760000000,8,1599955199,1599955112,87,2,0xf79d6afbb6da890132f9d7c355e3015f15f3406f,10850227,0x72862590dbed251836fa44e4a1b9e1b2f32980c4193102d0315fd84e94c9eec9,156,close
2020-09-13,364.89081477,36489081477,8,1600041599,1600034151,7448,2,0xf79d6afbb6da890132f9d7c355e3015f15f3406f,10856199,0x1ae30d9e131684c35f0a286b3aec2938761dbbe36501b052eaed6e45213f437b,147,close
2020-09-14,376.75318623,37675318623,8,1600127999,1600126480,1519,2,0xf79d6afbb6da890132f9d7c355e3015f15f3406f,10863112,0xa21191c7bbe8a3ba80489709dcaeeb9105f79036da01001781a24a0e1eb91337,171,close
2020-09-15,363.85393883,36385393883,8,1600214399,1600212681,1718,2,0xf79d6afbb6da890132f9d7c355e3015f15f3406f,10869644,0x7ce435a06471ec59c4e15eb7a950abc21a41e94b416e654cc9da220e2fc7a755,164,close
2020-09-16,365.55000000,36555000000,8,1600300799,1600298959,1840,2,0xf79d6afbb6da890132f9d7c355e3015f15f3406f,10876092,0xb51fc27f4dccc2d90cfc3adf4d3736a556ce9168d4eb1a5787fddaa386ade76c,162,close
2020-09-17,390.20000000,39020000000,8,1600387199,1600384710,2489,2,0xf79d6afbb6da890132f9d7c355e3015f15f3406f,10882666,0x7696f13d072f1ca1672eefd9d63c7cded4d8e3c6945ad0a28bd4c52527340eef,161,close
2020-09-18,384.12587317,38412587317,8,1600473599,1600473527,72,2,0xf79d6afbb6da890132f9d7c355e3015f15f3406f,10889266,0x81143726cbdb1737012964539a9b32863773dc801cc402d82870c805b2dbd1ef,258,close
2020-09-19,385.68000000,38568000000,8,1600559999,1600558491,1508,2,0xf79d6afbb6da890132f9d7c355e3015f15f3406f,10895688,0x8fbc67a4463a594aaa28ae5a4a45a36b2488cd8909a41b96d2befe08c412db2b,160,close
2020-09-20,371.11092322,37111092322,8,1600646399,1600643660,2739,2,0xf79d6afbb6da890132f9d7c355e3015f15f3406f,10902183,0x801570a44a2ccc9a53ad9f19a26f1ab092917edfb71573f216b6f237a5370535,330,close
2020-09-21,343.50000000,34350000000,8,1600732799,1600729721,3078,2,0xf79d6afbb6da890132f9d7c355e3015f15f3406f,10908730,0x74f0fec44af1985c6a6db207ac7e0ada76b4d8f27cf4ca93b9500745c579d969,179,close
2020-09-22,344.72881742,34472881742,8,1600819199,1600810192,9007,2,0xf79d6afbb6da890132f9d7c355e3015f15f3406f,10914715,0xf48c87953c6f34afbb626229b25b5699598c0ff8e4dcccef3d73c1de38f687bb,69,close
2020-09-23,320.40000000,32040000000,8,1600905599,1600903354,2245,2,0xf79d6afbb6da890132f9d7c355e3015f15f3406f,10921737,0x7bc1929f9971664a2e70e8d406b71836a3d921e347228a70d1a542616612a207,3,close
2020-09-24,349.51953295,34951953295,8,1600991999,1600987670,4329,2,0xf79d6afbb6da890132f9d7c355e3015f15f3406f,10928111,0xbb544b21ab402e9eb364b5ec0b5471442b48071edca54ddbde1eaff5907fbe7a,18,close
2020-09-25,352.15000000,35215000000,8,1601078399,1601075689,2710,2,0xf79d6afbb6da890132f9d7c355e3015f15f3406f,10934676,0x367cf70dc3ef605b50d2852683827b39a5e4537291812f000778fa5e1ec1c656,59,close
2020-09-26,353.97000000,35397000000,8,1601164799,1601160029,4770,2,0xf79d6afbb6da890132f9d7c355e3015f15f3406f,10940933,0x77a349fdc9fe7637cd199d2ebc203f02c4838a791908f97530b56b94cad0c7af,222,close
2020-09-27,357.23000000,35723000000,8,1601251199,1601250380,819,2,0xf79d6afbb6da890132f9d7c355e3015f15f3406f,10947628,0xc027d9b03c02933e0742549599bfdea2516937b9eb728c5786d4062ae8c3f847,182,close
2020-09-28,354.19000000,35419000000,8,1601337599,1601336955,644,2,0xf79d6afbb6da890132f9d7c355e3015f15f3406f,10954032,0xea02e8626045494d627d9e8cb2ee52cdcff52d4f954360a1e0f57939049d91c9,280,close
2020-09-29,359.88000000,35988000000,8,1601423999,1601421337,2662,2,0xf79d6afbb6da890132f9d7c355e3015f15f3406f,10960261,0xe2b285b521b1c84491abaad1ff4567934d93b90dd4dcd8ee914f1fbd24e8bff1,286,close
2020-09-30,360.88858190,36088858190,8,1601510399,1601508244,2155,2,0xf79d6afbb6da890132f9d7c355e3015f15f3406f,10966711,0x04217cffe8151bc3884f03f95738429d00f1b655fe18628ae601d37dcfa2094f,226,close
2020-10-01,351.77000000,35177000000,8,1601596799,1601586033,10766,2,0xf79d6afbb6da890132f9d7c355e3015f15f3406f,10972501,0xff3d63674815b9f26ca7210cfb1ba5e36d305259d605db44be6fdc76e8d5a0b8,222,close
2020-10-02,345.52314828,34552314828,8,1601683199,1601680090,3109,2,0xf79d6afbb6da890132f9d7c355e3015f15f3406f,10979444,0xe54a469f5c01ce1ed2dc6b90c28248a7380a1ccae4ebc9a2a55ce85270cf4e7b,110,close
2020-10-03,347.28000000,34728000000,8,1601769599,1601764859,4740,2,0xf79d6afbb6da890132f9d7c355e3015f15f3406f,10985696,0x5e98e09a28b3ba32c0a8a69a58e6322660282da59dd53a70eccc9d1506d13480,51,close
2020-10-04,351.91000000,35191000000,8,1601855999,1601845284,10715,2,0xf79d6afbb6da890132f9d7c355e3015f15f3406f,10991643,0x50b45a31b6be1b34cccf7696bddcca85e94dd000392d17f66bc3f24769ae92fc,209,close
2020-10-05,353.86250097,35386250097,8,1601942399,1601936761,5638,2,0xf79d6afbb6da890132f9d7c355e3015f15f3406f,10998420,0x6d6f842a6203bb13c0579f18113ce32c2bf5dd6c9d4e8d1a417c05995e2a7b24,291,close
2020-10-06,339.47000000,33947000000,8,1602028799,1602021037,7762,2,0xf79d6afbb6da890132f9d7c355e3015f15f3406f,11004702,0x703b0823f53c9ad8d7c12e4017599e0818931826076b96dc691adbaf4d9d5879,215,close
2020-10-07,341.37186818,34137186818,8,1602115199,1602114162,1037,3,0x00c7a37b03690fb9f41b5c5af8131735c7275446,11011580,0x97d134be2661da4588e9d626aa4e7677855603f20718ed628d5415c84c7a428b,90,close
2020-10-08,350.94000000,35094000000,8,1602201599,1602192744,8855,3,0x00c7a37b03690fb9f41b5c5af8131735c7275446,11017301,0x4c8534bc79f6bff7c61fb6bd3961a3534c54d22084ec0f6238dff38a79d5b4d6,98,close
2020-10-09,365.49000000,36549000000,8,1602287999,1602287310,689,3,0x00c7a37b03690fb9f41b5c5af8131735c7275446,11024300,0x52afdb64a6bf547b2b9fd1db2f816423ca16dc3b3f48468dc5e79ddfd7faade6,132,close
2020-10-10,370.39565234,37039565234,8,1602374399,1602372927,1472,3,0x00c7a37b03690fb9f41b5c5af8131735c7275446,11030755,0xb9a76c269f4e9da71d9eeeefaa0b111661d6febbef21e89795fd25128327e4d0,147,close
2020-10-11,374.19000000,37419000000,8,1602460799,1602459850,949,3,0x00c7a37b03690fb9f41b5c5af8131735c7275446,11037355,0x16d12a36c1237662863d7832acc2e9876eec14569860cba55be7f2133b935a65,8,close
2020-10-12,387.66666816,38766666816,8,1602547199,1602547017,182,3,0x00c7a37b03690fb9f41b5c5af8131735c7275446,11043865,0xcf9413f360e0c0a389a65497e8dc9d9e01d8a3c26d01d0bc6f0fb52ad9996240,290,close
2020-10-13,381.14132667,38114132667,8,1602633599,1602633343,256,3,0x00c7a37b03690fb9f41b5c5af8131735c7275446,11050428,0x8290c9db806b91c49c5956f3722f533e38ff0825dd32641eaa62a81c284e464f,239,close
2020-10-14,379.43755045,37943755045,8,1602719999,1602719718,281,3,0x00c7a37b03690fb9f41b5c5af8131735c7275446,11056963,0xa5e558f8857224c761888bd688b746ff3b8f8f564b89ad6b913ae7d2d0808d3f,67,close
2020-10-15,377.37000000,37737000000,8,1602806399,1602806114,285,3,0x00c7a37b03690fb9f41b5c5af8131735c7275446,11063533,0x18c89e547fdc80cf3f53447fba8a62a6b0f9de8e6b50c4f903bd2187bcde57da,298,close
2020-10-16,365.81000000,36581000000,8,1602892799,1602892512,287,3,0x00c7a37b03690fb9f41b5c5af8131735c7275446,11070026,0x75f638f00ea6aea5ad84c8410b93b3e6c99f78e5db7c5f8b76739b18dfb561d9,71,close
2020-10-17,368.67000000,36867000000,8,1602979199,1602978942,257,3,0x00c7a37b03690fb9f41b5c5af8131735c7275446,11076555,0xa8c68e07390757e0ad04fc39313dd8cbe64b80e294abc57ce9732cac21e4aa68,88,close
2020-10-18,378.12226867,37812226867,8,1603065599,1603065474,125,3,0x00c7a37b03690fb9f41b5c5af8131735c7275446,11083015,0x47803494c39c11d484246057b2ca2047c56619037a321252824709b8996c446a,305,close
2020-10-19,379.69000000,37969000000,8,1603151999,1603151731,268,3,0x00c7a37b03690fb9f41b5c5af8131735c7275446,11089600,0xc1dcf8869bd7230f0e28ab6b4c265e2846ad64a1c298f72d7a3421477a2c9458,173,close
2020-10-20,368.72000000,36872000000,8,1603238399,1603238242,157,3,0x00c7a37b03690fb9f41b5c5af8131735c7275446,11096112,0xacbb5d4f81afa26e1f5b62353b44657c625e264576e1f5ab1bc6b5093a181560,257,close
2020-10-21,392.14000000,39214000000,8,1603324799,1603324574,225,3,0x00c7a37b03690fb9f41b5c5af8131735c7275446,11102621,0xd24a4f7289d159f3e4373e16d286a3963bbca8f0b32e3f9c1c24c45b59b3e852,34,close
2020-10-22,413.99000000,41399000000,8,1603411199,1603410942,257,3,0x00c7a37b03690fb9f41b5c5af8131735c7275446,11109159,0xeb63faa9c54971cdce57741f6f12f9b21d66af93fcb84dc8685d7a95c95fbbaa,200,close
2020-10-23,409.37461084,40937461084,8,1603497599,1603497433,166,3,0x00c7a37b03690fb9f41b5c5af8131735c7275446,11115639,0x3db9d2d80641c01f299b323e71f0c87e4adf1d8aa802353d31da00f43cab8fe4,244,close
2020-10-24,412.52000000,41252000000,8,1603583999,1603583743,256,3,0x00c7a37b03690fb9f41b5c5af8131735c7275446,11122215,0x3ae708df2c339406eac5d882f0b80bba1fe1f6e7a78db871bbf827d7e717fd73,14,close
2020-10-25,406.32081980,40632081980,8,1603670399,1603670199,200,3,0x00c7a37b03690fb9f41b5c5af8131735c7275446,11128696,0x725eebcf0cf44958d85518a4b4ae6370525c6f6700fb7a39c08e6ed0a08fdc28,66,close
2020-10-26,393.80665776,39380665776,8,1603756799,1603756510,289,3,0x00c7a37b03690fb9f41b5c5af8131735c7275446,11135160,0xdd5d754a9df8abfc3d8ad97e209185c2f9107e4be554056c53c0d101faadf798,206,close
2020-10-27,403.72500000,40372500000,8,1603843199,1603843084,115,3,0x00c7a37b03690fb9f41b5c5af8131735c7275446,11141713,0x27baf665d21c36459a9e78ba071f338111df205e090e6a90090f3984a89a66ed,261,close
2020-10-28,389.05052468,38905052468,8,1603929599,1603929415,184,3,0x00c7a37b03690fb9f41b5c5af8131735c7275446,11148266,0x6aef90f4d757e1b2dec9588c3657db72a7afa053a36aafc03f331dd95a0070a4,252,close
2020-10-29,386.69215066,38669215066,8,1604015999,1604015745,254,3,0x00c7a37b03690fb9f41b5c5af8131735c7275446,11154783,0x65ff6ec05c00d90d12f6dc8e619517dddb0548050d96da4209dfbc41ebce5707,81,close
2020-10-30,383.39000000,38339000000,8,1604102399,1604102142,257,3,0x00c7a37b03690fb9f41b5c5af8131735c7275446,11161276,0xe9df0bce5d5f919048848a02d650c8c9fb02e7170a148e8b6aaa7723a66b50f7,135,close
2020-10-31,386.75410311,38675410311,8,1604188799,1604188524,275,3,0x00c7a37b03690fb9f41b5c5af8131735c7275446,11167790,0xe75678c94ffe6af20cee73b19cb6a1aa7b3e9b438319a55c8e7f5eb6b9ee1eff,247,close
2020-11-01,395.66000000,39566000000,8,1604275199,1604275038,161,3,0x00c7a37b03690fb9f41b5c5af8131735c7275446,11174314,0xaab01f8ca3f0ac18a655491887f375538fecb966fe4d3cff483ad1385016c3a9,238,close
2020-11-02,383.97000000,38397000000,8,1604361599,1604361342,257,3,0x00c7a37b03690fb9f41b5c5af8131735c7275446,11180773,0xae937304fc0b12f5a240203be8d2c1da92e3693d436498995d918aba688c79d6,185,close
2020-11-03,387.68000000,38768000000,8,1604447999,1604447714,285,3,0x00c7a37b03690fb9f41b5c5af8131735c7275446,11187293,0x28e3bbf90c691771cb292a73a2b059bdbaee6b8a0aaacb56ca51598ca211e9c4,180,close
2020-11-04,401.96087263,40196087263,8,1604534399,1604534113,286,3,0x00c7a37b03690fb9f41b5c5af8131735c7275446,11193826,0xb959c6b27e2f898e4e3503975c9a1b1567beec7b87d180bfc4b010f8237554b4,263,close
2020-11-05,416.29000000,41629000000,8,1604620799,1604620517,282,3,0x00c7a37b03690fb9f41b5c5af8131735c7275446,11200345,0x7036490fbae821b91a7bfed4adf9de90b8df8d9a82846ff6b7b95483ac97aa04,106,close
2020-11-06,456.14000000,45614000000,8,1604707199,1604706930,269,3,0x00c7a37b03690fb9f41b5c5af8131735c7275446,11206881,0x8d89959a0adf42015d3b49ed7c72cd14cb9c86b811a5243e4227153fc42fd3fe,19,close
2020-11-07,436.10000000,43610000000,8,1604793599,1604793385,214,3,0x00c7a37b03690fb9f41b5c5af8131735c7275446,11213388,0xe136052c8ca1fe12118f3c9de39edb7823330cb578b9eb29a489fada6aa354b0,78,close
2020-11-08,454.93972670,45493972670,8,1604879999,1604879734,265,3,0x00c7a37b03690fb9f41b5c5af8131735c7275446,11219917,0x7892a838d26f6e1532c11ab8544ade02976e90bbf50e7b6a78fc8b49884b0d3f,176,close
2020-11-09,445.08310956,44508310956,8,1604966399,1604966117,282,3,0x00c7a37b03690fb9f41b5c5af8131735c7275446,11226427,0x03debbb11731f3c6da7676a45ace3060238895b55ae00c08578426ef3c59594a,177,close
2020-11-10,450.40746563,45040746563,8,1605052799,1605052527,272,3,0x00c7a37b03690fb9f41b5c5af8131735c7275446,11232872,0xec884b2a476ae473b082a6ecbc16086fade7d8328024ae6180848b10b613a769,63,close
2020-11-11,463.90098608,46390098608,8,1605139199,1605138906,293,3,0x00c7a37b03690fb9f41b5c5af8131735c7275446,11239404,0x25a45b088bdde94834c5550d6cbc34dc9ab786801b49fbfa74c23f20b266030e,200,close
2020-11-12,462.41816176,46241816176,8,1605225599,1605225346,253,3,0x00c7a37b03690fb9f41b5c5af8131735c7275446,11245926,0x34cc78e08ef7c71228cdaddec9eccc69acae5240e8edf4a647285633228cd942,62,close
2020-11-13,476.53764930,47653764930,8,1605311999,1605311754,245,3,0x00c7a37b03690fb9f41b5c5af8131735c7275446,11252446,0xc839676fde9144671f2666507619bc03e79ef5d5e4f36b8dbbbb9318dbafbb74,230,close
2020-11-14,462.50455777,46250455777,8,1605398399,1605398145,254,3,0x00c7a37b03690fb9f41b5c5af8131735c7275446,11258995,0x2b73e16d041ec0de6e88d1c74cb6f38c5c88cecf7f309b66da2be230132f02d9,209,close
2020-11-15,449.01316623,44901316623,8,1605484799,1605484521,278,3,0x00c7a37b03690fb9f41b5c5af8131735c7275446,11265544,0x20597256b6c667de4012d0e39ee26e4aa1dad51c46b872d30af08d131980f170,184,close
2020-11-16,461.43000000,46143000000,8,1605571199,1605570966,233,3,0x00c7a37b03690fb9f41b5c5af8131735c7275446,11272024,0x3a6aba119e9389084b9742265e0bd7eecd3d05b81ba757646c7202df1e45c7dd,136,close
2020-11-17,482.83503294,48283503294,8,1605657599,1605657382,217,3,0x00c7a37b03690fb9f41b5c5af8131735c7275446,11278546,0x840a55eb0ca89f405510995921cfee82c68488a613fe17c3591b53164877225d,63,close
2020-11-18,479.94176853,47994176853,8,1605743999,1605743734,265,3,0x00c7a37b03690fb9f41b5c5af8131735c7275446,11284988,0x110f5cdb08a7575f535da5e083509ae339e387499afe1242a6a07c348e9cc89c,226,close
2020-11-19,471.58787735,47158787735,8,1605830399,1605830123,276,3,0x00c7a37b03690fb9f41b5c5af8131735c7275446,11291597,0x80c9bdb282aac8d18836f95ccbf95b626f66c4fd7fdfc302e959494577801ce0,57,close
2020-11-20,509.48000000,50948000000,8,1605916799,1605916548,251,3,0x00c7a37b03690fb9f41b5c5af8131735c7275446,11298056,0x5680e0d69ae6347568619326a8cca4aceb02ef69daf30e8afffe1337988d46ec,29,close
2020-11-21,550.59000000,55059000000,8,1606003199,1606002993,206,3,0x00c7a37b03690fb9f41b5c5af8131735c7275446,11304631,0x8f479b534a60c533a756ac9f1ccc01f216926d9382df0af678fb079462878ef1,220,close
2020-11-22,560.51000000,56051000000,8,1606089599,1606089597,2,3,0x00c7a37b03690fb9f41b5c5af8131735c7275446,11311151,0x5741d2f35e707ed3fe07efc28114439dc6132ae9a83ec5f6d740bf9f21fb5151,87,close
2020-11-23,608.41059036,60841059036,8,1606175999,1606175793,206,3,0x00c7a37b03690fb9f41b5c5af8131735c7275446,11317593,0xb9f25caeddf89c7456efc94274527c2d1faa41a07dd0a030058f2bf98fc337eb,242,close
2020-11-24,603.21748092,60321748092,8,1606262399,1606262293,106,3,0x00c7a37b03690fb9f41b5c5af8131735c7275446,11324165,0x768e7bce6763d3ee5b0f4a7614ffc03ae5434012f50cc8a7027240544d3e178a,227,close
2020-11-25,572.76317307,57276317307,8,1606348799,1606348522,277,3,0x00c7a37b03690fb9f41b5c5af8131735c7275446,11330618,0x80224f5a989f0cd17f02f4da1f5f1cd622c9baacbcafa975427ce87b7d896b09,169,close
2020-11-26,517.96000000,51796000000,8,1606435199,1606435178,21,3,0x00c7a37b03690fb9f41b5c5af8131735c7275446,11337171,0xa14059f8ce339752b5e7b642510baef9cda13028acffa5277351ceca8e3dc33b,173,close
2020-11-27,517.11470331,51711470331,8,1606521599,1606521372,227,3,0x00c7a37b03690fb9f41b5c5af8131735c7275446,11343571,0xdc72ef2de7102c78fc0867b87a314a218d035f13edb6095c0f085f51537e3255,121,close
2020-11-28,537.81570344,53781570344,8,1606607999,1606607751,248,3,0x00c7a37b03690fb9f41b5c5af8131735c7275446,11350173,0x6a8369fbb116ed51284fa470c983a55c74a6f42369ef876481d5cbadd60daec9,58,close
2020-11-29,573.94156891,57394156891,8,1606694399,1606694132,267,3,0x00c7a37b03690fb9f41b5c5af8131735c7275446,11356685,0x9049c4f3c4b187ff972604776c0e48062c7f52d81370942634979cf24c48d1e8,53,close
2020-11-30,614.80098843,61480098843,8,1606780799,1606780642,157,3,0x00c7a37b03690fb9f41b5c5af8131735c7275446,11363252,0x046e1c557c5f3519de414ca1f58fb35139b148f9f2e9b85ddc417c6fb75c3849,63,close
2020-12-01,589.96000000,58996000000,8,1606867199,1606866912,287,3,0x00c7a37b03690fb9f41b5c5af8131735c7275446,11369767,0x5f5dc8f5df789efc847d744fda078353fb8601a7dc7b1a9b18f5f044293ee877,217,close
2020-12-02,598.60803408,59860803408,8,1606953599,1606953359,240,3,0x00c7a37b03690fb9f41b5c5af8131735c7275446,11376218,0x7b758eabe9d04157c4c3f400808dcfa86289848a3a0101e699177729eacbe9f5,132,close
2020-12-03,617.14248885,61714248885,8,1607039999,1607039728,271,3,0x00c7a37b03690fb9f41b5c5af8131735c7275446,11382769,0xcdf62cf0d44b475dccdee85b1a8cb6f13183e26ad31f5432d0219c58ba1460cc,111,close
2020-12-04,570.51670746,57051670746,8,1607126399,1607126235,164,3,0x00c7a37b03690fb9f41b5c5af8131735c7275446,11389226,0x3745a857946badca11a3d7ef74ab11585494334b73f82832f8f04ea51d41d166,152,close
2020-12-05,595.70000000,59570000000,8,1607212799,1607212530,269,3,0x00c7a37b03690fb9f41b5c5af8131735c7275446,11395709,0x8b624964c296dc1e780fcb875a00890ae5dc38293d229063291bcdebe6caeb2c,196,close
2020-12-06,601.56429123,60156429123,8,1607299199,1607299009,190,3,0x00c7a37b03690fb9f41b5c5af8131735c7275446,11402276,0xd176a98165cb247f0c36af4f449aa3e1fb38ae1ceaa54e7cc284757206baa006,273,close
2020-12-07,592.35231513,59235231513,8,1607385599,1607385386,213,3,0x00c7a37b03690fb9f41b5c5af8131735c7275446,11408738,0xae25e0ab2dc8c3f240fcba8cbc375332c265cca426ea8160dac8370dc47f253f,234,close
2020-12-08,554.42000000,55442000000,8,1607471999,1607470294,1705,3,0x00c7a37b03690fb9f41b5c5af8131735c7275446,11415126,0xd7e4cb285238ce95c3944f1f4f026932ba4922e913c74ced252ed6add8bda0a6,164,close
2020-12-09,573.59453014,57359453014,8,1607558399,1607558137,262,3,0x00c7a37b03690fb9f41b5c5af8131735c7275446,11421823,0xeb5a13bb32d315ff408af4813ed785034670e1f7e67bcd74f97bd869725f201f,283,close
2020-12-10,560.46766918,56046766918,8,1607644799,1607644539,260,3,0x00c7a37b03690fb9f41b5c5af8131735c7275446,11428253,0xf9fb7fe06c9f20805737021766c704215b00c14b5c5a1756435de492033dd851,149,close
2020-12-11,545.88829754,54588829754,8,1607731199,1607730995,204,3,0x00c7a37b03690fb9f41b5c5af8131735c7275446,11434735,0x0b5dd42485133d21aaca7af5fa7b505158368b3c6b4909f89f8a44de1fc18aad,71,close
2020-12-12,568.41416041,56841416041,8,1607817599,1607817329,270,3,0x00c7a37b03690fb9f41b5c5af8131735c7275446,11441223,0x0876aea5b1a5dc6e848dba228c8a15ba5c7f5f69d543f3bc420956022a91d404,45,close
2020-12-13,590.47022901,59047022901,8,1607903999,1607903718,281,3,0x00c7a37b03690fb9f41b5c5af8131735c7275446,11447708,0x49c074a5ece62ef66e01c2ba01814a15624fcda0acbef4f9f1066043fc70ac6d,122,close
2020-12-14,585.99000000,58599000000,8,1607990399,1607990257,142,3,0x00c7a37b03690fb9f41b5c5af8131735c7275446,11454248,0xa2294e93d09baf051cee5e7d1a89229e9696f10bc1f5ffaf0340eeceda5849bd,322,close
2020-12-15,589.35702689,58935702689,8,1608076799,1608076620,179,3,0x00c7a37b03690fb9f41b5c5af8131735c7275446,11460735,0x50389ea6ebc6752011a9aa19ffe9cffe8b3cc7a6b6328c8e3b4681c462337770,234,close
2020-12-16,637.28246980,63728246980,8,1608163199,1608163075,124,3,0x00c7a37b03690fb9f41b5c5af8131735c7275446,11467272,0x02f85ef58582a8795843eef187250a35dadf81ad92a956532bd4fcb472c59e57,143,close
2020-12-17,644.00349104,64400349104,8,1608249599,1608249509,90,3,0x00c7a37b03690fb9f41b5c5af8131735c7275446,11473809,0xc3ac25b55c3cb67710165a55e01ccf14d00108d8001ce3cd3b58c7d8416539de,70,close
2020-12-18,654.37483542,65437483542,8,1608335999,1608335757,242,3,0x00c7a37b03690fb9f41b5c5af8131735c7275446,11480294,0x786940fe692731e6590f2f9828926e46a933b7c95a136a367efb37b365945087,25,close
2020-12-19,659.48129883,65948129883,8,1608422399,1608422147,252,3,0x00c7a37b03690fb9f41b5c5af8131735c7275446,11486808,0x0bd325bbad656a99f1d53765a20a5d4af82bbf51a4811ab3d105abe08112a5f6,282,close
2020-12-20,640.21662487,64021662487,8,1608508799,1608508671,128,3,0x00c7a37b03690fb9f41b5c5af8131735c7275446,11493355,0x3893fc7242baf443b1c524cc49b41a3e09fb3ad82cbe5c4d25d64428ef7783a1,71,close
2020-12-21,610.36703496,61036703496,8,1608595199,1608595147,52,3,0x00c7a37b03690fb9f41b5c5af8131735c7275446,11499867,0x13d906e2753532c5a9fa9ba7ec09acc55266336036ed64f42675f02d93979ef5,264,close
2020-12-22,635.19390511,63519390511,8,1608681599,1608681514,85,3,0x00c7a37b03690fb9f41b5c5af8131735c7275446,11506365,0xbb3716c136bfb57c7d0263dff4bde774b551f6c7a52318292afb26ba789aac7c,257,close
2020-12-23,585.79970260,58579970260,8,1608767999,1608767983,16,3,0x00c7a37b03690fb9f41b5c5af8131735c7275446,11512969,0xb65ed4c669df998afc6fefc8b5770b3169117a02dd7e3f3dc2cbd49b9a0d3234,280,close
2020-12-24,612.33581435,61233581435,8,1608854399,1608854188,211,3,0x00c7a37b03690fb9f41b5c5af8131735c7275446,11519424,0xd3dc806ae800381e9686b83dda789ab160cb4a0507f46d67d980d84f8d7e2b97,257,close
2020-12-25,626.85731475,62685731475,8,1608940799,1608940782,17,3,0x00c7a37b03690fb9f41b5c5af8131735c7275446,11525873,0x0771d2122bb83bbd65cabc87d82a89144916ba2fa44423d6e03236b84d3e7e07,232,close
2020-12-26,636.01895142,63601895142,8,1609027199,1609027043,156,3,0x00c7a37b03690fb9f41b5c5af8131735c7275446,11532444,0xc6a3ca038e75b36336c82cf63376b26be0a054b57323e1ca396ac9ab97759d48,196,close
2020-12-27,684.72355791,68472355791,8,1609113599,1609113423,176,3,0x00c7a37b03690fb9f41b5c5af8131735c7275446,11538956,0x734256ba955717c772ebcf8b20e613e8dd396b8bb2daabd1b976510a5bfa7307,181,close
2020-12-28,731.52395504,73152395504,8,1609199999,1609199807,192,3,0x00c7a37b03690fb9f41b5c5af8131735c7275446,11545549,0x29bc2a3f3616334ca505fc5a632ee4189e63f0659652f896933f51549f4da54a,211,close
2020-12-29,732.40236659,73240236659,8,1609286399,1609286375,24,3,0x00c7a37b03690fb9f41b5c5af8131735c7275446,11551970,0xd7344e22e32eb0c67575e73ca73f5929bee269acee6030164951742a5f2ac1b5,236,close
2020-12-30,752.48343910,75248343910,8,1609372799,1609372753,46,3,0x00c7a37b03690fb9f41b5c5af8131735c7275446,11558515,0xdb55faa5689cb8c0a09c0186d10f550a804fd35fa7bed9343a28875e68bbe946,236,close
2020-12-31,738.24453293,73824453293,8,1609459199,1609458975,224,3,0x00c7a37b03690fb9f41b5c5af8131735c7275446,11564997,0x5235aa7f95e04027eb410c116e51a847e357383fb7c233a9ac45c30090c72fb7,204,close
2021-01-01,730.39000000,73039000000,8,1609545599,1609545437,162,3,0x00c7a37b03690fb9f41b5c5af8131735c7275446,11571547,0xce5968f5ca9b4d76576efd15088473953c3e0ec15e160c0b95f1b1ec9c97fcb3,77,close
2021-01-02,774.93008045,77493008045,8,1609631999,1609631896,103,3,0x00c7a37b03690fb9f41b5c5af8131735c7275446,11578153,0x9137a3fb6e0d73cd4374e65b3c1a0cbb5fc504e01e9cb6e3f4e4460df957a4ae,21,close
2021-01-03,981.42514672,98142514672,8,1609718399,1609718333,66,3,0x00c7a37b03690fb9f41b5c5af8131735c7275446,11584636,0x5cf53e736dd098bf04d1391e3522a76b56ecb4e018b32fdce32ce861b4029afb,96,close
2021-01-04,1038.39334619,103839334619,8,1609804799,1609804709,90,3,0x00c7a37b03690fb9f41b5c5af8131735c7275446,11591152,0xd691658971ec805704a4d175e9db5ea85e089253b5e4cfbbf37c95076650535e,37,close
2021-01-05,1102.15731147,110215731147,8,1609891199,1609891117,82,3,0x00c7a37b03690fb9f41b5c5af8131735c7275446,11597679,0xf8976c9c0749f410a5a988e92820a8223bb74688f281abd7b6a9cd84d10db478,210,close
2021-01-06,1203.77728136,120377728136,8,1609977599,1609977306,293,3,0x00c7a37b03690fb9f41b5c5af8131735c7275446,11604157,0xa022868b7a040bd57f2f3aa8fd1997792c49d590da697245b489a5b3d1f644d8,130,close
2021-01-07,1225.52471744,122552471744,8,1610063999,1610063836,163,3,0x00c7a37b03690fb9f41b5c5af8131735c7275446,11610603,0xe6c47719d0fc5d6ae4673a063a306d1de17b20d8c856677abc5bcced9e716d87,155,close
2021-01-08,1221.30403602,122130403602,8,1610150399,1610150395,4,3,0x00c7a37b03690fb9f41b5c5af8131735c7275446,11617203,0x2a4cd546987b4b3ae6f8a0a7169846c840331abe7ee661b94d8e5c6e66ee3a53,34,close
2021-01-09,1282.05857494,128205857494,8,1610236799,1610236789,10,3,0x00c7a37b03690fb9f41b5c5af8131735c7275446,11623677,0xbd3bf7347ebabdb7d6ed2356b78aaff245c10fc267f6f53d8a40d36a3a11e2b1,60,close
2021-01-10,1264.34301092,126434301092,8,1610323199,1610323044,155,3,0x00c7a37b03690fb9f41b5c5af8131735c7275446,11630217,0x61e2a4298bbc856d0c3c05438ff13fa017b60721213fcb904739e137001ee2e6,33,close
2021-01-11,1088.24000000,108824000000,8,1610409599,1610409106,493,3,0x00c7a37b03690fb9f41b5c5af8131735c7275446,11636723,0x60576014263e9c9fe28aa81634fd9cdbda04f254158eb50b9d6ecbb8af9dfc84,56,close
2021-01-12,1045.94859801,104594859801,8,1610495999,1610495963,36,3,0x00c7a37b03690fb9f41b5c5af8131735c7275446,11643314,0x3f3004aa6aedcaf4b2a48e0c987c77eceac72a620711509a485ee96c129158a6,162,close
2021-01-13,1128.27000000,112827000000,8,1610582399,1610582133,266,3,0x00c7a37b03690fb9f41b5c5af8131735c7275446,11649860,0x288480320487df31e602d6240f94212437ed77a07f42f13842f6d9ac5e357680,34,close
2021-01-14,1218.67347468,121867347468,8,1610668799,1610668788,11,3,0x00c7a37b03690fb9f41b5c5af8131735c7275446,11656282,0xd25c7db3ae935cf516e90d967446bf95f49daefeabeaf4981a4e40ec5ea15a7b,183,close
2021-01-15,1170.67825676,117067825676,8,1610755199,1610754918,281,3,0x00c7a37b03690fb9f41b5c5af8131735c7275446,11662843,0x426828cd7e17f5240dce24218f5b47c898f8e84806ea771e7b0a12ee1c98cb8f,128,close
2021-01-16,1234.29179455,123429179455,8,1610841599,1610841561,38,3,0x00c7a37b03690fb9f41b5c5af8131735c7275446,11669367,0x7d499045dcd60b947a6110a6781346bcfb5e90cd7aff581c9722848ad4e688c2,190,close
2021-01-17,1233.82265259,123382265259,8,1610927999,1610927871,128,3,0x00c7a37b03690fb9f41b5c5af8131735c7275446,11675857,0x1ad9998e72e6876422dfb03e9cf5dc9aa1aec408552579f10661259808780afe,186,close
2021-01-18,1258.82686524,125882686524,8,1611014399,1611014132,267,3,0x00c7a37b03690fb9f41b5c5af8131735c7275446,11682341,0x5bed4408696c0d8ed8afcd9dd3605ddebff149327699f49193dddaba6ce0ef88,86,close
2021-01-19,1383.95012181,138395012181,8,1611100799,1611100741,58,3,0x00c7a37b03690fb9f41b5c5af8131735c7275446,11688889,0xa8f3accd5980860693a63c11327b07d9a99eac9832ba4c4a19510cc97f35fabb,63,close
2021-01-20,1382.88227317,138288227317,8,1611187199,1611187131,68,3,0x00c7a37b03690fb9f41b5c5af8131735c7275446,11695469,0xa91321d674629d756d0af70d7ab57dbc00a8ca578921b3ba668f9b5e925c3e75,295,close
2021-01-21,1122.99474524,112299474524,8,1611273599,1611273493,106,3,0x00c7a37b03690fb9f41b5c5af8131735c7275446,11701937,0x8356a91fc03625c746c18cb51c1e95bbeed2771eac329b76eae8ed88e0dce495,31,close
2021-01-22,1234.74031740,123474031740,8,1611359999,1611359732,267,3,0x00c7a37b03690fb9f41b5c5af8131735c7275446,11708412,0x93a6e3fd2d94d2d7a51246881d910820e88a5f2699298a02df0b2e02fea003d7,239,close
2021-01-23,1229.56000000,122956000000,8,1611446399,1611446388,11,3,0x00c7a37b03690fb9f41b5c5af8131735c7275446,11714972,0xc043c08e24f78ca19f526378d21d63feb34061bef13e99729bd9cb13350d45ed,183,close
2021-01-24,1392.98542204,139298542204,8,1611532799,1611532769,30,3,0x00c7a37b03690fb9f41b5c5af8131735c7275446,11721453,0x094718c74a7cca2af60163ccecd7ea04e961e143f4ff0e478f188479c9f7c96a,355,close
2021-01-25,1325.31000000,132531000000,8,1611619199,1611619145,54,3,0x00c7a37b03690fb9f41b5c5af8131735c7275446,11727975,0x17e9c574c85b737e9ed8c8752b1abfb9a77040fa9acdd368135037f47ff1722b,176,close
2021-01-26,1354.09815676,135409815676,8,1611705599,1611705325,274,3,0x00c7a37b03690fb9f41b5c5af8131735c7275446,11734477,0xbc3ee4f30d8923edf219a391a7b5f9cf49d2d184754434037488c8af1ed2c4b4,290,close
2021-01-27,1249.61728400,124961728400,8,1611791999,1611791719,280,3,0x00c7a37b03690fb9f41b5c5af8131735c7275446,11740940,0x6a41bb8e864ee06dc16ab68a054459bce38eca84e2f821e7e92b780b9644f15c,89,close
2021-01-28,1329.49799593,132949799593,8,1611878399,1611878211,188,3,0x00c7a37b03690fb9f41b5c5af8131735c7275446,11747444,0x8da490ab243922c97d8c9d2d3f7ad2ba5dad90dfa7669aecf20c0611f08dd2b5,203,close
2021-01-29,1384.01539914,138401539914,8,1611964799,1611964516,283,3,0x00c7a37b03690fb9f41b5c5af8131735c7275446,11753883,0xf846096ad339f0548376b2dde925f4094898fa45f000296940b4e1054d3098d4,262,close
2021-01-30,1378.50400289,137850400289,8,1612051199,1612050935,264,3,0x00c7a37b03690fb9f41b5c5af8131735c7275446,11760278,0x5dbb89c98f781e30d89e1a76eabb435f9fdb04856c858f65540a67b87371dc04,90,close
2021-01-31,1316.52015025,131652015025,8,1612137599,1612137340,259,3,0x00c7a37b03690fb9f41b5c5af8131735c7275446,11766917,0x4548da4fd2eca5aa7701cfa6b511ffcf222cebc1c5a8d66bb8d9bce11ccaf1bd,59,close
2021-02-01,1374.27240180,137427240180,8,1612223999,1612223716,283,3,0x00c7a37b03690fb9f41b5c5af8131735c7275446,11773405,0x70b8206966b924878f504e6145fa3abbc46093bf9a1ba4801e179786dcdfba19,120,close
2021-02-02,1519.07557459,151907557459,8,1612310399,1612310103,296,3,0x00c7a37b03690fb9f41b5c5af8131735c7275446,11779893,0x76a3f0fdbca7233e2e7467b24b44bd7144836abf40db7de355c1d38e370e7f17,243,close
2021-02-03,1659.69300701,165969300701,8,1612396799,1612396556,243,3,0x00c7a37b03690fb9f41b5c5af8131735c7275446,11786390,0x9b0ef1f9afcc708384fd564fa74a73b1a27fb0f7d0e672146b6cea807beb2c76,145,close
2021-02-04,1595.40695008,159540695008,8,1612483199,1612483174,25,3,0x00c7a37b03690fb9f41b5c5af8131735c7275446,11792916,0xa55f495a4b64b457d208148a0e0b8a9df04ec797788a0e506e2db0c2be6ae675,8,close
2021-02-05,1720.49174935,172049174935,8,1612569599,1612569378,221,3,0x00c7a37b03690fb9f41b5c5af8131735c7275446,11799349,0x2dd778b95aeeb417893b9678eb28572ec2faffd7fceaca594088402c79de7aba,275,close
2021-02-06,1682.98000000,168298000000,8,1612655999,1612655757,242,3,0x00c7a37b03690fb9f41b5c5af8131735c7275446,11805864,0xdd57160865988313fb7d0b0e842483b4f093c47ecd6a0a276896828dc12bba29,35,close
2021-02-07,1614.61386403,161461386403,8,1612742399,1612742228,171,3,0x00c7a37b03690fb9f41b5c5af8131735c7275446,11812430,0x39dd397b75076172048503c3ed4b4d8cd530bdf2b1ab6fab514c1b8322f282e3,187,close
2021-02-08,1744.41756236,174441756236,8,1612828799,1612828578,221,3,0x00c7a37b03690fb9f41b5c5af8131735c7275446,11818882,0x2a1e8088915b27f48d896a29238526c295359c060b26107225f82a01ced5a720,31,close
2021-02-09,1767.67026385,176767026385,8,1612915199,1612915028,171,3,0x00c7a37b03690fb9f41b5c5af8131735c7275446,11825380,0x305bdea9e9726e5c94e3cdb7b33a7476450827d800ee94a963c9432b469f9d2a,267,close
2021-02-10,1743.91436690,174391436690,8,1613001599,1613001392,207,3,0x00c7a37b03690fb9f41b5c5af8131735c7275446,11831899,0x951296d9a483294bd19e0ae961d8e607e1f987905180241747267a4616769b4a,162,close
2021-02-11,1783.34973393,178334973393,8,1613087999,1613087785,214,3,0x00c7a37b03690fb9f41b5c5af8131735c7275446,11838418,0x697115d205591341bb2eff79657e4783330eab1140998c3a9cd02b44a349c4ac,135,close
2021-02-12,1843.99840934,184399840934,8,1613174399,1613174115,284,3,0x00c7a37b03690fb9f41b5c5af8131735c7275446,11844943,0x8b70ac37ed6d51fb41a8d842803bea68ca0f10b74fb8986e6187905b76e8a149,226,close
2021-02-13,1816.24773214,181624773214,8,1613260799,1613260583,216,3,0x00c7a37b03690fb9f41b5c5af8131735c7275446,11851359,0xdc1fa78fc875165fc3d105ceb4ad2621a357b48695fffef7f786dfe2df752c11,184,close
2021-02-14,1807.55000000,180755000000,8,1613347199,1613346982,217,3,0x00c7a37b03690fb9f41b5c5af8131735c7275446,11857924,0x010d6109ecd368f75a17292fc622d8b7b28ddc2868622da11375c58a78410f80,133,close
2021-02-15,1777.54965445,177754965445,8,1613433599,1613433310,289,3,0x00c7a37b03690fb9f41b5c5af8131735c7275446,11864419,0x34b8e620a80626ca4ef1ff474df3b3152b062a66426a1d87e7427e19bbdb0b3e,102,close
2021-02-16,1782.58000000,178258000000,8,1613519999,1613519750,249,3,0x00c7a37b03690fb9f41b5c5af8131735c7275446,11870909,0x9002fd64a73c82e9fbc24b4443def80da0e33535f4b9f835648d222bb3a25dbe,173,close
2021-02-17,1844.22923054,184422923054,8,1613606399,1613606154,245,3,0x00c7a37b03690fb9f41b5c5af8131735c7275446,11877450,0x3f10c010d0d64438d16175c0cdd9fac3ab90774c30168f822a7e77c9f27e34ed,103,close
2021-02-18,1937.06308860,193706308860,8,1613692799,1613692516,283,3,0x00c7a37b03690fb9f41b5c5af8131735c7275446,11883899,0x00f3f5e941fcff4dd6885c0dda2850eb73a785852feb873f1fa138515fe43cb1,208,close
2021-02-19,1960.99681807,196099681807,8,1613779199,1613779063,136,3,0x00c7a37b03690fb9f41b5c5af8131735c7275446,11890489,0x68e2f69e664ff64ef78e5f80ce5dff51e1a791fd8c5312839ce0d41924d82d7f,176,close
2021-02-20,1920.61000000,192061000000,8,1613865599,1613865429,170,3,0x00c7a37b03690fb9f41b5c5af8131735c7275446,11896977,0x477d8da0356316fc93497b08100c246ee07d2c65cbbf401e41dcd3977ea7fd21,10,close
2021-02-21,1936.74057941,193674057941,8,1613951999,1613951726,273,3,0x00c7a37b03690fb9f41b5c5af8131735c7275446,11903456,0x3c69d70b7ece1b99817efabf463a999b7e79dbcad259eaff93158ca1a71c3b41,260,close
2021-02-22,1782.88152228,178288152228,8,1614038399,1614038200,199,3,0x00c7a37b03690fb9f41b5c5af8131735c7275446,11909954,0xcf5046b689db68c36c82acbe783333e0a6a97fb65eef009b98ae4a68cb810eac,166,close
2021-02-23,1566.26052886,156626052886,8,1614124799,1614124725,74,3,0x00c7a37b03690fb9f41b5c5af8131735c7275446,11916474,0x21c6c7eafc48c7da24e631cec212011322b597af30dbc368f46504e6d3b0ff32,254,close
2021-02-24,1621.73567965,162173567965,8,1614211199,1614210906,293,3,0x00c7a37b03690fb9f41b5c5af8131735c7275446,11922917,0xf778ba7ca83669a0b0c099cb6338ec047481a9727d5f7579296c8f13dce61ee7,150,close
2021-02-25,1477.32623433,147732623433,8,1614297599,1614297584,15,3,0x00c7a37b03690fb9f41b5c5af8131735c7275446,11929461,0x0483a761ebdb20df22a3263899d38778c2b4405ccb2e99f417914da59a11ff2d,317,close
2021-02-26,1444.46291715,144446291715,8,1614383999,1614383784,215,3,0x00c7a37b03690fb9f41b5c5af8131735c7275446,11935986,0x6ecb87ea4b7b4856b684d60b438ae3877aa49af9f45e33f54115482b4d2a402c,169,close
2021-02-27,1464.56162277,146456162277,8,1614470399,1614470274,125,3,0x00c7a37b03690fb9f41b5c5af8131735c7275446,11942487,0x36505f9ab85724adf161744f17b87fec232bcf128aea94222a69da8f30b14edd,24,close
2021-02-28,1414.41000000,141441000000,8,1614556799,1614556574,225,3,0x00c7a37b03690fb9f41b5c5af8131735c7275446,11948941,0xf37ba9b81f4b634978e47c4b140c99c7db0f738e34a1dfb11148ec8c8f053d5f,10,close
2021-03-01,1568.98748339,156898748339,8,1614643199,1614642920,279,3,0x00c7a37b03690fb9f41b5c5af8131735c7275446,11955411,0x4e70eef8e282fb2efb5151e8f3e3d0764882c3bed596cdee140eeaa74b83334c,30,close
2021-03-02,1490.98954092,149098954092,8,1614729599,1614729313,286,3,0x00c7a37b03690fb9f41b5c5af8131735c7275446,11961954,0x7db1068739e0644fa47a45296afad3dbadca45f85f1e02d6ce2c940aa13417c9,3,close
2021-03-03,1583.06523378,158306523378,8,1614815999,1614815702,297,3,0x00c7a37b03690fb9f41b5c5af8131735c7275446,11968374,0xbc59069007af5ec152dd80cfc2fe05a44e1173a623547da03551bb99ecfa439a,247,close
2021-03-04,1540.36183486,154036183486,8,1614902399,1614902205,194,3,0x00c7a37b03690fb9f41b5c5af8131735c7275446,11974895,0x50223cb533119f8344f3b7d98d486f78f91295a58ea561254779b584cc2716e7,95,close
2021-03-05,1532.81352068,153281352068,8,1614988799,1614988562,237,3,0x00c7a37b03690fb9f41b5c5af8131735c7275446,11981415,0xda8e06442a7b604fee157c1df754f4bfe903636a0adb90e55e26ba0dafec7acc,63,close
2021-03-06,1658.07000000,165807000000,8,1615075199,1615075090,109,3,0x00c7a37b03690fb9f41b5c5af8131735c7275446,11987990,0x8d3a8b97457b497643ea6bf5562f51d964ddb06e08b4e2ce55b6832294374587,51,close
2021-03-07,1728.22000000,172822000000,8,1615161599,1615161378,221,3,0x00c7a37b03690fb9f41b5c5af8131735c7275446,11994460,0xc0bfdd1567efbcd48dfe90d8f04f249abc21920b6854d8f43b10683a2a168ad6,40,close
2021-03-08,1836.08341673,183608341673,8,1615247999,1615247803,196,3,0x00c7a37b03690fb9f41b5c5af8131735c7275446,12000960,0x80df1b34a704833e59735006f7110d74f459a4de758e781ca637f90d9014734b,20,close
2021-03-09,1865.54079442,186554079442,8,1615334399,1615334209,190,3,0x00c7a37b03690fb9f41b5c5af8131735c7275446,12007393,0x6c2dade4a3ceb4e365d8e88eb0babfda4d620c9f92cca70cd2e4fbfdafeecbce,35,close
2021-03-10,1804.64000000,180464000000,8,1615420799,1615420539,260,3,0x00c7a37b03690fb9f41b5c5af8131735c7275446,12013923,0x792517b9bdf728fdc0e5b5b5056f3fb652797414986dba02b64f91706ae70fbd,186,close
2021-03-11,1825.03257536,182503257536,8,1615507199,1615506914,285,3,0x00c7a37b03690fb9f41b5c5af8131735c7275446,12020337,0xa9b8d0692a02a6d360191812446ebf19d877fa54f5f50e424c8ad30cc75430e0,48,close
2021-03-12,1768.86461126,176886461126,8,1615593599,1615593345,254,3,0x00c7a37b03690fb9f41b5c5af8131735c7275446,12026803,0x16dd4bcd16a56158f82b61e9fd79791743eafc67fc12ecf02a014ff29c96bd6d,182,close
2021-03-13,1924.53279103,192453279103,8,1615679999,1615679713,286,3,0x00c7a37b03690fb9f41b5c5af8131735c7275446,12033311,0x3dd235933de3521121198cb4bee0d6ae5c0a145105b4932e98afa57ce2088860,74,close
2021-03-14,1862.03977524,186203977524,8,1615766399,1615766338,61,3,0x00c7a37b03690fb9f41b5c5af8131735c7275446,12039853,0x927c2e817721ca97bfb28432a0e1baa70ae4942cdbc2fb9f2bcc921c841bf422,108,close
2021-03-15,1788.70556057,178870556057,8,1615852799,1615852574,225,3,0x00c7a37b03690fb9f41b5c5af8131735c7275446,12046272,0xaf409a680e7ddbfeb05070ca7a660d4504a66f40c69c1606be054b5923ca3b29,56,close
2021-03-16,1800.19015660,180019015660,8,1615939199,1615939122,77,3,0x00c7a37b03690fb9f41b5c5af8131735c7275446,12052812,0xb6133f26cdfb48bc6c6f06b4c6f7d75ca75026fd08b152a68ddcc83d07e4d1ba,47,close
2021-03-17,1819.81055196,181981055196,8,1616025599,1616025317,282,3,0x00c7a37b03690fb9f41b5c5af8131735c7275446,12059273,0xc318c6708e4ee1ccfb964875ec5d0d33f30415c8240187f0744ab5d7d86f045a,78,close
2021-03-18,1782.17000000,178217000000,8,1616111999,1616111758,241,3,0x00c7a37b03690fb9f41b5c5af8131735c7275446,12065777,0xe9385fedfb34574e2000cb036008a2b3c84fc670a0e728f846d33702c6e79aee,16,close
2021-03-19,1813.90655851,181390655851,8,1616198399,1616198141,258,3,0x00c7a37b03690fb9f41b5c5af8131735c7275446,12072290,0x5bcef8e8ddab5aaf41f05ed903a3c5b2f28d6de481228cc197b12604ba408872,169,close
2021-03-20,1811.19841069,181119841069,8,1616284799,1616284789,10,3,0x00c7a37b03690fb9f41b5c5af8131735c7275446,12078831,0x2418b9dcaafd276e323230143ad2c60795cca6d67ca37927064320aa1f485503,7,close
2021-03-21,1785.50760266,178550760266,8,1616371199,1616371028,171,3,0x00c7a37b03690fb9f41b5c5af8131735c7275446,12085239,0x15a9ed6204df6650ff92e6980b858fcb101769f4bf8e86a8e08675422ddc230c,19,close
2021-03-22,1691.53174984,169153174984,8,1616457599,1616457334,265,3,0x00c7a37b03690fb9f41b5c5af8131735c7275446,12091719,0x47a809c046c71e9e1123b369efbfe5c46139b8806d111b3c23254dbca1772c26,150,close
2021-03-23,1676.26538492,167626538492,8,1616543999,1616543819,180,3,0x00c7a37b03690fb9f41b5c5af8131735c7275446,12098239,0x885f61787b3d68a9fbda475bfdb889fabe8321a4846627c13e5649ebdc43198f,44,close
2021-03-24,1588.44000000,158844000000,8,1616630399,1616630123,276,3,0x00c7a37b03690fb9f41b5c5af8131735c7275446,12104714,0x43947b8611c801e9e08726020a655eb5580aa49d2517510c7a01e834bae19dbc,298,close
2021-03-25,1589.31872282,158931872282,8,1616716799,1616716582,217,3,0x00c7a37b03690fb9f41b5c5af8131735c7275446,12111229,0x4ed4094bc8cd24c429e3303b178e50932c13aee155ef8fc9a987fc1bac9c1b1b,90,close
2021-03-26,1698.25318644,169825318644,8,1616803199,1616802968,231,3,0x00c7a37b03690fb9f41b5c5af8131735c7275446,12117761,0x971e62d8029e95f3ace124c546beef94843ab64f8b0e65b0d89bb3e269da6d82,118,close
2021-03-27,1716.64000000,171664000000,8,1616889599,1616889397,202,3,0x00c7a37b03690fb9f41b5c5af8131735c7275446,12124261,0x3263967ff9454aacd419ee2930df8c928e71b12ea7edaedce2855d82df583352,14,close
2021-03-28,1687.76705133,168776705133,8,1616975999,1616975739,260,3,0x00c7a37b03690fb9f41b5c5af8131735c7275446,12130743,0x1ff066e2cf3292f5239feede901a2cfaf3c40637c5bd0047b218b5df5f03f817,70,close
2021-03-29,1819.30508385,181930508385,8,1617062399,1617062215,184,3,0x00c7a37b03690fb9f41b5c5af8131735c7275446,12137264,0x9d5d1e0e36c30b7bf088be4e58f6d338cf39444cf464bfed28fc74606d37f5bf,5,close
2021-03-30,1841.71000000,184171000000,8,1617148799,1617148654,145,3,0x00c7a37b03690fb9f41b5c5af8131735c7275446,12143780,0xf4375af7cde6407af7e4501bbec53e1f8ce0d842e6059f6216b90e6c663f8ab4,20,close
2021-03-31,1912.73000000,191273000000,8,1617235199,1617235180,19,3,0x00c7a37b03690fb9f41b5c5af8131735c7275446,12150242,0xe37185300f27d43af6598357acf933e7fbbf53b1a241c3607c75667195b1b9d0,127,close
2021-04-01,1970.73391280,197073391280,8,1617321599,1617321344,255,3,0x00c7a37b03690fb9f41b5c5af8131735c7275446,12156742,0x61ccb1ec244a8301f9a052f53e1309b29fdb6977f2543349d59b7092241ffefc,275,close
2021-04-02,2132.76862217,213276862217,8,1617407999,1617407773,226,3,0x00c7a37b03690fb9f41b5c5af8131735c7275446,12163203,0x82bb44ae991e338e9a5e0ee1a69668a553b8c15acd35314edc7defe44caf9191,33,close
2021-04-03,2017.34653670,201734653670,8,1617494399,1617494182,217,3,0x00c7a37b03690fb9f41b5c5af8131735c7275446,12169721,0xf37735dd965e9e647086b4cfee2a1a1ee5253e64dfcde39a88053b40850f6cef,65,close
2021-04-04,2078.54805450,207854805450,8,1617580799,1617580594,205,3,0x00c7a37b03690fb9f41b5c5af8131735c7275446,12176290,0x8064de9e10a98f172de4ea2fb30d2203a8b070dd45e9f2e463d54b01e960d88a,59,close
2021-04-05,2101.36069975,210136069975,8,1617667199,1617666950,249,3,0x00c7a37b03690fb9f41b5c5af8131735c7275446,12182795,0x182914c1d0dc8c7975fc9e59bfbc9ffee7d2277c81f49c32bbda8b38e17793c7,178,close
2021-04-06,2116.23545033,211623545033,8,1617753599,1617753360,239,4,0xd3fcd40153e56110e6eeae13e12530e26c9cb4fd,12189273,0x06bc0bab9a4f3f72063db1b98e562dfccb195a881978c8e69c7169a6aa314470,176,close
2021-04-07,1976.12469731,197612469731,8,1617839999,1617839727,272,4,0xd3fcd40153e56110e6eeae13e12530e26c9cb4fd,12195815,0xcf2ce11c24f111947737d0446dae62a64363a54a39e80e8554d4571df818e555,88,close
2021-04-08,2079.45953076,207945953076,8,1617926399,1617926124,275,4,0xd3fcd40153e56110e6eeae13e12530e26c9cb4fd,12202260,0x34039bfed77b608849e44f2e37e9687b5d290f2226801ab306c168edcdcca5e5,74,close
2021-04-09,2069.80268846,206980268846,8,1618012799,1618012539,260,4,0xd3fcd40153e56110e6eeae13e12530e26c9cb4fd,12208727,0xe267cbe0d3c60412f00d42a1cb0e95229fd8aec10cc05fda72be11d0b1bdff86,188,close
2021-04-10,2135.19229921,213519229921,8,1618099199,1618098926,273,4,0xd3fcd40153e56110e6eeae13e12530e26c9cb4fd,12215310,0x66450d7800d6818d2818fc07e55c19fba7e74c246ddfc57788754c3ce500529e,136,close
2021-04-11,2148.79809766,214879809766,8,1618185599,1618185525,74,4,0xd3fcd40153e56110e6eeae13e12530e26c9cb4fd,12221866,0x96ab0343bb12842f94e4e3ddfe5caff4fb1e449f49a210f6d2eed71477b8d463,44,close
2021-04-12,2142.48695909,214248695909,8,1618271999,1618271724,275,4,0xd3fcd40153e56110e6eeae13e12530e26c9cb4fd,12228361,0x1944bb685b1f528c71ea09a03ca5ae94fc1655ee7518472a3e8b186b1a50fde1,80,close
2021-04-13,2300.67892062,230067892062,8,1618358399,1618358291,108,4,0xd3fcd40153e56110e6eeae13e12530e26c9cb4fd,12234858,0xd6e59f9505f6b0072835c44a20d4a16aabca65e801136a2caabe3d67b173623f,24,close
2021-04-14,2418.89589122,241889589122,8,1618444799,1618444533,266,4,0xd3fcd40153e56110e6eeae13e12530e26c9cb4fd,12241294,0x66b33fd8f0117b8db6b1b8da5b64dbad15c1036f80450e39157ff2d27e8e3082,157,close
2021-04-15,2516.66281476,251666281476,8,1618531199,1618530941,258,4,0xd3fcd40153e56110e6eeae13e12530e26c9cb4fd,12247796,0x34fe4d4f7b069de23c98895e17343e860ba1570f24fe410d7f1405bcd1a2cef5,102,close
2021-04-16,2430.19838390,243019838390,8,1618617599,1618617331,268,4,0xd3fcd40153e56110e6eeae13e12530e26c9cb4fd,12254228,0xc049572e76d5cb286e64d68d69cf18bc04031b670c90811a5e7f0090a177cc16,70,close
2021-04-17,2333.85645454,233385645454,8,1618703999,1618703746,253,4,0xd3fcd40153e56110e6eeae13e12530e26c9cb4fd,12260686,0x6c3be8e4675166284a50ce629806f336603b3d92c6f6115b11bf39bf0988e254,200,close
2021-04-18,2242.79178747,224279178747,8,1618790399,1618790114,285,4,0xd3fcd40153e56110e6eeae13e12530e26c9cb4fd,12267198,0x9422b019da8b4f8437ec88d8fc39ecb3c395298d74027b28f908ddef73165790,198,close
2021-04-19,2169.49085095,216949085095,8,1618876799,1618876610,189,4,0xd3fcd40153e56110e6eeae13e12530e26c9cb4fd,12273596,0x33d903bf0e733821f86cdb064b71df8ca236a99f8ced4b5275bb39ea119d5b2e,31,close
2021-04-20,2327.58851615,232758851615,8,1618963199,1618962903,296,4,0xd3fcd40153e56110e6eeae13e12530e26c9cb4fd,12280176,0xdf59961369c6fa518f9beee991bf7cddbac592a8d18e3f556abeea7cfbde0d28,120,close
2021-04-21,2373.62000000,237362000000,8,1619049599,1619049327,272,4,0xd3fcd40153e56110e6eeae13e12530e26c9cb4fd,12286689,0x9cba8213fb42c17d2bdb7f66fe03e2d7df7e42420f36a82a307b45b5042234c1,94,close
2021-04-22,2413.73000000,241373000000,8,1619135999,1619135746,253,4,0xd3fcd40153e56110e6eeae13e12530e26c9cb4fd,12293102,0x93aac8ab835afd720daeed73602e4fc48cf05dcf30ea07b031a5051737fe8d53,14,close
2021-04-23,2364.23000000,236423000000,8,1619222399,1619222126,273,4,0xd3fcd40153e56110e6eeae13e12530e26c9cb4fd,12299561,0x2122102e3f09883db055bd5fe336c75d76028ee34b9b3ab16f27ef64aea71e4c,37,close
2021-04-24,2222.62898817,222262898817,8,1619308799,1619308534,265,4,0xd3fcd40153e56110e6eeae13e12530e26c9cb4fd,12306061,0xbb5c1f102a451152a7a36cb2e68eab5067f708e8b9498d78f2847b976eb105b0,146,close
2021-04-25,2304.05963658,230405963658,8,1619395199,1619394939,260,4,0xd3fcd40153e56110e6eeae13e12530e26c9cb4fd,12312566,0x82b89add5a65f7276211c18248d13537874347d44ac7196fd16b5db9758a262a,175,close
2021-04-26,2529.24056148,252924056148,8,1619481599,1619481314,285,4,0xd3fcd40153e56110e6eeae13e12530e26c9cb4fd,12319047,0xf89005fef58b267aadc03242b2fab5ae6c0f962c443dc65c15222217bf02a028,103,close
2021-04-27,2648.31696390,264831696390,8,1619567999,1619567773,226,4,0xd3fcd40153e56110e6eeae13e12530e26c9cb4fd,12325530,0x0f3624b354e27866b7596b061235d7c1fe9cbcd8c4569581bc8bad6b68c4bdc6,259,close
2021-04-28,2746.68288343,274668288343,8,1619654399,1619654141,258,4,0xd3fcd40153e56110e6eeae13e12530e26c9cb4fd,12331992,0xc809f6ecd963b8451dcc35b47eedcee9fbc0d4258e7db03adf923719e05493b2,61,close
2021-04-29,2760.18475705,276018475705,8,1619740799,1619740517,282,4,0xd3fcd40153e56110e6eeae13e12530e26c9cb4fd,12338474,0xdc9761747424127708d7c6af0e2436326ca21f0fbdd36d63fb9a42f1b065141d,265,close
2021-04-30,2774.49002392,277449002392,8,1619827199,1619826978,221,4,0xd3fcd40153e56110e6eeae13e12530e26c9cb4fd,12344928,0x609022a85f7fc5b3fe77547ce06d08222ec489384e2c9908449af58d4d7dbdfd,338,close
2021-05-01,2946.75921114,294675921114,8,1619913599,1619913380,219,4,0xd3fcd40153e56110e6eeae13e12530e26c9cb4fd,12351421,0xf8a6a3ce4d88399af91a76ccf2ea3191a03ba3e40e48ffc7cba6cfb3fda30079,228,close
2021-05-02,2954.05086377,295405086377,8,1619999999,1619999729,270,4,0xd3fcd40153e56110e6eeae13e12530e26c9cb4fd,12357828,0xd400fc2e2b6f55947a0d18ba68189ffe96bb9eaf4d469bc3f82d33d6bc4a34ee,51,close
2021-05-03,3436.13268033,343613268033,8,1620086399,1620086129,270,4,0xd3fcd40153e56110e6eeae13e12530e26c9cb4fd,12364336,0x55c9a9a4cac55c8a1d73200a95a556611a66b0453e697e038e234158a0b20f7a,105,close
2021-05-04,3247.27511342,324727511342,8,1620172799,1620172534,265,4,0xd3fcd40153e56110e6eeae13e12530e26c9cb4fd,12370841,0x275c30b660f81f6fad61602d10ea9ecab0f4783a2e768c9924a76d76013ff4ae,320,close
2021-05-05,3520.60000000,352060000000,8,1620259199,1620259056,143,4,0xd3fcd40153e56110e6eeae13e12530e26c9cb4fd,12377369,0xa53701e25209eaf1bf4a6ec94280673d6d40e66338dfeddc230f35a14fab0b44,2,close
2021-05-06,3496.58899783,349658899783,8,1620345599,1620345340,259,4,0xd3fcd40153e56110e6eeae13e12530e26c9cb4fd,12383825,0x6eca0fc3346d10c747288c3af34d1b8ba51dbe0c16406603ef33467681858fb6,119,close
2021-05-07,3490.36000000,349036000000,8,1620431999,1620431705,294,4,0xd3fcd40153e56110e6eeae13e12530e26c9cb4fd,12390273,0xe4089a23c0f0f9035a7a9be10274e08be1053df1881db0384fda4b17cea812aa,67,close
2021-05-08,3903.34649489,390334649489,8,1620518399,1620518107,292,4,0xd3fcd40153e56110e6eeae13e12530e26c9cb4fd,12396754,0xda4f575689679afa2abc64a67867b91a36131d4864a5cfa0216896b58d692703,101,close
2021-05-09,3923.53535333,392353535333,8,1620604799,1620604564,235,4,0xd3fcd40153e56110e6eeae13e12530e26c9cb4fd,12403238,0x1d1b69b93016472eabf058956671f30cdbad95121f5db3a561206e4a31c6dc5f,169,close
2021-05-10,3966.92090215,396692090215,8,1620691199,1620690570,629,4,0xd3fcd40153e56110e6eeae13e12530e26c9cb4fd,12409722,0xf2122634aec22548cddad7e20893b9a6cfd2e885a1246e8f145849e4a7cdb6e4,225,close
2021-05-11,4175.21000000,417521000000,8,1620777599,1620777381,218,4,0xd3fcd40153e56110e6eeae13e12530e26c9cb4fd,12416207,0x1c3612c61edd8831264390a4e39f3aa9e503c5d1e4d418329bc46040c0dc73b4,168,close
2021-05-12,3879.02457360,387902457360,8,1620863999,1620863955,44,4,0xd3fcd40153e56110e6eeae13e12530e26c9cb4fd,12422655,0x0a90d663131b05026610818e9fecb5f3588cda8928338107b3a168c51cd62b1e,135,close
2021-05-13,3730.77173620,373077173620,8,1620950399,1620950125,274,4,0xd3fcd40153e56110e6eeae13e12530e26c9cb4fd,12429175,0x29854556c6e253649d36d5c45cce5bf609e11c1e7e373568463c2bb3dd7fe96a,169,close
2021-05-14,4083.63088671,408363088671,8,1621036799,1621036611,188,4,0xd3fcd40153e56110e6eeae13e12530e26c9cb4fd,12435659,0xb20f255d4a45a6c0bb2e9ac9602dd1d7efe04e6f2787c019e6cdc8518b7d355c,133,close
2021-05-15,3655.52969236,365552969236,8,1621123199,1621122924,275,4,0xd3fcd40153e56110e6eeae13e12530e26c9cb4fd,12442131,0xf8c6988a33d375e78604c0034335629066f66bcd9dd0f86e4093754caf4fd8b0,144,close
2021-05-16,3580.61000000,358061000000,8,1621209599,1621209318,281,4,0xd3fcd40153e56110e6eeae13e12530e26c9cb4fd,12448583,0xc2a85f7421d6194e6f944db491f50109c9d81d9e9dea1494f1f313002d54ae76,47,close
2021-05-17,3285.26580873,328526580873,8,1621295999,1621295730,269,5,0x37bc7498f4ff12c19678ee8fe19d713b87f6a9e6,12455008,0x8ef7df26bf0f33efe4625cf16b6eb88013c9066c19230ea406f2d4498c9d3158,113,close
2021-05-18,3387.51484902,338751484902,8,1621382399,1621382110,289,5,0x37bc7498f4ff12c19678ee8fe19d713b87f6a9e6,12461464,0xe0357095b3b1e11a9381da9ce893315d0ca73d12c257457fe7bd90893fc42fbc,23,close
2021-05-19,2468.63670917,246863670917,8,1621468799,1621468787,12,5,0x37bc7498f4ff12c19678ee8fe19d713b87f6a9e6,12467912,0x7dbc1095c3388a3b72c33dbf716f08f73db8eb7a914e172a55d1a283a87e0bde,108,close
2021-05-20,2778.23577601,277823577601,8,1621555199,1621555197,2,5,0x37bc7498f4ff12c19678ee8fe19d713b87f6a9e6,12474375,0x461e0e65d64ed3f4786d3304e73d8adee6838827a144e0088be3dc9d7a49893a,30,close
2021-05-21,2426.92000000,242692000000,8,1621641599,1621641571,28,5,0x37bc7498f4ff12c19678ee8fe19d713b87f6a9e6,12480782,0x10d972c9819c832cab8a19a1ea6e20ae182a06ab0225afac6b7f5586f4f93c4a,90,close
2021-05-22,2303.71898354,230371898354,8,1621727999,1621727828,171,5,0x37bc7498f4ff12c19678ee8fe19d713b87f6a9e6,12487239,0x6106e5c42bcf59320d6b918dfe30067ae2d61aeebb2a315e2030e9caa878afd6,265,close
2021-05-23,2116.94335503,211694335503,8,1621814399,1621814135,264,5,0x37bc7498f4ff12c19678ee8fe19d713b87f6a9e6,12493678,0x8fada510eac0608841fbe4e61cedb2f2bcced31a701ddd2228791573513c7a5c,252,close
2021-05-24,2636.84017671,263684017671,8,1621900799,1621900586,213,5,0x37bc7498f4ff12c19678ee8fe19d713b87f6a9e6,12500172,0xa79fff56b46c24f0ef66819cd3c412367c9733cf02a9bc29a94361b422d09b13,179,close
2021-05-25,2687.77766876,268777766876,8,1621987199,1621986919,280,5,0x37bc7498f4ff12c19678ee8fe19d713b87f6a9e6,12506571,0xd1d5522fc04ca63691717727146d1d82ac05beb0f245867d88e40e58ddd752d4,248,close
2021-05-26,2874.13535577,287413535577,8,1622073599,1622073341,258,5,0x37bc7498f4ff12c19678ee8fe19d713b87f6a9e6,12513011,0x57865a646386ff9359b265631298ed82ad0f078bb6f59add5dea129be56db522,108,close
2021-05-27,2749.76800422,274976800422,8,1622159999,1622159726,273,5,0x37bc7498f4ff12c19678ee8fe19d713b87f6a9e6,12519429,0x27605f05f819275db03d55533402189e3a1260a7c7be3b9b473cbda6d036cdf3,150,close
2021-05-28,2424.52460803,242452460803,8,1622246399,1622246186,213,5,0x37bc7498f4ff12c19678ee8fe19d713b87f6a9e6,12525899,0xd5e68a11e7200fa08ad611b769274c7daa1304d29351ac891bf3876509d164d0,51,close
2021-05-29,2280.49683388,228049683388,8,1622332799,1622332695,104,5,0x37bc7498f4ff12c19678ee8fe19d713b87f6a9e6,12532368,0x16ad38abfa313355460207faafcc8951f79e533b10b18c9d66cfba2f9832ed39,26,close
2021-05-30,2390.62831745,239062831745,8,1622419199,1622418957,242,5,0x37bc7498f4ff12c19678ee8fe19d713b87f6a9e6,12538773,0x4538209689df3c4d928386f65421cd23896cf96ebcb0ede552b2b1a43479a5d1,23,close
2021-05-31,2709.19300414,270919300414,8,1622505599,1622505319,280,5,0x37bc7498f4ff12c19678ee8fe19d713b87f6a9e6,12545201,0xfb14521c504f80cbb432d134c2eddb7f403ec0c2c7be42230493b3a3e60e4701,96,close
2021-06-01,2628.96656532,262896656532,8,1622591999,1622591754,245,5,0x37bc7498f4ff12c19678ee8fe19d713b87f6a9e6,12551683,0x4bb0cafabd8ac7b86e1936b0138e0f00768b0a31307205d91ddc4e01231a7927,239,close
2021-06-02,2715.85000000,271585000000,8,1622678399,1622678156,243,5,0x37bc7498f4ff12c19678ee8fe19d713b87f6a9e6,12558185,0x8c0c746d39cf9d4b912543118de41f31fcd58d37bb4ea2397235f757346ce656,143,close
2021-06-03,2858.02095494,285802095494,8,1622764799,1622764529,270,5,0x37bc7498f4ff12c19678ee8fe19d713b87f6a9e6,12564580,0xf5fe3ecdd7442e012787b9fdec89adc5c572b3063cf0398426f5796c33287a4e,57,close
2021-06-04,2693.33972510,269333972510,8,1622851199,1622851177,22,5,0x37bc7498f4ff12c19678ee8fe19d713b87f6a9e6,12571124,0x78610e0b4d7aadaa97e0b4d16f635e86259a176a49621b48b2f1f741625c14c7,52,close
2021-06-05,2620.70215418,262070215418,8,1622937599,1622937323,276,5,0x37bc7498f4ff12c19678ee8fe19d713b87f6a9e6,12577537,0x04a0bc2fbdabdd2473eaeafc0b847c21b59fabb649d67b7878d395def9a11548,51,close
2021-06-06,2711.64235869,271164235869,8,1623023999,1623023716,283,5,0x37bc7498f4ff12c19678ee8fe19d713b87f6a9e6,12584073,0xea7789a84e1fb44058afa406f0bc831001a3b18874107ac715b35e438cabd37c,237,close
2021-06-07,2586.93001440,258693001440,8,1623110399,1623110145,254,5,0x37bc7498f4ff12c19678ee8fe19d713b87f6a9e6,12590505,0x36f6b95d0feed144390f5b01892aadae15d8d8951c078031cac36c700815b3bd,278,close
2021-06-08,2514.29335320,251429335320,8,1623196799,1623196558,241,5,0x37bc7498f4ff12c19678ee8fe19d713b87f6a9e6,12596977,0x140c92dbfb3bf0e643fc73724ddce0019f5eeb47b3f41a582deb6af22bdeb891,33,close
2021-06-09,2610.39817562,261039817562,8,1623283199,1623283126,73,5,0x37bc7498f4ff12c19678ee8fe19d713b87f6a9e6,12603425,0x5e8e954982573ee19749b6639c5d1eb35991351c15b1f31b8b70052a8a51c4e4,199,close
2021-06-10,2479.83000000,247983000000,8,1623369599,1623369345,254,5,0x37bc7498f4ff12c19678ee8fe19d713b87f6a9e6,12609878,0x684954c9873bf205947cc99d343ce46a3fe9c7eeed8fe3899d2e7969b4bb10d5,363,close
2021-06-11,2353.15411162,235315411162,8,1623455999,1623455986,13,5,0x37bc7498f4ff12c19678ee8fe19d713b87f6a9e6,12616350,0xadb11f5bf958f068c4842bd9861b9177f3c4bf9957cbbe766193e00f294ecdcb,202,close
2021-06-12,2376.70000000,237670000000,8,1623542399,1623542112,287,5,0x37bc7498f4ff12c19678ee8fe19d713b87f6a9e6,12622766,0xedb978b59f22bac5b3c0632b1bb588cbd680a094fdf3a743660d95a8e1423d30,67,close
2021-06-13,2504.92000000,250492000000,8,1623628799,1623628538,261,5,0x37bc7498f4ff12c19678ee8fe19d713b87f6a9e6,12629239,0x63945fbf01d0cd1df428dadec54c812d25e52fa7e00d3b9a4eaab27ec364f8b5,464,close
2021-06-14,2579.62900758,257962900758,8,1623715199,1623714944,255,5,0x37bc7498f4ff12c19678ee8fe19d713b87f6a9e6,12635675,0x6dc548f8b77efec930e9ec1bc7dc63e4503d2b8347c77d9b642f3adef3953f7e,42,close
2021-06-15,2549.84376046,254984376046,8,1623801599,1623801330,269,5,0x37bc7498f4ff12c19678ee8fe19d713b87f6a9e6,12642171,0x1cd547f3ba7133084d72dc44e9f66b5b0a2efb18358ab2d354b725bcb2f2cfee,53,close
2021-06-16,2361.75633222,236175633222,8,1623887999,1623887718,281,5,0x37bc7498f4ff12c19678ee8fe19d713b87f6a9e6,12648575,0x618cabf6891e7e85edb597ffff54f234b7e2911398abf249fe7c6d99011904d0,111,close
2021-06-17,2375.10000000,237510000000,8,1623974399,1623974108,291,5,0x37bc7498f4ff12c19678ee8fe19d713b87f6a9e6,12655043,0x44887ca160d90d41996356b83403952e219c21169323c6a568fcaa1561aa0604,345,close
2021-06-18,2228.92760223,222892760223,8,1624060799,1624060571,228,5,0x37bc7498f4ff12c19678ee8fe19d713b87f6a9e6,12661457,0x8a7c94fa3d8037a438d17b122e06e714c79a03f6f94dbca9d8bdeeb14dfa64e8,82,close
2021-06-19,2178.39492608,217839492608,8,1624147199,1624146936,263,5,0x37bc7498f4ff12c19678ee8fe19d713b87f6a9e6,12667878,0xdb4b15782a02835e5fbedd0bf5ca6a68e519e7e9555d7fa6e24385c64bce9073,133,close
2021-06-20,2242.41285550,224241285550,8,1624233599,1624233341,258,5,0x37bc7498f4ff12c19678ee8fe19d713b87f6a9e6,12674338,0x4f07fceecf1125a1adea9360132439b0938364c9f3aa65844a23d686e856b58c,96,close
2021-06-21,1891.42011679,189142011679,8,1624319999,1624319781,218,5,0x37bc7498f4ff12c19678ee8fe19d713b87f6a9e6,12680667,0x24bb5a7c345f589215ba7367ddf0d18f58bcafdfb04f5f9e82c752ae387146c1,176,close
2021-06-22,1865.26000000,186526000000,8,1624406399,1624406142,257,5,0x37bc7498f4ff12c19678ee8fe19d713b87f6a9e6,12687095,0xda247816320ee8bd3d8c07cba723167478397a733e5932a0ea53ea89fad95460,265,close
2021-06-23,1969.93000000,196993000000,8,1624492799,1624492521,278,5,0x37bc7498f4ff12c19678ee8fe19d713b87f6a9e6,12693525,0xa00cab91fd591d4fabae3756c02fc3b5d44a2c237bf38adee04e758cf9338d9f,131,close
2021-06-24,1985.44243052,198544243052,8,1624579199,1624578950,249,5,0x37bc7498f4ff12c19678ee8fe19d713b87f6a9e6,12699944,0xead216d7ba2fe7168c19ed16126c78e73dbec27e8664d372c793e9e8fa66193d,39,close
2021-06-25,1821.19000000,182119000000,8,1624665599,1624665327,272,5,0x37bc7498f4ff12c19678ee8fe19d713b87f6a9e6,12706292,0xf47b7b20239b4580d68bc6a7a358fe21c4a07d43a687f70e9b5b1cdae73d5341,155,close
2021-06-26,1823.91531225,182391531225,8,1624751999,1624751973,26,5,0x37bc7498f4ff12c19678ee8fe19d713b87f6a9e6,12712732,0xd2ea51af924a12284fe93531b6aaed31dd59a91a29d3bff656b0763110a3335a,170,close
2021-06-27,1973.93823216,197393823216,8,1624838399,1624838136,263,5,0x37bc7498f4ff12c19678ee8fe19d713b87f6a9e6,12719157,0x161ef0306edef021512758a22b305a0da245675cb6650fb3e9f0f269fb1822d3,212,close
2021-06-28,2080.51655959,208051655959,8,1624924799,1624924522,277,5,0x37bc7498f4ff12c19678ee8fe19d713b87f6a9e6,12725621,0xad5376ad10d7a0de390f5ddb8a92a28c7e7a7ece58a79a2f8646a71506a57150,98,close
2021-06-29,2161.44668239,216144668239,8,1625011199,1625010929,270,5,0x37bc7498f4ff12c19678ee8fe19d713b87f6a9e6,12732027,0xedf5b5123fdf7b8faae322db5257061ee592d08007c6aaed24221ccca23cce62,195,close
2021-06-30,2275.14856044,227514856044,8,1625097599,1625097336,263,5,0x37bc7498f4ff12c19678ee8fe19d713b87f6a9e6,12738491,0x74c1b9d056aa2ff0ada0edc28e1c959f01f6091e37b13bf6ee0dade9a3a6d011,252,close
2021-07-01,2119.09056629,211909056629,8,1625183999,1625183714,285,5,0x37bc7498f4ff12c19678ee8fe19d713b87f6a9e6,12744829,0x7c7355218881764cda4bd7af3401ceb41dcadd414caca98d3f07b5f8699134ee,142,close
2021-07-02,2151.64000000,215164000000,8,1625270399,1625270102,297,5,0x37bc7498f4ff12c19678ee8fe19d713b87f6a9e6,12751276,0x7523865f10a7f5471121e3ff52052de34ca38dcad586ab640dd28ff4cd9f8ef2,86,close
2021-07-03,2227.21000000,222721000000,8,1625356799,1625356481,318,5,0x37bc7498f4ff12c19678ee8fe19d713b87f6a9e6,12757695,0x7f8d2791d8fca5923b056b36f27e3ee105a32e01ab149ceb1be8260bfd5a329a,204,close
2021-07-04,2322.58000000,232258000000,8,1625443199,1625442937,262,5,0x37bc7498f4ff12c19678ee8fe19d713b87f6a9e6,12764151,0xce6cadefe727e9f81b75a9cb4427f6a80421575bbec44858d83b70729ee8ce9c,119,close
2021-07-05,2207.67812099,220767812099,8,1625529599,1625529333,266,5,0x37bc7498f4ff12c19678ee8fe19d713b87f6a9e6,12770571,0x8fbfeeb6e4f3b12af6aea198ab82b29fc1d957687d657ed7e61f89876148eca6,79,close
2021-07-06,2318.30000000,231830000000,8,1625615999,1625615707,292,5,0x37bc7498f4ff12c19678ee8fe19d713b87f6a9e6,12777003,0x63736aeff9876f0d292a1ec0096ac83364ad423f67dadaab10dd6e8660c485b4,263,close
2021-07-07,2317.24000000,231724000000,8,1625702399,1625702124,275,5,0x37bc7498f4ff12c19678ee8fe19d713b87f6a9e6,12783384,0x814675fc81a54a6ab53e8d70273ba9fb2548b3700116b8899071078d26e4f4df,50,close
2021-07-08,2120.15011374,212015011374,8,1625788799,1625788545,254,5,0x37bc7498f4ff12c19678ee8fe19d713b87f6a9e6,12789840,0x1c57e666cd4ce57c8815efc88f86971c798887ac5ee80b4c6ccf08cda95e176f,170,close
2021-07-09,2152.03665949,215203665949,8,1625875199,1625874912,287,5,0x37bc7498f4ff12c19678ee8fe19d713b87f6a9e6,12796238,0x8745d38a6ed745979f51812aba62efba4bec09d8b839b6eb2462e976c0c18125,47,close
2021-07-10,2111.73549241,211173549241,8,1625961599,1625961342,257,5,0x37bc7498f4ff12c19678ee8fe19d713b87f6a9e6,12802685,0x04b390cf42493b2f697014b9efa87bac18651354fbd32c8f7ed674f7d95c62f2,569,close
2021-07-11,2141.80871018,214180871018,8,1626047999,1626047723,276,5,0x37bc7498f4ff12c19678ee8fe19d713b87f6a9e6,12809110,0x08b29cdadc315e835c80e57228737cea3fa812ec1e24bd8d2d18fe2c83b086f0,76,close
2021-07-12,2036.76129848,203676129848,8,1626134399,1626134144,255,5,0x37bc7498f4ff12c19678ee8fe19d713b87f6a9e6,12815493,0x951837514b11e83bd7b1fb1cd76e4daee89e39bee4f67709fca1f6970446439c,156,close
2021-07-13,1934.54410991,193454410991,8,1626220799,1626220547,252,5,0x37bc7498f4ff12c19678ee8fe19d713b87f6a9e6,12821792,0x2fe8bb165e54d5f4e0c599ef7524bb221bee0efb3d70d3a6230ef165421014d0,43,close
2021-07-14,1991.30284601,199130284601,8,1626307199,1626306932,267,5,0x37bc7498f4ff12c19678ee8fe19d713b87f6a9e6,12828190,0xe5ae12a7e0fe28433a69e2d33f31b1a4a6db90b88e04e4a20fc46c70520b49e8,139,close
2021-07-15,1906.28000000,190628000000,8,1626393599,1626393337,262,5,0x37bc7498f4ff12c19678ee8fe19d713b87f6a9e6,12834604,0x28cc1ba22dbe54ac3793209d875c19edec2ca426a4f96ccf39d92338a8e63ee9,90,close
2021-07-16,1878.69838975,187869838975,8,1626479999,1626479707,292,5,0x37bc7498f4ff12c19678ee8fe19d713b87f6a9e6,12840949,0x272039a654916fab0626dad0b494c5b8b29e79de9124a26172789fd5dd2153d3,213,close
2021-07-17,1899.85069046,189985069046,8,1626566399,1626566151,248,5,0x37bc7498f4ff12c19678ee8fe19d713b87f6a9e6,12847313,0x8c1fdf002404c800920c18024c45a9944059ce56655bdc9380fa68296ebf358f,26,close
2021-07-18,1901.23129287,190123129287,8,1626652799,1626652530,269,5,0x37bc7498f4ff12c19678ee8fe19d713b87f6a9e6,12853677,0x2bd388a9654512bdd2afb3d20df2c959bef2197ca8fe4d719fb65b6ce83a343d,207,close
2021-07-19,1822.02074023,182202074023,8,1626739199,1626738959,240,5,0x37bc7498f4ff12c19678ee8fe19d713b87f6a9e6,12860117,0xb8ecaa9e85dcb62b0ee57b030c81a6080c9e8ff6f46831cd39511d2a4705caff,248,close
2021-07-20,1786.04534499,178604534499,8,1626825599,1626825343,256,5,0x37bc7498f4ff12c19678ee8fe19d713b87f6a9e6,12866452,0xd55182fd8cde5ca9749ebe441cff61259c1768e4959956b4eba53fb9bfabf18e,386,close
2021-07-21,1993.22038367,199322038367,8,1626911999,1626911812,187,5,0x37bc7498f4ff12c19678ee8fe19d713b87f6a9e6,12872875,0x40378c9d2597f88a44ba84340a32af1b73599e76196648bd4edefafe8ecc7495,164,close
2021-07-22,2025.16000000,202516000000,8,1626998399,1626998184,215,5,0x37bc7498f4ff12c19678ee8fe19d713b87f6a9e6,12879295,0x0b7ed570a272aca92e08ee2c97dccc2b91818e73437d9b31f251cbd973fea8ab,225,close
2021-07-23,2126.90797124,212690797124,8,1627084799,1627084606,193,5,0x37bc7498f4ff12c19678ee8fe19d713b87f6a9e6,12885641,0x2759f935da14780d2ca3119cd791046c98873c2037d76f77e8a1b56a4ef494bd,186,close
2021-07-24,2185.50672864,218550672864,8,1627171199,1627170920,279,5,0x37bc7498f4ff12c19678ee8fe19d713b87f6a9e6,12892089,0x0f90cde88dfd1dcfcf0ec706947445d7df14fc8b1e9564150c303022211e6e69,206,close
2021-07-25,2191.11021444,219111021444,8,1627257599,1627257313,286,5,0x37bc7498f4ff12c19678ee8fe19d713b87f6a9e6,12898493,0xc3bdd04c4629447ad1ab485132234166048d329c21298dc32dec221a2947b67c,164,close
2021-07-26,2233.76000000,223376000000,8,1627343999,1627343710,289,5,0x37bc7498f4ff12c19678ee8fe19d713b87f6a9e6,12904831,0x78a42d3d31a39ac405b61ca5660a81956e5a1e49bd193d7d5b54bea04f196726,260,close
2021-07-27,2290.46631374,229046631374,8,1627430399,1627430101,298,5,0x37bc7498f4ff12c19678ee8fe19d713b87f6a9e6,12911108,0x518f65793062e8964223534bc5213b65455d804eaacaf3237c5d09b3751d6daf,163,close
2021-07-28,2299.05000000,229905000000,8,1627516799,1627516793,6,5,0x37bc7498f4ff12c19678ee8fe19d713b87f6a9e6,12917418,0x9990666eec05967bcbf3decc23fadb025821acad6d9611deae9b9f10c1929810,198,close
2021-07-29,2380.02376974,238002376974,8,1627603199,1627602938,261,5,0x37bc7498f4ff12c19678ee8fe19d713b87f6a9e6,12923755,0x8f836713de5d76b098b087b996bc97d4e746994f14e691d69e27dda18fe3a4c8,143,close
2021-07-30,2461.38610166,246138610166,8,1627689599,1627689337,262,5,0x37bc7498f4ff12c19678ee8fe19d713b87f6a9e6,12930019,0x8a72f0cf8485255668311d33d942d00bd4d57ef91c31c7610bb30cb8a0d54a0d,160,close
2021-07-31,2541.90000000,254190000000,8,1627775999,1627775740,259,5,0x37bc7498f4ff12c19678ee8fe19d713b87f6a9e6,12936319,0xa8f69b41416f5dca613ce2d05a8c90b08df37c6f92855c4653a9f4e2ad5d0d68,34,close
2021-08-01,2568.68073460,256868073460,8,1627862399,1627862125,274,5,0x37bc7498f4ff12c19678ee8fe19d713b87f6a9e6,12942635,0x8b12cbb39352095b387a2850c82affd5c2ee5ec18fdc87b4e3e95b61f78f2940,75,close
2021-08-02,2609.59317805,260959317805,8,1627948799,1627948532,267,5,0x37bc7498f4ff12c19678ee8fe19d713b87f6a9e6,12949027,0x4c72b8cf04e003bcd21e7480122af9442d88f4653b0a74e585a51de14c740770,111,close
2021-08-03,2514.08773249,251408773249,8,1628035199,1628034991,208,5,0x37bc7498f4ff12c19678ee8fe19d713b87f6a9e6,12955379,0x0776221d62dd600d056b3682a5a67d25fdd3d00155dfc14b72bca636ec126bcf,261,close
2021-08-04,2726.35000000,272635000000,8,1628121599,1628121353,246,5,0x37bc7498f4ff12c19678ee8fe19d713b87f6a9e6,12961698,0x6ec3a2cc3280b5290dad2684823df09d1b98e3360c45416e18ec80841f764093,7,close
2021-08-05,2825.84000000,282584000000,8,1628207999,1628207727,272,5,0x37bc7498f4ff12c19678ee8fe19d713b87f6a9e6,12968044,0x2124714b3bc389dd658fea304d960ac7b686611436d93efa8f24702eefde7a22,161,close
2021-08-06,2892.97361974,289297361974,8,1628294399,1628294116,283,5,0x37bc7498f4ff12c19678ee8fe19d713b87f6a9e6,12974499,0xe8a72bb0ea062a149f4c3f554629a3a048a052b7034764e73936eca1089e7625,408,close
2021-08-07,3160.16655609,316016655609,8,1628380799,1628380518,281,5,0x37bc7498f4ff12c19678ee8fe19d713b87f6a9e6,12981054,0xaaf3f040ba2aae62dbb4b0197f8a2ef99544a2b1ff4bb0e55d27dc16c96eda27,131,close
2021-08-08,3012.13832289,301213832289,8,1628467199,1628466919,280,5,0x37bc7498f4ff12c19678ee8fe19d713b87f6a9e6,12987545,0x6df02bc4e7525e5c5dee5349cf9cb89145f4cde7abbc8ebfee08395c53d09e9d,93,close
2021-08-09,3161.00758632,316100758632,8,1628553599,1628553334,265,5,0x37bc7498f4ff12c19678ee8fe19d713b87f6a9e6,12994043,0x93e4cb44f956a6bc0951f44a4ff92d0fed8493ea33a72546eaed890d061d3037,52,close
2021-08-10,3143.93750541,314393750541,8,1628639999,1628639923,76,5,0x37bc7498f4ff12c19678ee8fe19d713b87f6a9e6,13000568,0x106fbcfce3e941b8786fe9a527e43a2d3a9f37d144ed693129ffd589356bf86c,60,close
2021-08-11,3168.31104392,316831104392,8,1628726399,1628726106,293,5,0x37bc7498f4ff12c19678ee8fe19d713b87f6a9e6,13006953,0xe0de40f3577f02682e01343332afc7f23ef9f85f15c9e8230eaedcb324a65e6f,128,close
2021-08-12,3048.77788245,304877788245,8,1628812799,1628812501,298,5,0x37bc7498f4ff12c19678ee8fe19d713b87f6a9e6,13013460,0x5e94791fcb8082831537992e8d83ea46d635bd36d72f62089f1b121fa1108d10,148,close
2021-08-13,3323.50136035,332350136035,8,1628899199,1628898948,251,5,0x37bc7498f4ff12c19678ee8fe19d713b87f6a9e6,13019941,0x3c2b79578f209eb0ed06348e56031239fecd09b4148c2a53808341e80294464f,140,close
2021-08-14,3268.55000000,326855000000,8,1628985599,1628985323,276,5,0x37bc7498f4ff12c19678ee8fe19d713b87f6a9e6,13026435,0x8e9bf194025cd9da8685519f1036e181a69107297b5bbffe1f01dcda1fb58491,74,close
2021-08-15,3310.20793126,331020793126,8,1629071999,1629071715,284,5,0x37bc7498f4ff12c19678ee8fe19d713b87f6a9e6,13032852,0x1ef82b191b699fb17e7a5999669b65e3740e2e4d2864f6d79d957e535d2d8cbc,183,close
2021-08-16,3150.74152348,315074152348,8,1629158399,1629158132,267,5,0x37bc7498f4ff12c19678ee8fe19d713b87f6a9e6,13039360,0x52d4e43f10f50e84d1d0a396f11896638ecde486c230ab8c806c249f77e3b2f0,54,close
2021-08-17,3015.14204603,301514204603,8,1629244799,1629244505,294,5,0x37bc7498f4ff12c19678ee8fe19d713b87f6a9e6,13045876,0x54be5696841fbe011485a88b44eddbc47a5a8e787feb1e76f502187ebe8736f8,146,close
2021-08-18,3037.82500000,303782500000,8,1629331199,1629330932,267,5,0x37bc7498f4ff12c19678ee8fe19d713b87f6a9e6,13052276,0xfe059f90ebead39626738d052090b47e61505aa425df2b9c1f1f5d51cdffe2a7,25,close
2021-08-19,3176.59462947,317659462947,8,1629417599,1629417344,255,5,0x37bc7498f4ff12c19678ee8fe19d713b87f6a9e6,13058836,0x29924269eb0c509f86d474a4063897f35cd2c481918b4cd41bad012550434b0d,222,close
2021-08-20,3281.88998479,328188998479,8,1629503999,1629503720,279,5,0x37bc7498f4ff12c19678ee8fe19d713b87f6a9e6,13065298,0xbce3125bb18884b3b3a9f94f0df31a88b1e0200d4d7fae989ae6848e92463054,364,close
2021-08-21,3230.28000000,323028000000,8,1629590399,1629590197,202,5,0x37bc7498f4ff12c19678ee8fe19d713b87f6a9e6,13071744,0x1ca9e78bdd5101f68e9b4792a4df32ac78cf7cb8b526e66cae75ed4466b654d5,31,close
2021-08-22,3244.02000000,324402000000,8,1629676799,1629676505,294,5,0x37bc7498f4ff12c19678ee8fe19d713b87f6a9e6,13078249,0xd7dd9fbf51252a9d5f238aadc986316d8a7529b53412412d16a855fc90428356,124,close
2021-08-23,3318.28661479,331828661479,8,1629763199,1629762888,311,5,0x37bc7498f4ff12c19678ee8fe19d713b87f6a9e6,13084655,0xb45bd459c6beb053953edfb558ee4192419bc24c600f69ea2538dd06c5cbb229,198,close
2021-08-24,3176.20222372,317620222372,8,1629849599,1629849304,295,5,0x37bc7498f4ff12c19678ee8fe19d713b87f6a9e6,13091168,0xb6df3da8de27287c563a675fb4340bbc04444620b6ab66899ee245de08bc6e11,145,close
2021-08-25,3228.12982282,322812982282,8,1629935999,1629935720,279,5,0x37bc7498f4ff12c19678ee8fe19d713b87f6a9e6,13097605,0xe914f1d68c7695524e7eaeafd844d1fa30c30bfd693d47754be980e362f45c38,153,close
2021-08-26,3123.64946032,312364946032,8,1630022399,1630022107,292,5,0x37bc7498f4ff12c19678ee8fe19d713b87f6a9e6,13104111,0x9c0e5e18651edea8d290e37e4e2215a550e854054953f710b8c31356956d9b77,114,close
2021-08-27,3266.67000000,326667000000,8,1630108799,1630108565,234,5,0x37bc7498f4ff12c19678ee8fe19d713b87f6a9e6,13110551,0x6f26cd0c6dd56442f860a0913b985eed3f1e3c62620666f929e06e589dbe48b3,7,close
2021-08-28,3241.08861064,324108861064,8,1630195199,1630193987,1212,5,0x37bc7498f4ff12c19678ee8fe19d713b87f6a9e6,13116917,0x18108b7e17d40ad7c89a7931aaeab8592e52de5260f02c7c21890a9b5c11faad,120,close
2021-08-29,3237.23373963,323723373963,8,1630281599,1630279432,2167,5,0x37bc7498f4ff12c19678ee8fe19d713b87f6a9e6,13123345,0xd81cd0af62f51da0faf10a7df5a8cdb27d6bcd960a527e0e837e97be39064274,19,close
2021-08-30,3229.03910129,322903910129,8,1630367999,1630367706,293,5,0x37bc7498f4ff12c19678ee8fe19d713b87f6a9e6,13129964,0x5a0bb7d6a55732320e4718f5bbcf68d4d52a132dab8f3041125b46666074b526,160,close
2021-08-31,3441.67635097,344167635097,8,1630454399,1630454156,243,5,0x37bc7498f4ff12c19678ee8fe19d713b87f6a9e6,13136405,0x62e4a849d71f45d5fd53a83482d463b5f015ffa48dc78054f02fd682baa4d5ae,85,close
2021-09-01,3815.43815929,381543815929,8,1630540799,1630540794,5,5,0x37bc7498f4ff12c19678ee8fe19d713b87f6a9e6,13142881,0x741bd90b880f1e8442feb738bee131b59889de25efd6124eec8768020a1cc86f,187,close
2021-09-02,3792.92000000,379292000000,8,1630627199,1630626949,250,5,0x37bc7498f4ff12c19678ee8fe19d713b87f6a9e6,13149406,0x2d406a77fe3b99b7069056cd35702ff6d9d341a4b172606c0851fd5deaa1b81e,64,close
2021-09-03,3932.17722691,393217722691,8,1630713599,1630713303,296,5,0x37bc7498f4ff12c19678ee8fe19d713b87f6a9e6,13155871,0x32707bd5e6f08716249aeed6e7d7d83ce66ba651857c457e26fa5571600572eb,63,close
2021-09-04,3890.43444649,389043444649,8,1630799999,1630799879,120,5,0x37bc7498f4ff12c19678ee8fe19d713b87f6a9e6,13162306,0x3502b0ba065098437046e72df8c9479a4ff0c6f4264b39881b69c4a04e207670,78,close
2021-09-05,3951.38000000,395138000000,8,1630886399,1630886127,272,5,0x37bc7498f4ff12c19678ee8fe19d713b87f6a9e6,13168829,0xd31daf3edb67a9b33520f0f08adbc7a69bf3a59774cd18a697e718cdf371c971,70,close
2021-09-06,3932.61425865,393261425865,8,1630972799,1630972507,292,5,0x37bc7498f4ff12c19678ee8fe19d713b87f6a9e6,13175283,0xe5a325ce2abd707894db6535da92b88f298f4d3f320637b677e02e41c32bf2c2,239,close
2021-09-07,3439.63598532,343963598532,8,1631059199,1631058932,267,5,0x37bc7498f4ff12c19678ee8fe19d713b87f6a9e6,13181707,0x4564efdcbf26564613e3f9292bfc08ae76271ec0583e4fee36ad3fb2963daa2e,16,close
2021-09-08,3495.41078642,349541078642,8,1631145599,1631145332,267,5,0x37bc7498f4ff12c19678ee8fe19d713b87f6a9e6,13188194,0xdc27656144aca596e38ae6377f642985dacc726d135474f71c4c1d57d30191a8,283,close
2021-09-09,3424.65930976,342465930976,8,1631231999,1631231707,292,5,0x37bc7498f4ff12c19678ee8fe19d713b87f6a9e6,13194661,0x38c52eb8532944e7d2ff045c098a1e90211e89a9a9854bbbd037016f835ccaec,166,close
2021-09-10,3210.15000000,321015000000,8,1631318399,1631318109,290,5,0x37bc7498f4ff12c19678ee8fe19d713b87f6a9e6,13201118,0x139cf4ecb8af85bbef9f539becaea046965123b7fdd6264554b3bc75fb9ea6c3,82,close
2021-09-11,3265.21000000,326521000000,8,1631404799,1631404665,134,5,0x37bc7498f4ff12c19678ee8fe19d713b87f6a9e6,13207530,0x1140930ce8f420129d24ea4415510e36d9af89cefc1f0e9957eef34c3ab628d3,31,close
2021-09-12,3408.33366520,340833366520,8,1631491199,1631490912,287,5,0x37bc7498f4ff12c19678ee8fe19d713b87f6a9e6,13214054,0xae8a7c315c11a3b5e73f61638d444c43706f23051d7071916c74fb61f3b8322e,209,close
2021-09-13,3295.54540034,329554540034,8,1631577599,1631577501,98,5,0x37bc7498f4ff12c19678ee8fe19d713b87f6a9e6,13220480,0xf39eb379f9314407d30d72b71c7ab022eb3f3838a1a94d247d2208861f3234c6,295,close
2021-09-14,3420.40283350,342040283350,8,1631663999,1631663732,267,5,0x37bc7498f4ff12c19678ee8fe19d713b87f6a9e6,13226938,0xb843cd92f6b6f7fbaafd9b6d4f8c735d6cb4e3aba6160fb7a3be70018e198609,131,close
2021-09-15,3590.51017284,359051017284,8,1631750399,1631750111,288,5,0x37bc7498f4ff12c19678ee8fe19d713b87f6a9e6,13233377,0x10ab3d0f321fe05453101eb1fc09f707e68b8a354e442b5bb7fccef148358ffe,218,close
2021-09-16,3571.24000000,357124000000,8,1631836799,1631836543,256,5,0x37bc7498f4ff12c19678ee8fe19d713b87f6a9e6,13239882,0xb192af60aa1351cee3af31948289a00f9bf4a4442758247ddb5e310cc4fc0fec,187,close
2021-09-17,3398.39259244,339839259244,8,1631923199,1631923069,130,5,0x37bc7498f4ff12c19678ee8fe19d713b87f6a9e6,13246350,0x446e4007dbab846ec849f35500951fe94342b9f488df96780077f7c0063cfd14,33,close
2021-09-18,3425.47317316,342547317316,8,1632009599,1632009306,293,5,0x37bc7498f4ff12c19678ee8fe19d713b87f6a9e6,13252787,0x91556fdc292da950cb1d11e70f5b4d383c05ac70fbb6adaa611db374aba452f7,116,close
2021-09-19,3324.01470554,332401470554,8,1632095999,1632095731,268,5,0x37bc7498f4ff12c19678ee8fe19d713b87f6a9e6,13259308,0x948ad63c4360e82f09f8eefde3e5343cf967c95daf2422d337560b36d3948907,225,close
2021-09-20,2975.30784881,297530784881,8,1632182399,1632182234,165,5,0x37bc7498f4ff12c19678ee8fe19d713b87f6a9e6,13265743,0x9511136d35b5c28b395cb9ca099ca482eebc5853de2972d7f24b3acc5710f9ce,4,close
2021-09-21,2747.31341801,274731341801,8,1632268799,1632268536,263,5,0x37bc7498f4ff12c19678ee8fe19d713b87f6a9e6,13272230,0xb935c3eafe8bf733f9db32cb59284f431f645f238c1caa4cbea7c85220f1a4c1,18,close
2021-09-22,3069.54520816,306954520816,8,1632355199,1632355133,66,5,0x37bc7498f4ff12c19678ee8fe19d713b87f6a9e6,13278684,0xf79bf020b3100292adf4331ccdd31c237df0064d1acaa850b4e7bc51f74d8e2d,166,close
2021-09-23,3153.39000000,315339000000,8,1632441599,1632441389,210,5,0x37bc7498f4ff12c19678ee8fe19d713b87f6a9e6,13285081,0x489da7e70cf74d68e06fa89988f109fb9ff0c3dfdf65c7cf60c714ae08159c9c,99,close
2021-09-24,2927.07979331,292707979331,8,1632527999,1632527717,282,5,0x37bc7498f4ff12c19678ee8fe19d713b87f6a9e6,13291529,0x117aa6124e0d605228bf96b06245c8c3ea964eaf9debf64ba3c6e9bd69e92622,23,close
2021-09-25,2943.61557673,294361557673,8,1632614399,1632614112,287,5,0x37bc7498f4ff12c19678ee8fe19d713b87f6a9e6,13298113,0xde60427f740141e60b1d1e2c6caa5ea1096fcb6911cdec419b43d8b04381a7cd,26,close
2021-09-26,3062.72488372,306272488372,8,1632700799,1632700531,268,5,0x37bc7498f4ff12c19678ee8fe19d713b87f6a9e6,13304507,0x51e8225b190fd7cd9c544f3e66a547c5b6872a1a696c822e679e901ed92fa50f,40,close
2021-09-27,2945.45539125,294545539125,8,1632787199,1632787031,168,5,0x37bc7498f4ff12c19678ee8fe19d713b87f6a9e6,13310968,0x5be11b5a76e7ae05f4b1ca522eab88b3aa34d521ae57aa97878ae89e11bd2b6f,2,close
2021-09-28,2803.14566731,280314566731,8,1632873599,1632873306,293,5,0x37bc7498f4ff12c19678ee8fe19d713b87f6a9e6,13317322,0x6370cfd35b8adaab11341dc556680cd4c061035bf2c3728920a1f5cd77bd2dc5,72,close
2021-09-29,2848.32000000,284832000000,8,1632959999,1632959751,248,5,0x37bc7498f4ff12c19678ee8fe19d713b87f6a9e6,13323741,0xaa1ba834118d10889b810a623443e9bc432683353880fb06ee997e380ce6d078,15,close
2021-09-30,3005.48140861,300548140861,8,1633046399,1633045374,1025,5,0x37bc7498f4ff12c19678ee8fe19d713b87f6a9e6,13330015,0xaafe885ebab0a28053e7a36e563eb752f7f8b912b9d9ffeb9a1d37a18f891d21,17,close
2021-10-01,3304.37592394,330437592394,8,1633132799,1633132578,221,5,0x37bc7498f4ff12c19678ee8fe19d713b87f6a9e6,13336559,0xb04715b9543de10cb7d197acaa41a5c9a352328c029c96984cc1d046271c4fda,83,close
2021-10-02,3388.21861289,338821861289,8,1633219199,1633218923,276,5,0x37bc7498f4ff12c19678ee8fe19d713b87f6a9e6,13342945,0x5cbded27259e7fcf772b44158380874db83870aa47e320e8fe48f2bb06b2b56c,59,close
2021-10-03,3420.20873533,342020873533,8,1633305599,1633305302,297,5,0x37bc7498f4ff12c19678ee8fe19d713b87f6a9e6,13349306,0x9e34c1e382edfd1c64478ac02fac0ad0683457434110cf6ef961cf03a8a8418a,38,close
2021-10-04,3389.45767858,338945767858,8,1633391999,1633389563,2436,5,0x37bc7498f4ff12c19678ee8fe19d713b87f6a9e6,13355517,0xff7ad81fae8018aecaf168181a60621632453068055049490dd8117caeb42017,39,close
2021-10-05,3520.59000000,352059000000,8,1633478399,1633478155,244,5,0x37bc7498f4ff12c19678ee8fe19d713b87f6a9e6,13362085,0x19022deacd9836f05564fd8a76c1d90aec1d9373d6b598352248c3644587ff3c,34,close
2021-10-06,3585.32293439,358532293439,8,1633564799,1633564557,242,5,0x37bc7498f4ff12c19678ee8fe19d713b87f6a9e6,13368510,0xcfb0c8b759799f48ba0aa7c020668b3c61dfad077ba644a6b49b44bb9f7ba33b,66,close
2021-10-07,3589.19583813,358919583813,8,1633651199,1633650924,275,5,0x37bc7498f4ff12c19678ee8fe19d713b87f6a9e6,13374831,0x523c914ca688afcf77c6294c607767bbc56eb0b5b29e912dbcfdab5c4e6d22f2,74,close
2021-10-08,3561.63000000,356163000000,8,1633737599,1633737439,160,5,0x37bc7498f4ff12c19678ee8fe19d713b87f6a9e6,13381262,0xd037476ac336365ac316ac2c039da1677ccafb336cd1e5945c91e12aa5de1bef,84,close
2021-10-09,3581.09000000,358109000000,8,1633823999,1633823958,41,5,0x37bc7498f4ff12c19678ee8fe19d713b87f6a9e6,13387617,0x3a0a7b452ea2663c56e2f7c2e8f17c5adda6e1b26dc985eb49289554275f7ef6,82,close
2021-10-10,3423.64095907,342364095907,8,1633910399,1633910124,275,5,0x37bc7498f4ff12c19678ee8fe19d713b87f6a9e6,13393973,0xdb2bae1185e7710f9bab94a65a238bd2545633e82b140bfb504b483fddfa2818,59,close
2021-10-11,3537.49923641,353749923641,8,1633996799,1633996557,242,5,0x37bc7498f4ff12c19678ee8fe19d713b87f6a9e6,13400361,0x4bdddde63d9167706f80d3e27e9a9c15a59e11579ade1f0ba4f82a5cea52f9f5,219,close
2021-10-12,3488.49000000,348849000000,8,1634083199,1634083014,185,5,0x37bc7498f4ff12c19678ee8fe19d713b87f6a9e6,13406714,0xfdb07bfa66b7268118bf25e86ddd028617e00097f01fefce36962bd6926be86d,37,close
2021-10-13,3597.75768715,359775768715,8,1634169599,1634169325,274,5,0x37bc7498f4ff12c19678ee8fe19d713b87f6a9e6,13413028,0xf3effde35b2207e08f09882a3631ef8d9c031a9b02c07da25370335e2225678a,58,close
2021-10-14,3788.03329358,378803329358,8,1634255999,1634255852,147,5,0x37bc7498f4ff12c19678ee8fe19d713b87f6a9e6,13419373,0xc3bf78ccfb4c8d1e447e035d9f0b910a7da1e62e2e4969ae13c2a3ad04186af3,262,close
2021-10-15,3867.97308534,386797308534,8,1634342399,1634342142,257,5,0x37bc7498f4ff12c19678ee8fe19d713b87f6a9e6,13425678,0xd1442065c6c707cc599904832ff2711b0ce7e016e88e86c503c062330031ffb6,33,close
2021-10-16,3835.45595313,383545595313,8,1634428799,1634428505,294,5,0x37bc7498f4ff12c19678ee8fe19d713b87f6a9e6,13432120,0x0830e10b767b96246e1b5249fd88b36beefa1e61e6247a8f718c8ee96eab8bff,110,close
2021-10-17,3852.84250329,385284250329,8,1634515199,1634515199,0,5,0x37bc7498f4ff12c19678ee8fe19d713b87f6a9e6,13438528,0x8dff27d41aad07d1048093f5e9353acc0e52e25ee1d0c28f02c99f73a66cc4ff,390,close
2021-10-18,3745.14000000,374514000000,8,1634601599,1634601373,226,5,0x37bc7498f4ff12c19678ee8fe19d713b87f6a9e6,13444829,0x1ffd36619705595c70213cc25e9903724029f130a7f3b93e51bb3736e075948b,52,close
2021-10-19,3875.72183650,387572183650,8,1634687999,1634687729,270,5,0x37bc7498f4ff12c19678ee8fe19d713b87f6a9e6,13451264,0x1f8e1e326da9c4513be3e39891c994f4f7d69d6371813ef6a11c7459bfba2f7b,197,close
2021-10-20,4164.96637067,416496637067,8,1634774399,1634774124,275,5,0x37bc7498f4ff12c19678ee8fe19d713b87f6a9e6,13457620,0xdf418d3e71124872e5fb93cc0a335f25747ba31c4d8c8bcac7b7046d8d70c95b,80,close
2021-10-21,4066.56000000,406656000000,8,1634860799,1634860752,47,5,0x37bc7498f4ff12c19678ee8fe19d713b87f6a9e6,13464119,0x67c3ec21fab83823095deef09b2c2a3db7db35a43bfbf13ede27583f40beb1cd,122,close
2021-10-22,3973.27342454,397327342454,8,1634947199,1634946923,276,5,0x37bc7498f4ff12c19678ee8fe19d713b87f6a9e6,13470512,0x2c0692c7df5671caced44c08a19166225e759308d29e749db01c18b43b6acb16,15,close
2021-10-23,4167.51612200,416751612200,8,1635033599,1635033557,42,5,0x37bc7498f4ff12c19678ee8fe19d713b87f6a9e6,13476879,0x1eb7fb2b9bef4aae93797be55818a2597a191e207f0683bb56136bf40711daf0,382,close
2021-10-24,4079.83000000,407983000000,8,1635119999,1635119686,313,5,0x37bc7498f4ff12c19678ee8fe19d713b87f6a9e6,13483225,0xfb2a95143d244aad0a3a34decca80bd9d5dabcfd917b11bc94fff74342a2fb6f,327,close
2021-10-25,4212.37995876,421237995876,8,1635206399,1635206245,154,5,0x37bc7498f4ff12c19678ee8fe19d713b87f6a9e6,13489649,0xdef1a3c6ed934645a9412994bba8f2ea476d76d6b6f2a5b3485349cd693017af,39,close
2021-10-26,4138.89328646,413889328646,8,1635292799,1635292516,283,5,0x37bc7498f4ff12c19678ee8fe19d713b87f6a9e6,13496054,0x3d537b929dc534a7ae13ca8e59971dbef72ca832bcc8c481b7abd901dc6c1b5b,91,close
2021-10-27,3943.00294495,394300294495,8,1635379199,1635378917,282,5,0x37bc7498f4ff12c19678ee8fe19d713b87f6a9e6,13502403,0xf9f51e8f3e484352e883ed3735fe39bbf0ccfafc0cd83f0b3701a3bb3eb24f13,88,close
2021-10-28,4277.07233187,427707233187,8,1635465599,1635465308,291,5,0x37bc7498f4ff12c19678ee8fe19d713b87f6a9e6,13508812,0xb9e207b981f6a267c38d117574a6b7d479fa075ef9b6c30121488a446b18e49a,44,close
2021-10-29,4413.87698382,441387698382,8,1635551999,1635551790,209,5,0x37bc7498f4ff12c19678ee8fe19d713b87f6a9e6,13515176,0x79309ac60961006a9e70c31c0eb280e211cded1594378058f6d777529175ebdd,97,close
2021-10-30,4312.06000000,431206000000,8,1635638399,1635638110,289,5,0x37bc7498f4ff12c19678ee8fe19d713b87f6a9e6,13521523,0x46d521212a8bda8aa6d89155a7770e9731910a881152a90c8617b39fcbe293bd,157,close
2021-10-31,4292.58476207,429258476207,8,1635724799,1635724491,308,5,0x37bc7498f4ff12c19678ee8fe19d713b87f6a9e6,13527843,0x5d47ed762c5570d233766beadc0a3f48363be624b4287b8964f321a9553c96fd,225,close
2021-11-01,4332.54126430,433254126430,8,1635811199,1635810906,293,5,0x37bc7498f4ff12c19678ee8fe19d713b87f6a9e6,13534260,0x0f440445e3995e0a01c4d1536b8c99d0ba0262d211dc6630c16018e207b3055f,107,close
2021-11-02,4593.29089761,459329089761,8,1635897599,1635897371,228,5,0x37bc7498f4ff12c19678ee8fe19d713b87f6a9e6,13540571,0xb16c03e2ba1c1e682d2a95634483388b854e98495405a943047414efe2ac401c,160,close
2021-11-03,4607.65000000,460765000000,8,1635983999,1635983728,271,5,0x37bc7498f4ff12c19678ee8fe19d713b87f6a9e6,13546956,0x1cd790b9b2ebd6f2fec5abf75aa7fabb11e7ed95be13a8ca90a3144f0446a5ff,250,close
2021-11-04,4536.54409019,453654409019,8,1636070399,1636070112,287,5,0x37bc7498f4ff12c19678ee8fe19d713b87f6a9e6,13553236,0x120c4757137a13fbcd0443ed76dcf261f6bebf88d3995334eb1b2bf8cc5f270f,88,close
2021-11-05,4483.99000000,448399000000,8,1636156799,1636156524,275,5,0x37bc7498f4ff12c19678ee8fe19d713b87f6a9e6,13559676,0xdef63a07782e36b56a2f7fb7605b9d5a76312695c538e99ffb519f1940d70ae4,94,close
2021-11-06,4513.02489870,451302489870,8,1636243199,1636242910,289,5,0x37bc7498f4ff12c19678ee8fe19d713b87f6a9e6,13566013,0xadb5cf4033fa9c9fbfd7d3b1bacb5535efcfd9b2bde35410a2076cde17c475af,192,close
2021-11-07,4612.09102371,461209102371,8,1636329599,1636329305,294,5,0x37bc7498f4ff12c19678ee8fe19d713b87f6a9e6,13572464,0x559a6218969c4dc0e9c08fd96d1af09973059919321d334bd9dd5584ac8f5abe,103,close
2021-11-08,4816.63302180,481663302180,8,1636415999,1636415716,283,5,0x37bc7498f4ff12c19678ee8fe19d713b87f6a9e6,13578823,0x388e4a0c8c25784f773e11ab4db0245dfdbf4eefa941483904e3b0d3d036df2c,59,close
2021-11-09,4736.31000000,473631000000,8,1636502399,1636502270,129,5,0x37bc7498f4ff12c19678ee8fe19d713b87f6a9e6,13585196,0x01d0037e1ab212c4498bbe6e2e06e4db53119a9afffb1d6654c6d2670847ee51,89,close
2021-11-10,4630.69524903,463069524903,8,1636588799,1636588531,268,5,0x37bc7498f4ff12c19678ee8fe19d713b87f6a9e6,13591581,0x435be5ba6d16e1e5ee1ce884e4b0145b60d4e743cbe59973f8d39e6ee1d6989e,84,close
2021-11-11,4724.96983669,472496983669,8,1636675199,1636674904,295,5,0x37bc7498f4ff12c19678ee8fe19d713b87f6a9e6,13597948,0xe6849135754f3e86836dc6bad8048aae3e58c395e2c37670e940d9fe3dbf058a,151,close
2021-11-12,4670.09401008,467009401008,8,1636761599,1636761324,275,5,0x37bc7498f4ff12c19678ee8fe19d713b87f6a9e6,13604369,0xdc90f32d0890a7c3a09908d28798e67dfd29185f85eccd16511f63570bba20ef,192,close
2021-11-13,4651.78971005,465178971005,8,1636847999,1636847733,266,5,0x37bc7498f4ff12c19678ee8fe19d713b87f6a9e6,13610694,0x14c5093ff8a979c429db3d84073bb76b3f0cfc8bb23de7f7cf76a56e040ef618,86,close
2021-11-14,4625.10885401,462510885401,8,1636934399,1636934125,274,5,0x37bc7498f4ff12c19678ee8fe19d713b87f6a9e6,13617040,0xe767df998e2e008b1089f4af6af86565ae9e9c7988e7aaaebfd5f76d414b2fd9,92,close
2021-11-15,4570.93840855,457093840855,8,1637020799,1637020514,285,5,0x37bc7498f4ff12c19678ee8fe19d713b87f6a9e6,13623360,0x254023f9b0fb67e51a27f81f72f175bfbd0185565e9056456438b185dd9dc3e8,23,close
2021-11-16,4228.25059004,422825059004,8,1637107199,1637106928,271,5,0x37bc7498f4ff12c19678ee8fe19d713b87f6a9e6,13629601,0x1c082ed9152c0bde0b6befd74299b2d4e83fb05267df69ff8c829bac6c23163d,135,close
2021-11-17,4291.53000000,429153000000,8,1637193599,1637193330,269,5,0x37bc7498f4ff12c19678ee8fe19d713b87f6a9e6,13636002,0x31fe0dc74029db5e9df4ab8fcf17f9202cfe73c59c19a7129dd92fec01de4842,71,close
2021-11-18,3988.87728748,398887728748,8,1637279999,1637279706,293,5,0x37bc7498f4ff12c19678ee8fe19d713b87f6a9e6,13642368,0x4356a6dd8b5aaffad2169f6f79b50a641ca3606056f573f9eee951702e8d5c0c,140,close
2021-11-19,4294.64005159,429464005159,8,1637366399,1637366105,294,5,0x37bc7498f4ff12c19678ee8fe19d713b87f6a9e6,13648600,0x1d1a39d34c0a594626308064af1deb5ac227aac7ba0bf7401eb6659b1d9602c7,94,close
2021-11-20,4419.28888509,441928888509,8,1637452799,1637452612,187,5,0x37bc7498f4ff12c19678ee8fe19d713b87f6a9e6,13654902,0xd1fb1d070c1f80b326573ae02febf72afc99f41ae2c34df3463b29835da23ab8,133,close
2021-11-21,4273.88424276,427388424276,8,1637539199,1637539066,133,5,0x37bc7498f4ff12c19678ee8fe19d713b87f6a9e6,13661199,0x56b931dd60a5b2add2fe6bd64d9d2a8a6a633e5a95bd832b06ffe10fc4f64564,222,close
2021-11-22,4099.20897636,409920897636,8,1637625599,1637625388,211,5,0x37bc7498f4ff12c19678ee8fe19d713b87f6a9e6,13667564,0x651c843e48250d505be58b00c8470a2d2afd6263a45d4d3d876a3c8a9d89639f,20,close
2021-11-23,4351.22228954,435122228954,8,1637711999,1637711854,145,5,0x37bc7498f4ff12c19678ee8fe19d713b87f6a9e6,13673901,0x1dd0d5ffcd9d99323e9ddea7490c1f801c14d0209b09ce99a928ae3badbec164,214,close
2021-11-24,4263.88000000,426388000000,8,1637798399,1637798182,217,5,0x37bc7498f4ff12c19678ee8fe19d713b87f6a9e6,13680203,0x4b9b038080a5e10dd188c735f0161052bb0529bd0561224dc2f8bd1b2b8cff2d,85,close
2021-11-25,4521.36000000,452136000000,8,1637884799,1637884643,156,5,0x37bc7498f4ff12c19678ee8fe19d713b87f6a9e6,13686508,0xb842c8bc1d9b59dbdd2e3648a1994de5e32f8116c410bb03c5ac0cfb13e531b9,64,close
2021-11-26,4042.70812690,404270812690,8,1637971199,1637971076,123,5,0x37bc7498f4ff12c19678ee8fe19d713b87f6a9e6,13692735,0x295ae1a60f0447c7b6ac726a0108cbb327c81e2dea4ea51f9fb8b8ce642eb8d9,319,close
2021-11-27,4074.06496056,407406496056,8,1638057599,1638057329,270,5,0x37bc7498f4ff12c19678ee8fe19d713b87f6a9e6,13699099,0x97608faf95bda9612a87172fcac8c6431e0bb9d7753c368a23a2e7f87032574b,184,close
2021-11-28,4294.88000000,429488000000,8,1638143999,1638143748,251,5,0x37bc7498f4ff12c19678ee8fe19d713b87f6a9e6,13705366,0x566d681a3cb69076bb82ed724780cb578c825ccaf1294a8984c74badd287ad7f,85,close
2021-11-29,4444.36244418,444436244418,8,1638230399,1638230131,268,5,0x37bc7498f4ff12c19678ee8fe19d713b87f6a9e6,13711570,0xf8f21d77f35d181e8a2a44ae5217a45b4543595ddee75e8414d27c5ade9e7f89,55,close
2021-11-30,4639.31075004,463931075004,8,1638316799,1638316519,280,5,0x37bc7498f4ff12c19678ee8fe19d713b87f6a9e6,13717828,0x5e6cc7bfe875900b7bfe4687a15768f542ac414ae3f4e5794f0644d8efdb6559,120,close
2021-12-01,4582.75763409,458275763409,8,1638403199,1638402939,260,5,0x37bc7498f4ff12c19678ee8fe19d713b87f6a9e6,13724068,0x30c53a5f6daac3ac3bec6cb4036ee802611d1e93f996066a88cb5227c9ff1056,10,close
2021-12-02,4520.77029058,452077029058,8,1638489599,1638489317,282,5,0x37bc7498f4ff12c19678ee8fe19d713b87f6a9e6,13730318,0x4f7b02ae9903eed68cd20238b8dcebe8dc5cc67cc4aeafb46f71356b88b34d37,78,close
2021-12-03,4248.24074567,424824074567,8,1638575999,1638575766,233,5,0x37bc7498f4ff12c19678ee8fe19d713b87f6a9e6,13736605,0x4331d4af5f905fd2abf86bbdb6c92551bfee75cd7c3bdd398a8ac8d411d469a1,139,close
2021-12-04,4118.15547204,411815547204,8,1638662399,1638662382,17,5,0x37bc7498f4ff12c19678ee8fe19d713b87f6a9e6,13742800,0xfbf0f22f398768a43e64a770ec59fa5c2c93017d5495d898edbb413a37b1294e,124,close
2021-12-05,4188.97454719,418897454719,8,1638748799,1638748529,270,5,0x37bc7498f4ff12c19678ee8fe19d713b87f6a9e6,13749003,0xcde5a143631e4d66217fbee604d1edb9e359b7a70d0f779a3d76d1aea2a1019f,102,close
2021-12-06,4347.75666854,434775666854,8,1638835199,1638834921,278,5,0x37bc7498f4ff12c19678ee8fe19d713b87f6a9e6,13755282,0x76d2ec0bfd0a5a4652a6f5cff2cd876762cbed8ca5831b8dcfb28229e0a82f62,363,close
2021-12-07,4306.00754510,430600754510,8,1638921599,1638921356,243,5,0x37bc7498f4ff12c19678ee8fe19d713b87f6a9e6,13761548,0x0065d572dd4196e27b247011349d8bd202d832106b1f970363caa37c7e98a7b4,36,close
2021-12-08,4435.80000000,443580000000,8,1639007999,1639007711,288,5,0x37bc7498f4ff12c19678ee8fe19d713b87f6a9e6,13767773,0x23b11cbcf94beec0ab83821b267f40834aa5eb888c5225bab36ad3a6d6020613,99,close
2021-12-09,4153.61604290,415361604290,8,1639094399,1639094106,293,5,0x37bc7498f4ff12c19678ee8fe19d713b87f6a9e6,13774057,0x2d25164b2470d3e0df4f0fa01fde49c3aaf05fad3e914daefa104f94e653af09,318,close
2021-12-10,3917.70991584,391770991584,8,1639180799,1639180517,282,5,0x37bc7498f4ff12c19678ee8fe19d713b87f6a9e6,13780482,0x463b1086c71929e406345bee7b938215dfe400e80af7f44d5bdaa2524f4428c0,83,close
2021-12-11,4086.06298219,408606298219,8,1639267199,1639266980,219,5,0x37bc7498f4ff12c19678ee8fe19d713b87f6a9e6,13786973,0x1ffd35bbef71dcbf43c21ad0be18b5b88bda7a290d07cbcbdd4d955735dbc9e2,182,close
2021-12-12,4136.77760725,413677760725,8,1639353599,1639353392,207,5,0x37bc7498f4ff12c19678ee8fe19d713b87f6a9e6,13793494,0x2d4116cf9aa81300b7df44a8a8ecbe4ec65c12a30b4458686f24b0fe7dc9ac3b,76,close
2021-12-13,3789.46316459,378946316459,8,1639439999,1639439733,266,5,0x37bc7498f4ff12c19678ee8fe19d713b87f6a9e6,13799981,0xe336d71c739e50e5070fe2cb40538c568fc85946e05d735d90a5a64d19d56485,73,close
2021-12-14,3862.69224185,386269224185,8,1639526399,1639526146,253,5,0x37bc7498f4ff12c19678ee8fe19d713b87f6a9e6,13806367,0xfca921a295965336829432d2c84a03b24ab85d85d34910db14349b292e490133,55,close
2021-12-15,4017.27000000,401727000000,8,1639612799,1639612540,259,5,0x37bc7498f4ff12c19678ee8fe19d713b87f6a9e6,13812842,0x8d36d62d1920fa40fa1a1c600a6b894023e2f3fafcee7259cbe0aada72027aed,246,close
2021-12-16,3971.39110306,397139110306,8,1639699199,1639698924,275,5,0x37bc7498f4ff12c19678ee8fe19d713b87f6a9e6,13819242,0xaf98cd5117bbf447ec0572f1a9fa0bdb58aa5233d70db2cacaa54ae0f2844cd5,64,close
2021-12-17,3887.07210254,388707210254,8,1639785599,1639785334,265,5,0x37bc7498f4ff12c19678ee8fe19d713b87f6a9e6,13825707,0xcdc72499c31d5efc337f4f8696d0c531e7c67643ecbf4db99bdca61af9d1c4d7,18,close
2021-12-18,3970.14000000,397014000000,8,1639871999,1639871726,273,5,0x37bc7498f4ff12c19678ee8fe19d713b87f6a9e6,13832223,0x3b2476c680117ea4728881c0895b2b1bf31c24f1b474e02637f813a56c3cd656,156,close
2021-12-19,3927.75795572,392775795572,8,1639958399,1639958142,257,5,0x37bc7498f4ff12c19678ee8fe19d713b87f6a9e6,13838678,0x91969e2f7e1b21c4ef3aa99120a2c315f1963de17045619b1a0cdbd6c6f59c28,56,close
2021-12-20,3935.98000000,393598000000,8,1640044799,1640044562,237,5,0x37bc7498f4ff12c19678ee8fe19d713b87f6a9e6,13845220,0xc772d1aeaf3c6b7f5ae3b8c00d004db87f8b4e59e02fbe806b0572dee720df8e,72,close
2021-12-21,4024.41653452,402441653452,8,1640131199,1640130922,277,5,0x37bc7498f4ff12c19678ee8fe19d713b87f6a9e6,13851661,0x147bf33a1f216b3f0104b3fb96d42ca3c1d34613fed2424c8d1c9574e15c04a4,89,close
2021-12-22,3985.76279121,398576279121,8,1640217599,1640217311,288,5,0x37bc7498f4ff12c19678ee8fe19d713b87f6a9e6,13858082,0x034a0a1ef2ee5676bf34e13c6b192257eb2e32c26fb2ff4ffdd62b4e4aff6109,46,close
2021-12-23,4107.97000000,410797000000,8,1640303999,1640303705,294,5,0x37bc7498f4ff12c19678ee8fe19d713b87f6a9e6,13864499,0x1fa46d6568f5882f85f32bee2d058c78735ee48ce75c7e453cba9b2f104e2e76,35,close
2021-12-24,4048.01437764,404801437764,8,1640390399,1640390130,269,5,0x37bc7498f4ff12c19678ee8fe19d713b87f6a9e6,13870967,0xd86c4c707fc399bf2aa9257f9a915badbaa9db4250c36939a41243310e344e5a,22,close
2021-12-25,4109.72126570,410972126570,8,1640476799,1640476545,254,5,0x37bc7498f4ff12c19678ee8fe19d713b87f6a9e6,13877433,0xe39a91e47bda148c527425cf9ae001b2ca645530a45ac51742761a430eb864fc,161,close
2021-12-26,4073.61798623,407361798623,8,1640563199,1640562911,288,5,0x37bc7498f4ff12c19678ee8fe19d713b87f6a9e6,13883898,0x8a5c6a88e188b2ece423b5f640d3feb5c324e8fd1e27e8c1f5d7cd2a1efbcf9a,315,close
2021-12-27,4046.06314831,404606314831,8,1640649599,1640649568,31,5,0x37bc7498f4ff12c19678ee8fe19d713b87f6a9e6,13890392,0xa47698f6d73147e35f83cee8ce15d1f0f319a29bafc2c0ab141573ca07dc0ab0,70,close
2021-12-28,3801.68712529,380168712529,8,1640735999,1640735786,213,5,0x37bc7498f4ff12c19678ee8fe19d713b87f6a9e6,13896816,0x1c37fda83b4641d373539197506de52d3f9d0455cb5d73db85ba67c7060aec7e,151,close
2021-12-29,3629.34960112,362934960112,8,1640822399,1640822173,226,5,0x37bc7498f4ff12c19678ee8fe19d713b87f6a9e6,13903339,0xe77c40f9ada0b8d006b90da699648de912bc92c7ad1460cb40b7d0063a332101,77,close
2021-12-30,3711.66506166,371166506166,8,1640908799,1640908592,207,5,0x37bc7498f4ff12c19678ee8fe19d713b87f6a9e6,13909773,0x73104bd42f8a201c91a9db4656438f347522a62ee3aa3e9ce23ca49a950fd825,44,close
2021-12-31,3685.13406896,368513406896,8,1640995199,1640994992,207,5,0x37bc7498f4ff12c19678ee8fe19d713b87f6a9e6,13916149,0xe05e98ee81a6d799fab4f046c522a01097a3dbd5d9ca75e2f20812e2a81b65d8,6,close
2022-01-01,3766.09318313,376609318313,8,1641081599,1641081337,262,5,0x37bc7498f4ff12c19678ee8fe19d713b87f6a9e6,13922650,0x21ba51ab3a475615cf8cbd4a0a7ad2154f935b79fdad75de153569dfbf600a64,82,close
2022-01-02,3834.42234276,383442234276,8,1641167999,1641167753,246,5,0x37bc7498f4ff12c19678ee8fe19d713b87f6a9e6,13929149,0x5d9e0c88772eeca97601906ab980721ca3a67cc530002621ecb43b1e71040046,158,close
2022-01-03,3763.54969799,376354969799,8,1641254399,1641254311,88,5,0x37bc7498f4ff12c19678ee8fe19d713b87f6a9e6,13935623,0x1b737e29b14376a1d0e35bccf0cb4864a09ce2a0d475eb5a70daca747abb40f2,34,close
2022-01-04,3793.07329031,379307329031,8,1641340799,1641340708,91,5,0x37bc7498f4ff12c19678ee8fe19d713b87f6a9e6,13942110,0xc8e632c86898a1e9c390f9b6a0cc1c9153102bcf364cf1ee92c270b7b5f6eeaa,133,close
2022-01-05,3551.49224739,355149224739,8,1641427199,1641426964,235,5,0x37bc7498f4ff12c19678ee8fe19d713b87f6a9e6,13948565,0x72a375497dfbd28752057d67d7a2a86bdd1cdd49b8453ce241ee0efcc5757670,362,close
2022-01-06,3414.59702468,341459702468,8,1641513599,1641513405,194,5,0x37bc7498f4ff12c19678ee8fe19d713b87f6a9e6,13954958,0xbea2cd635be9bbe6ae16060cf3fbcdf2b7e6d321c4b62840e2750e1b94aeccc6,126,close
2022-01-07,3191.74000000,319174000000,8,1641599999,1641599734,265,5,0x37bc7498f4ff12c19678ee8fe19d713b87f6a9e6,13961370,0xe12f84f670ed27f3448cc26e7be1ecb530d88eaa27247f353d80d241048c35ce,46,close
2022-01-08,3090.28389639,309028389639,8,1641686399,1641686131,268,5,0x37bc7498f4ff12c19678ee8fe19d713b87f6a9e6,13967906,0x117e5c85ef5f91345a5825557445d25e57137f3a58cecb871ee6069050a7f35b,49,close
2022-01-09,3155.75000000,315575000000,8,1641772799,1641772500,299,5,0x37bc7498f4ff12c19678ee8fe19d713b87f6a9e6,13974399,0x6eff228e57b885c5fb71afb4c816a8d4bebef19cdb129f21baa50c0404062433,18,close
2022-01-10,3083.64087025,308364087025,8,1641859199,1641859165,34,5,0x37bc7498f4ff12c19678ee8fe19d713b87f6a9e6,13980845,0x7264d8715c3e3d86be3bfeb0e4541c31d4b6cb7d055803ce9c554de015887564,63,close
2022-01-11,3236.78105073,323678105073,8,1641945599,1641945396,203,5,0x37bc7498f4ff12c19678ee8fe19d713b87f6a9e6,13987368,0x07c89a9b07d49d4dae394713116482284f5af1b1d093477c6234c840dd1aada0,273,close
2022-01-12,3373.33886837,337333886837,8,1642031999,1642031716,283,5,0x37bc7498f4ff12c19678ee8fe19d713b87f6a9e6,13993810,0x3bb52b241ec353efae692de1ca273a9a9368bd9b11293bc2f25dd609379daf3a,23,close
2022-01-13,3253.40000702,325340000702,8,1642118399,1642118248,151,5,0x37bc7498f4ff12c19678ee8fe19d713b87f6a9e6,14000260,0x31766c4382291a8a6e484e656d8e522db193b934f06ecf72708d0055fec2c816,76,close
2022-01-14,3313.04677262,331304677262,8,1642204799,1642204543,256,5,0x37bc7498f4ff12c19678ee8fe19d713b87f6a9e6,14006692,0x398ec6a0848d405c4b2289b00b9997bbe554c8b68881efed49574669f721dcfa,29,close
2022-01-15,3330.82463843,333082463843,8,1642291199,1642290919,280,5,0x37bc7498f4ff12c19678ee8fe19d713b87f6a9e6,14013182,0x214ef50198868351252e5fbcd1b498d71d455449e3c2dba29525fe5012a829ae,58,close
2022-01-16,3354.23268877,335423268877,8,1642377599,1642377313,286,5,0x37bc7498f4ff12c19678ee8fe19d713b87f6a9e6,14019669,0xb64e81276014ec08ccd639f99e3a4f2e5372683c61707be443590e246571fce6,22,close
2022-01-17,3211.24486533,321124486533,8,1642463999,1642463770,229,5,0x37bc7498f4ff12c19678ee8fe19d713b87f6a9e6,14026152,0x9bbc13a15af8a2b2dc4a011dd8ae7699113b324ae0a4013e4d54b3feda9ae4b2,165,close
2022-01-18,3165.26905042,316526905042,8,1642550399,1642550234,165,5,0x37bc7498f4ff12c19678ee8fe19d713b87f6a9e6,14032621,0x1043316ae2a35f0ce0ab00b6fd5365dc419f52433bcf6855314519fdeaf49906,57,close
2022-01-19,3089.98000000,308998000000,8,1642636799,1642636515,284,5,0x37bc7498f4ff12c19678ee8fe19d713b87f6a9e6,14039080,0x80bab173761c967fec0f42004464ffd6784fc5176e7847c8cf47d93c44b85da3,424,close
2022-01-20,3007.15471196,300715471196,8,1642723199,1642722899,300,5,0x37bc7498f4ff12c19678ee8fe19d713b87f6a9e6,14045568,0xda8b2b2f4b50e80328999a037a5b441cab07901798d1553acd90e94de456da45,364,close
2022-01-21,2553.27025030,255327025030,8,1642809599,1642809312,287,5,0x37bc7498f4ff12c19678ee8fe19d713b87f6a9e6,14051963,0x871436872982e02f0b9a1151c551c2a7a24e0f9b4877d67f6fc1ada36d81d322,157,close
2022-01-22,2405.23170511,240523170511,8,1642895999,1642895730,269,5,0x37bc7498f4ff12c19678ee8fe19d713b87f6a9e6,14058523,0xe068a40dee15673d19b207f9452d384e5caa8e6a629629d0bc45baa800ec2718,19,close
2022-01-23,2538.09108360,253809108360,8,1642982399,1642982118,281,5,0x37bc7498f4ff12c19678ee8fe19d713b87f6a9e6,14064972,0xcaf474e48d64c9574f7a5be5b6f3cbb293a2586d9ce8ee451cd850a556476456,61,close
2022-01-24,2445.93854357,244593854357,8,1643068799,1643068583,216,5,0x37bc7498f4ff12c19678ee8fe19d713b87f6a9e6,14071433,0x4d30be231b1073b6414415f6ff9041a6da45c7813bf4f1fe46b9b3997c4518b2,9,close
2022-01-25,2461.04000000,246104000000,8,1643155199,1643154963,236,5,0x37bc7498f4ff12c19678ee8fe19d713b87f6a9e6,14077884,0x05df05b240bc6751086ce5205a28257b1cf70524d6cba638274db5ad6d6a3403,60,close
2022-01-26,2470.61378802,247061378802,8,1643241599,1643241330,269,5,0x37bc7498f4ff12c19678ee8fe19d713b87f6a9e6,14084316,0x6411284825046f2db18b7dee15af20bbe5e79d9590696f4d6bc9cec8e850148c,11,close
2022-01-27,2421.56075609,242156075609,8,1643327999,1643327727,272,5,0x37bc7498f4ff12c19678ee8fe19d713b87f6a9e6,14090803,0x2a0277462cba5511524116dc880a84f9bda8476b1afc10e8c2dfada699973bf4,48,close
2022-01-28,2550.69035172,255069035172,8,1643414399,1643414119,280,5,0x37bc7498f4ff12c19678ee8fe19d713b87f6a9e6,14097272,0x6f6e523558e07a8912ff1a4cad6328c042778ce2f04ad18293fbdf0dff89b84d,69,close
2022-01-29,2597.31814131,259731814131,8,1643500799,1643500525,274,5,0x37bc7498f4ff12c19678ee8fe19d713b87f6a9e6,14103743,0xc95c8fc042e93cb18ffa7fa5d59792c8d78a1e53e361f79bab98ea708128b994,63,close
2022-01-30,2607.05860634,260705860634,8,1643587199,1643586918,281,5,0x37bc7498f4ff12c19678ee8fe19d713b87f6a9e6,14110278,0xa26b45d8813f5e6828dfdcc55f69d3b7ca9a44e5c7f6c54f3a7092d9e08a3b4f,65,close
2022-01-31,2687.97795379,268797795379,8,1643673599,1643673329,270,5,0x37bc7498f4ff12c19678ee8fe19d713b87f6a9e6,14116745,0x6ab6126f72e92d5ac9f90e930a9c51e608e275700036d2de2b384499ef9ec76e,12,close
2022-02-01,2796.36964288,279636964288,8,1643759999,1643757947,2052,5,0x37bc7498f4ff12c19678ee8fe19d713b87f6a9e6,14123100,0xe6a9d23476234703ebef24843d213a4cea89695ad0bd736a99fd1a0a9953ecf4,16,close
2022-02-02,2682.10353487,268210353487,8,1643846399,1643846168,231,5,0x37bc7498f4ff12c19678ee8fe19d713b87f6a9e6,14129703,0x8e1eb82f3a3c64e8035b244cdce9c7993d4c4d03b56252e27ffce59c8c62bc03,103,close
2022-02-03,2681.62108998,268162108998,8,1643932799,1643932799,0,5,0x37bc7498f4ff12c19678ee8fe19d713b87f6a9e6,14136138,0x2bfbdbb35517fc487c9c75be62f010fc77df6889a2857ec179b41a16e62ddb0f,149,close
2022-02-04,2983.43968644,298343968644,8,1644019199,1644018954,245,5,0x37bc7498f4ff12c19678ee8fe19d713b87f6a9e6,14142679,0xc5e078170d69422ec4f12f74463e9fca1574e9119170e4378b1c333014f12566,51,close
2022-02-05,3015.04678998,301504678998,8,1644105599,1644105427,172,5,0x37bc7498f4ff12c19678ee8fe19d713b87f6a9e6,14149061,0x15e7038ea530fe483f0bfbe6f70290096424d561942387aee3f9f492af2b37cd,144,close
2022-02-06,3060.02623878,306002623878,8,1644191999,1644191725,274,5,0x37bc7498f4ff12c19678ee8fe19d713b87f6a9e6,14155598,0x4e062801f556a262c07c424ec9149e2e7b8821dcf194847646be1e8e9cd4e0ef,32,close
2022-02-07,3149.95000000,314995000000,8,1644278399,1644278130,269,5,0x37bc7498f4ff12c19678ee8fe19d713b87f6a9e6,14162060,0xa1e17a83b697db43ea6a128fa062b503d017a2858ba60dfc9b62084412bceb8e,63,close
2022-02-08,3123.77554546,312377554546,8,1644364799,1644364514,285,5,0x37bc7498f4ff12c19678ee8fe19d713b87f6a9e6,14168497,0x4f69a260789517cb62ab61938a5980e63c335ebe4d739f3e9b3822938e97af92,62,close
2022-02-09,3241.64925621,324164925621,8,1644451199,1644450925,274,5,0x37bc7498f4ff12c19678ee8fe19d713b87f6a9e6,14174975,0x9b28eae4da2b0a391e4b3b07badf3b68b6e5e29091e3474027a4900e3e64337c,120,close
2022-02-10,3074.89124766,307489124766,8,1644537599,1644537329,270,5,0x37bc7498f4ff12c19678ee8fe19d713b87f6a9e6,14181404,0xf4f4a889d8c4a5c259c5b98f03907aa7a0c4cecf09f64c10baf90643e4bbf814,64,close
2022-02-11,2928.97142624,292897142624,8,1644623999,1644623712,287,5,0x37bc7498f4ff12c19678ee8fe19d713b87f6a9e6,14187928,0xcf2b5e536c75b4a62dad30391d0b3d958cf04ca2195e8fad003c7b58e1557390,154,close
2022-02-12,2912.03491696,291203491696,8,1644710399,1644710117,282,5,0x37bc7498f4ff12c19678ee8fe19d713b87f6a9e6,14194391,0x2033f5815ea85882653a7bbd869a560da4ee05fcd61cca996e79fb9fda15cc6b,84,close
2022-02-13,2888.99719854,288899719854,8,1644796799,1644796556,243,5,0x37bc7498f4ff12c19678ee8fe19d713b87f6a9e6,14200872,0x2293b74421ca87d51755b80d4204bc5a7a10d7d4529e0d86fc474e73d9391e38,12,close
2022-02-14,2933.71755292,293371755292,8,1644883199,1644883028,171,5,0x37bc7498f4ff12c19678ee8fe19d713b87f6a9e6,14207327,0xb1d9b3f1bc81785f9e5ad73ed9cb9d6c26d3c4d0799d12d665bbf7cb4935f83c,105,close
2022-02-15,3183.35984078,318335984078,8,1644969599,1644969348,251,5,0x37bc7498f4ff12c19678ee8fe19d713b87f6a9e6,14213832,0xc69a3ba72f850a2660c0ab316d07f6d469578dfe9b1103c6079529605f9b9220,51,close
2022-02-16,3132.83267391,313283267391,8,1645055999,1645055747,252,5,0x37bc7498f4ff12c19678ee8fe19d713b87f6a9e6,14220243,0xd9197b63254e6149ebedc42e9120d7ab3df86ee6569c592e6a90cc1eb0813955,222,close
2022-02-17,2881.99555739,288199555739,8,1645142399,1645142148,251,5,0x37bc7498f4ff12c19678ee8fe19d713b87f6a9e6,14226732,0x0a88650e68aace655c214a3f42e2730c499f35c35d5982912470f2974082b11b,50,close
2022-02-18,2790.37528203,279037528203,8,1645228799,1645228525,274,5,0x37bc7498f4ff12c19678ee8fe19d713b87f6a9e6,14233140,0xa2cf60d1ef91e56a5db40c61e5d861f40d702bb610877e05af77494e48aafb63,385,close
2022-02-19,2766.92000000,276692000000,8,1645315199,1645315057,142,5,0x37bc7498f4ff12c19678ee8fe19d713b87f6a9e6,14239560,0x8bef7b0703ee6c4af6e799f7ce9e483ddee3a6d2346e5a43457786111a49f480,81,close
2022-02-20,2632.16165773,263216165773,8,1645401599,1645401497,102,5,0x37bc7498f4ff12c19678ee8fe19d713b87f6a9e6,14246081,0xdb113a2aaa7359a9334770cb21185e41380c4ad7a13b66804902f813394e582c,69,close
2022-02-21,2570.70479867,257070479867,8,1645487999,1645487725,274,5,0x37bc7498f4ff12c19678ee8fe19d713b87f6a9e6,14252499,0xdaa3ed5e5f3d984861445e29d3e709be2e129b1938b3b05b98f65e6a02876c4c,146,close
2022-02-22,2643.88318722,264388318722,8,1645574399,1645574126,273,5,0x37bc7498f4ff12c19678ee8fe19d713b87f6a9e6,14258969,0x0971a437961c5639030e20eccbc0876ce396279c25b9e89c84f7e6bb8fc17b7b,4,close
2022-02-23,2595.96930765,259596930765,8,1645660799,1645660510,289,5,0x37bc7498f4ff12c19678ee8fe19d713b87f6a9e6,14265454,0x5db3a4594a6b325048920ae5d8c707e82c3adabc951b5247f28365c72ae92a87,67,close
2022-02-24,2597.81745993,259781745993,8,1645747199,1645746959,240,5,0x37bc7498f4ff12c19678ee8fe19d713b87f6a9e6,14271933,0x67093cf1bd4b9699408d25572c73768f6a301d50716556e5471a66b4844d0044,103,close
2022-02-25,2763.17319144,276317319144,8,1645833599,1645833337,262,5,0x37bc7498f4ff12c19678ee8fe19d713b87f6a9e6,14278365,0x6073e9d35165563b055ca8f7fd52fd29a87e0ee6e83b9016eb718d20f634475a,33,close
2022-02-26,2776.22000000,277622000000,8,1645919999,1645919727,272,5,0x37bc7498f4ff12c19678ee8fe19d713b87f6a9e6,14284825,0x50627f43c50fa36e7ff9cf3643d4ee504fbaa27faf0b0866b892bd22ae0e0ce8,57,close
2022-02-27,2623.65294454,262365294454,8,1646006399,1646006147,252,5,0x37bc7498f4ff12c19678ee8fe19d713b87f6a9e6,14291324,0x3ea56e8e1c2776e788c7bc72ce2854e6b9aac50e8816cc52f41fc59b61768db7,117,close
2022-02-28,2919.44775590,291944775590,8,1646092799,1646092538,261,5,0x37bc7498f4ff12c19678ee8fe19d713b87f6a9e6,14297737,0x4953978708fcedb31ff43dfe9a2e04c459faab25313a44bf7e396a7d3298a5da,75,close
2022-03-01,2975.39433024,297539433024,8,1646179199,1646178911,288,5,0x37bc7498f4ff12c19678ee8fe19d713b87f6a9e6,14304236,0x24dfd50d50f8c455cc2ed9d08eb233c9530ef3c0b1cabc0166246530330c4b44,82,close
2022-03-02,2949.82010944,294982010944,8,1646265599,1646265362,237,5,0x37bc7498f4ff12c19678ee8fe19d713b87f6a9e6,14310640,0x916915e158f863fabc806e1875ce7dd125160ecd2bec75c4e88dc812da827bb0,26,close
2022-03-03,2836.98702990,283698702990,8,1646351999,1646351824,175,5,0x37bc7498f4ff12c19678ee8fe19d713b87f6a9e6,14317102,0x6ba1ec9b1e68ea3c69aee96ab04af40cae5a7c163ded9e557b0e6165049f7d6c,177,close
2022-03-04,2616.70860875,261670860875,8,1646438399,1646438137,262,5,0x37bc7498f4ff12c19678ee8fe19d713b87f6a9e6,14323583,0xcf8de094c2d20b905d71abc227dd92ced5212113fb87c09693c264dddced66ea,240,close
2022-03-05,2665.28634817,266528634817,8,1646524799,1646524518,281,5,0x37bc7498f4ff12c19678ee8fe19d713b87f6a9e6,14329960,0x1c90dcac916ea7c0642b4502616c9fc7b6c47d27aa9c488211bd4b2bd72027ed,87,close
2022-03-06,2554.82000000,255482000000,8,1646611199,1646610923,276,5,0x37bc7498f4ff12c19678ee8fe19d713b87f6a9e6,14336380,0x7af5b024d9f5a5d5ae94bb34cc3a74cc2bfef1b5d691b748d5764dfc586c981f,36,close
2022-03-07,2495.35531091,249535531091,8,1646697599,1646697364,235,5,0x37bc7498f4ff12c19678ee8fe19d713b87f6a9e6,14342829,0xd2cbd3042a329ce9512e75d3cc5c97502d85056f51f67769fcdbbaaeaea7ea5c,36,close
2022-03-08,2575.77567620,257577567620,8,1646783999,1646783758,241,5,0x37bc7498f4ff12c19678ee8fe19d713b87f6a9e6,14349224,0x0e72c8ea93a3027a513279d714e621a9f2432b1e08409f25d40a3c7fea84187b,107,close
2022-03-09,2731.07331509,273107331509,8,1646870399,1646870150,249,5,0x37bc7498f4ff12c19678ee8fe19d713b87f6a9e6,14355727,0x5fdef716c7d3525207dae95df91ed02af90beb7325f74c5ad2ccd236b008a546,266,close
2022-03-10,2609.05791108,260905791108,8,1646956799,1646956545,254,5,0x37bc7498f4ff12c19678ee8fe19d713b87f6a9e6,14362202,0xa83b454baf44a1d6801cb0d34ed93b45bb20664b36fa949def4754c1f2675140,10,close
2022-03-11,2559.17000000,255917000000,8,1647043199,1647042979,220,5,0x37bc7498f4ff12c19678ee8fe19d713b87f6a9e6,14368541,0x681cf11bf1d15bc08cf9f00d09a0209a7171f8044a471d3d5a3337cbbeccffa5,312,close
2022-03-12,2575.25045630,257525045630,8,1647129599,1647129438,161,5,0x37bc7498f4ff12c19678ee8fe19d713b87f6a9e6,14375052,0x78be8adc0972f4e0cfe8870907b50ac7a353d136c8061f4a2da50afb12f0e84a,91,close
2022-03-13,2518.75000000,251875000000,8,1647215999,1647215707,292,5,0x37bc7498f4ff12c19678ee8fe19d713b87f6a9e6,14381372,0x1e0c45485532697c6a6e378f881b3b7a7f4a5b980c96305c17c9d1c942bc1975,103,close
2022-03-14,2588.68000000,258868000000,8,1647302399,1647302108,291,5,0x37bc7498f4ff12c19678ee8fe19d713b87f6a9e6,14387837,0x651a8bce732edebf2f48eaa0fdc938413d2988c2a73e5be0614bdefa37487d9d,125,close
2022-03-15,2619.59921390,261959921390,8,1647388799,1647388537,262,5,0x37bc7498f4ff12c19678ee8fe19d713b87f6a9e6,14394240,0x28c202668c5162442e18546deb1a3a054b5f2812c42960257434a0196e56cce3,150,close
2022-03-16,2770.69257718,277069257718,8,1647475199,1647474921,278,5,0x37bc7498f4ff12c19678ee8fe19d713b87f6a9e6,14400631,0x39bb5d51e477ba51d01cac096b527e3121af156d095d9028505512f979c9765f,141,close
2022-03-17,2816.36000000,281636000000,8,1647561599,1647561333,266,5,0x37bc7498f4ff12c19678ee8fe19d713b87f6a9e6,14407053,0xa4d47dddc4e751e2f0251f2a7bf9f26456e7bb6aa57ab058f866c8a5e951acf8,88,close
2022-03-18,2946.31614851,294631614851,8,1647647999,1647647794,205,5,0x37bc7498f4ff12c19678ee8fe19d713b87f6a9e6,14413472,0x564b0339d6f5de25650410baad8c66e40073c11a8687f5e79e0289a5891d52ec,110,close
2022-03-19,2946.89000000,294689000000,8,1647734399,1647734117,282,5,0x37bc7498f4ff12c19678ee8fe19d713b87f6a9e6,14419919,0xf6c73b8b8f1f941d6f6253ffad4530dd0990bb20f71c763dcbe70c0339efe29f,457,close
2022-03-20,2860.90506471,286090506471,8,1647820799,1647820694,105,5,0x37bc7498f4ff12c19678ee8fe19d713b87f6a9e6,14426357,0x914e567e9cbd4a95b7cd65b7e92ab792cde471fede3a8a29289f92d5d96830a6,68,close
2022-03-21,2898.01000000,289801000000,8,1647907199,1647906913,286,5,0x37bc7498f4ff12c19678ee8fe19d713b87f6a9e6,14432754,0xe5a887540a07fcf5bdbd6676c91b920b4a26eff12b183c251583c7fc666199be,146,close
2022-03-22,2972.86064310,297286064310,8,1647993599,1647993374,225,5,0x37bc7498f4ff12c19678ee8fe19d713b87f6a9e6,14439205,0x5694a56403e845633680a8a18514da38303b582c7b71259326a650cfa3cae505,31,close
2022-03-23,3032.13098006,303213098006,8,1648079999,1648079735,264,5,0x37bc7498f4ff12c19678ee8fe19d713b87f6a9e6,14445639,0xf8bcef8cbff47aed4ca15063cd4e18378fd9b222279bfe4d0c5d07393aa990db,15,close
2022-03-24,3108.11156378,310811156378,8,1648166399,1648166136,263,5,0x37bc7498f4ff12c19678ee8fe19d713b87f6a9e6,14452063,0x7d0bd98b5b9d0444bb3a2a34dda7ca06ca7a82f70a5f8bbfc55d258acc709f74,542,close
2022-03-25,3108.53000000,310853000000,8,1648252799,1648252549,250,5,0x37bc7498f4ff12c19678ee8fe19d713b87f6a9e6,14458493,0xfa87ab79535e9a8b9adc0aeb7bebc9c58c9cd1fda2e9fb383078a55ed585105f,47,close
2022-03-26,3144.24711598,314424711598,8,1648339199,1648338904,295,5,0x37bc7498f4ff12c19678ee8fe19d713b87f6a9e6,14464894,0x1adc8fa22535b283ddf10da729820de146bffb5d2a54b14514f12a3bdc0e8dbb,249,close
2022-03-27,3292.46550000,329246550000,8,1648425599,1648425389,210,5,0x37bc7498f4ff12c19678ee8fe19d713b87f6a9e6,14471298,0xd2b44cf4ba7ef8908ab5905a6c2c92c01280e51719ff838745dd01b304389f04,117,close
2022-03-28,3332.38580846,333238580846,8,1648511999,1648511757,242,5,0x37bc7498f4ff12c19678ee8fe19d713b87f6a9e6,14477754,0xaf5e2b2f6ebccff97f066bba679340a271dc6a25c28269c2975c4c1abdbcc6a6,162,close
2022-03-29,3404.66711209,340466711209,8,1648598399,1648598106,293,5,0x37bc7498f4ff12c19678ee8fe19d713b87f6a9e6,14484202,0xaba626fba720608b0443e3b697afc463ce4d042089d4d2a68cdc6d3b6f37c949,271,close
2022-03-30,3388.39488608,338839488608,8,1648684799,1648684544,255,5,0x37bc7498f4ff12c19678ee8fe19d713b87f6a9e6,14490597,0x50f1b9ea083876eb614d86ffe4a11144972751fea3b769e6024bd30aac499309,36,close
2022-03-31,3280.49414824,328049414824,8,1648771199,1648770912,287,5,0x37bc7498f4ff12c19678ee8fe19d713b87f6a9e6,14497014,0x882d6db6a7a0c5425030becbf7f56ab5aa5cc97212178859c5cb7185658dffba,407,close
2022-04-01,3448.04607128,344804607128,8,1648857599,1648857328,271,5,0x37bc7498f4ff12c19678ee8fe19d713b87f6a9e6,14503450,0xeea4fe0339af4c802f7eb80fc127379c6dbb35a6227c94357f9e25b32cc00626,228,close
2022-04-02,3442.39528915,344239528915,8,1648943999,1648943791,208,5,0x37bc7498f4ff12c19678ee8fe19d713b87f6a9e6,14509804,0x8edbdbcf974a4e746a18fa5b9414a5ca1ce7c8f3e2c30b9ae69a914c3ca2398a,103,close
2022-04-03,3520.89000000,352089000000,8,1649030399,1649030125,274,5,0x37bc7498f4ff12c19678ee8fe19d713b87f6a9e6,14516224,0x58c19d69a8974d84023a6ed1aeaa670c331532549ebde39e8310dc36dd51ef43,72,close
2022-04-04,3519.87253993,351987253993,8,1649116799,1649116572,227,5,0x37bc7498f4ff12c19678ee8fe19d713b87f6a9e6,14522564,0xa2f0b0c1ea828cb4fd747d15901a633f92ec788ae9e9e5130dcf2e1b4111ec8e,26,close
2022-04-05,3409.09964672,340909964672,8,1649203199,1649202934,265,5,0x37bc7498f4ff12c19678ee8fe19d713b87f6a9e6,14528992,0xeb7c259f8d15d35b5bfb84449d69412210d36ffa242bdfa5392ff709bef6d841,11,close
2022-04-06,3169.31120583,316931120583,8,1649289599,1649289327,272,5,0x37bc7498f4ff12c19678ee8fe19d713b87f6a9e6,14535413,0xa8be7e2308bdfcdf07076895bcc3306c1a334848634b6ae763e5a132f065be63,43,close
2022-04-07,3234.46652258,323446652258,8,1649375999,1649375714,285,5,0x37bc7498f4ff12c19678ee8fe19d713b87f6a9e6,14541827,0x34962089f6ef26fd5f4bfaa550fc4a07f69e93035c1210a459eac4949f157937,235,close
2022-04-08,3192.30000000,319230000000,8,1649462399,1649462365,34,5,0x37bc7498f4ff12c19678ee8fe19d713b87f6a9e6,14548180,0xe3638a077fd6252f4e6b23377991b2274947cc7ce12621c672d78888a619775f,13,close
2022-04-09,3264.47383763,326447383763,8,1649548799,1649548526,273,5,0x37bc7498f4ff12c19678ee8fe19d713b87f6a9e6,14554591,0xa90a6183a7013ee0fe76fc24ea519e6cb573ac9ce7886142bcc98aa86957332a,78,close
2022-04-10,3215.65062325,321565062325,8,1649635199,1649634928,271,5,0x37bc7498f4ff12c19678ee8fe19d713b87f6a9e6,14560986,0xcb985123ed2e160314198ca8b887e8bd46cb4f8530f877a700d6bebe608d358a,129,close
2022-04-11,2980.66502891,298066502891,8,1649721599,1649721306,293,5,0x37bc7498f4ff12c19678ee8fe19d713b87f6a9e6,14567446,0xa02f2dc1269f5ab536984dc61744abe69cffff914532ccf7cc8e6738edfac5e8,99,close
2022-04-12,3034.02257281,303402257281,8,1649807999,1649807768,231,5,0x37bc7498f4ff12c19678ee8fe19d713b87f6a9e6,14573891,0x1c69672a95f1788f1b87d83f3a29ab6ad820d07b1ae7d63894a150c8dfcb65e2,204,close
2022-04-13,3119.98000000,311998000000,8,1649894399,1649894199,200,5,0x37bc7498f4ff12c19678ee8fe19d713b87f6a9e6,14580203,0x0ad2f702bc6deddd39b39c90e2a5e6b93ff340ecb1e3ba0596e431fc8acdcb47,109,close
2022-04-14,3020.08000000,302008000000,8,1649980799,1649980566,233,5,0x37bc7498f4ff12c19678ee8fe19d713b87f6a9e6,14586607,0xa92ed2a731e91658563f70b3eff8cff452c5199d9e57bffeb59ce075acc70fe8,78,close
2022-04-15,3042.03265843,304203265843,8,1650067199,1650066953,246,5,0x37bc7498f4ff12c19678ee8fe19d713b87f6a9e6,14593026,0x3a35f2d8ce6917b3a034c1d65992bc3f5dbdaf5d040673538d38c488d156827c,45,close
2022-04-16,3062.73948802,306273948802,8,1650153599,1650153348,251,5,0x37bc7498f4ff12c19678ee8fe19d713b87f6a9e6,14599433,0xb41b4734a930256ae9c8f3a68931a95b1987067c207876168a66b2708041042d,88,close
2022-04-17,2991.31170000,299131170000,8,1650239999,1650239725,274,5,0x37bc7498f4ff12c19678ee8fe19d713b87f6a9e6,14605865,0x3be7b582bf8139980367ba9287bb166c9e527f332b44843f74d6f2157d2cd3b5,86,close
2022-04-18,3060.34168189,306034168189,8,1650326399,1650326156,243,5,0x37bc7498f4ff12c19678ee8fe19d713b87f6a9e6,14612217,0x54a57bd99deffcb62d277c4cb1057a2e72b1d752bc098e80c5b687271addb588,160,close
2022-04-19,3105.32000000,310532000000,8,1650412799,1650412524,275,5,0x37bc7498f4ff12c19678ee8fe19d713b87f6a9e6,14618630,0x4b1d3d4c95abec4c578a87bc48e8f2b431a365fcc366ced9d2c17eed8237fea2,151,close
2022-04-20,3078.17162551,307817162551,8,1650499199,1650499079,120,5,0x37bc7498f4ff12c19678ee8fe19d713b87f6a9e6,14625060,0x8b878cc592f8f17c832b48db4367ef9bdb198964abef9037313d78e34760b929,83,close
2022-04-21,2987.41000000,298741000000,8,1650585599,1650585316,283,5,0x37bc7498f4ff12c19678ee8fe19d713b87f6a9e6,14631337,0x111a44465747290c5135275e891ba34f396329bfc299f6a8b88df669dce0d73b,44,close
2022-04-22,2967.53680000,296753680000,8,1650671999,1650671718,281,5,0x37bc7498f4ff12c19678ee8fe19d713b87f6a9e6,14637750,0xd3b61a29090deafce961adc695e6326606b9f4fd4f9f3fdc98581177d53809f3,110,close
2022-04-23,2937.01000000,293701000000,8,1650758399,1650758204,195,5,0x37bc7498f4ff12c19678ee8fe19d713b87f6a9e6,14644133,0xb12a8a33032325a8f30bfcf177ea151aae441afb5fce218b305d09e2fc8e46d3,225,close
2022-04-24,2922.14580694,292214580694,8,1650844799,1650844504,295,5,0x37bc7498f4ff12c19678ee8fe19d713b87f6a9e6,14650487,0x293ba6389f4afeb9df90c81461abc2643640efc713c96d95a78195cbc6c12181,17,close
2022-04-25,3009.10000000,300910000000,8,1650931199,1650930986,213,5,0x37bc7498f4ff12c19678ee8fe19d713b87f6a9e6,14656839,0xabee1a3f2a8039b5d317202bd37fa5787dd75b55de4bb65a0a2d004c0c4fd428,237,close
2022-04-26,2805.42867398,280542867398,8,1651017599,1651017417,182,5,0x37bc7498f4ff12c19678ee8fe19d713b87f6a9e6,14663164,0x260b92c59b2be150c97a1d7360ec917e9efc606829109c4951c67c1198f3f349,262,close
2022-04-27,2888.92537917,288892537917,8,1651103999,1651103705,294,5,0x37bc7498f4ff12c19678ee8fe19d713b87f6a9e6,14669531,0x699308826cf97b51024c742e2633617320054ff88f8193b0e60cbbd5af4f1d48,224,close
2022-04-28,2935.03950000,293503950000,8,1651190399,1651190200,199,5,0x37bc7498f4ff12c19678ee8fe19d713b87f6a9e6,14675885,0x8f2b8dfd62aa0dae1c95c1809d19563efda37995af9804d35000d897f593ced4,197,close
2022-04-29,2814.72000000,281472000000,8,1651276799,1651276540,259,5,0x37bc7498f4ff12c19678ee8fe19d713b87f6a9e6,14682261,0x41f42db00e66e38dc58a8af6ef87cdaf1b0448e0520602e49cc4f11a5375f143,45,close
2022-04-30,2730.50619877,273050619877,8,1651363199,1651362911,288,5,0x37bc7498f4ff12c19678ee8fe19d713b87f6a9e6,14688610,0x8f91ea27a2e284262eed0ce22f7f992e2108b3fba8d9e928b90e06ed07c11cd1,260,close
2022-05-01,2829.21000000,282921000000,8,1651449599,1651449321,278,5,0x37bc7498f4ff12c19678ee8fe19d713b87f6a9e6,14694990,0xfd52ffcd4724d9ca25414398d3e4062b6aeab1e6dc3bb52b99dfd369baaa0994,127,close
2022-05-02,2857.30000000,285730000000,8,1651535999,1651535752,247,5,0x37bc7498f4ff12c19678ee8fe19d713b87f6a9e6,14701352,0x21488479e098f0842f1b1d813e0b13b431e2b959e8efd24caad290911347e057,232,close
2022-05-03,2781.36609093,278136609093,8,1651622399,1651622165,234,5,0x37bc7498f4ff12c19678ee8fe19d713b87f6a9e6,14707689,0xfd815ecb5469f84a7a5a5b90df640a324c58d60e0d0c673650f43ce7be0dcd22,136,close
2022-05-04,2940.54830462,294054830462,8,1651708799,1651708654,145,5,0x37bc7498f4ff12c19678ee8fe19d713b87f6a9e6,14713955,0x5cee02817bec09705e98d5e5fb662c824fc3b1a108570f09a29f42891350aefa,276,close
2022-05-05,2750.11000000,275011000000,8,1651795199,1651794906,293,5,0x37bc7498f4ff12c19678ee8fe19d713b87f6a9e6,14720238,0x056f2dfaf1a7736c8f2846adc5c92d8d1707385199a4ff5bcb154e4a193bf147,96,close
2022-05-06,2696.35299579,269635299579,8,1651881599,1651881401,198,5,0x37bc7498f4ff12c19678ee8fe19d713b87f6a9e6,14726548,0x38e4b767c1d06e8d707c36226eee8d578cdf17e989b95abeafca4c7afec10568,201,close
2022-05-07,2639.22000000,263922000000,8,1651967999,1651967715,284,5,0x37bc7498f4ff12c19678ee8fe19d713b87f6a9e6,14732803,0x22d2e577fc27855e1787fd2bdbae9214f20ac8bebcff7713d423f65feb03d577,137,close
2022-05-08,2512.02054578,251202054578,8,1652054399,1652054124,275,5,0x37bc7498f4ff12c19678ee8fe19d713b87f6a9e6,14739136,0xd54fdd9bf9360d04f9162a8533386faf62525d243f6b12b723d9b4565006511f,72,close
2022-05-09,2241.52305795,224152305795,8,1652140799,1652140769,30,5,0x37bc7498f4ff12c19678ee8fe19d713b87f6a9e6,14745349,0x2a7cf586a3ed564c0cdefec25a59339f22ae93f44405a64fdaa5c598e1902a6f,296,close
2022-05-10,2343.21961166,234321961166,8,1652227199,1652226933,266,5,0x37bc7498f4ff12c19678ee8fe19d713b87f6a9e6,14751541,0x31a9ddc4a68404189aab67452ebf99218bc7ffad84001699ae6dcb1e777934d5,252,close
2022-05-11,2075.99616431,207599616431,8,1652313599,1652313306,293,5,0x37bc7498f4ff12c19678ee8fe19d713b87f6a9e6,14757876,0xb6855d1d911357cbd5a095db0154987482ab9e238dee78559ca8073d00087bc1,64,close
2022-05-12,1967.79000000,196779000000,8,1652399999,1652399797,202,5,0x37bc7498f4ff12c19678ee8fe19d713b87f6a9e6,14764070,0xce23cd42ce5fdb375530a315472583afe05e853fa5442e51f87d0786ebe4ec30,145,close
2022-05-13,2008.09500000,200809500000,8,1652486399,1652486106,293,5,0x37bc7498f4ff12c19678ee8fe19d713b87f6a9e6,14770428,0x670da5c277262794b04f169751cc9d30251b2fc8653a9e389b9040e97ec12f41,276,close
2022-05-14,2057.97000000,205797000000,8,1652572799,1652572533,266,5,0x37bc7498f4ff12c19678ee8fe19d713b87f6a9e6,14776671,0xfb0ba5d39c756dacc69cd3e0961a48fff6b6c96a67c25258a53236dc6e5aa128,255,close
2022-05-15,2145.77121812,214577121812,8,1652659199,1652658943,256,5,0x37bc7498f4ff12c19678ee8fe19d713b87f6a9e6,14782960,0xbc257ed1f505a753d1914f842fb720cc7f3a18a4bdf987be2c4054dc0aa63ef1,31,close
2022-05-16,2021.09029777,202109029777,8,1652745599,1652745333,266,5,0x37bc7498f4ff12c19678ee8fe19d713b87f6a9e6,14789249,0x6450a312c294b17e9599167bf7f8c3dd6e72406203f1cb8b85c6a05c07f2538f,267,close
2022-05-17,2091.49144265,209149144265,8,1652831999,1652831759,240,5,0x37bc7498f4ff12c19678ee8fe19d713b87f6a9e6,14795535,0x4b02426c26b2606c439e7ec3a446791d79ca21680f24f30144ab24af9eaa6fc0,247,close
2022-05-18,1914.97000000,191497000000,8,1652918399,1652918162,237,5,0x37bc7498f4ff12c19678ee8fe19d713b87f6a9e6,14801777,0x7c27dec6a57d90e4698191b81b4fc975caaf2fbc8d1d0fe5bad99698094856df,35,close
2022-05-19,2021.02557188,202102557188,8,1653004799,1653004555,244,5,0x37bc7498f4ff12c19678ee8fe19d713b87f6a9e6,14807888,0xc10b82681a02beccce5e02e02fdab1ef4aa9552809719e3c5e49cbbeb8225882,193,close
2022-05-20,1960.32617797,196032617797,8,1653091199,1653090923,276,5,0x37bc7498f4ff12c19678ee8fe19d713b87f6a9e6,14814041,0x97a29e3c7ffe0df78941cd86c7c314d3c273c74aa7728ba9e3496b9736c13262,157,close
2022-05-21,1973.81113561,197381113561,8,1653177599,1653177336,263,5,0x37bc7498f4ff12c19678ee8fe19d713b87f6a9e6,14820204,0xc3994979dc65227d9d1ab5cfddcafed9fd1a1fcc1e27b85ffd50784ad1ff79ad,508,close
2022-05-22,2045.79618645,204579618645,8,1653263999,1653263792,207,5,0x37bc7498f4ff12c19678ee8fe19d713b87f6a9e6,14826322,0x3821bc156857c9493def4f1f332b4cb3298468aae3358d50082a4754c2d80f32,71,close
2022-05-23,1972.98645415,197298645415,8,1653350399,1653350138,261,5,0x37bc7498f4ff12c19678ee8fe19d713b87f6a9e6,14832541,0x3d9a8ca949c9746769f43362a095e6e9cb68be01d285a03037e71ee55f7368d8,244,close
2022-05-24,1978.71509010,197871509010,8,1653436799,1653436514,285,5,0x37bc7498f4ff12c19678ee8fe19d713b87f6a9e6,14838618,0x15fe2f7fd5374bc98f0194273e5a992ed5b6c2b17e8c1098fb80cb5be6abcb60,164,close
2022-05-25,1941.56500000,194156500000,8,1653523199,1653522906,293,5,0x37bc7498f4ff12c19678ee8fe19d713b87f6a9e6,14844781,0x326155a3dc1e7bfa3ae595ca9e2dbe21deae001741fe9cebc3d4c625d8974a09,250,close
2022-05-26,1805.77810000,180577810000,8,1653609599,1653609310,289,5,0x37bc7498f4ff12c19678ee8fe19d713b87f6a9e6,14850877,0xbe1e661d26a9de214e5ffb6182626db8bdc1be2a47675b93651979a5b57bf28a,10,close
2022-05-27,1723.08116117,172308116117,8,1653695999,1653695718,281,5,0x37bc7498f4ff12c19678ee8fe19d713b87f6a9e6,14857084,0xf6cd70b1bd29eed3f2a637b4c7f9cbfc4f8720da51f0c5b7b2d3e2fcb00da481,2,close
2022-05-28,1792.90000000,179290000000,8,1653782399,1653782137,262,5,0x37bc7498f4ff12c19678ee8fe19d713b87f6a9e6,14863255,0xab29cd06790fd1b22ad36cd77ee7665603b0c2d5c0f1351326ce8bf1fb449cc3,570,close
2022-05-29,1810.80713916,181080713916,8,1653868799,1653868505,294,5,0x37bc7498f4ff12c19678ee8fe19d713b87f6a9e6,14869416,0x0f1ba01e657d25694d72d1e22bac4ba8f9d31a27fddff6683b7b4e353a49ccd6,285,close
2022-05-30,1994.11457859,199411457859,8,1653955199,1653954936,263,5,0x37bc7498f4ff12c19678ee8fe19d713b87f6a9e6,14875517,0xb0fbc1503f1152f444cfe7f9a38340bbcab98fe13162eb1e1fe128a550712642,3,close
2022-05-31,1947.82635257,194782635257,8,1654041599,1654041315,284,5,0x37bc7498f4ff12c19678ee8fe19d713b87f6a9e6,14881658,0x28a689f981f12b7742e5d8a5a20f911e041c5c851944d11bd8e0c10cf2a76f74,17,close
2022-06-01,1825.22233236,182522233236,8,1654127999,1654127704,295,5,0x37bc7498f4ff12c19678ee8fe19d713b87f6a9e6,14887768,0x7773d184bfb47ca1539e9fc2c501b8cb81055adecf300915858537bcfaf88873,214,close
2022-06-02,1832.99532412,183299532412,8,1654214399,1654214130,269,5,0x37bc7498f4ff12c19678ee8fe19d713b87f6a9e6,14893930,0x24ffe37313e911258bdc05d343d19229bb4639b0a84e6675f492f5dd1aac3d90,96,close
2022-06-03,1775.51600000,177551600000,8,1654300799,1654300510,289,5,0x37bc7498f4ff12c19678ee8fe19d713b87f6a9e6,14900067,0x250b083be325626eba9c5e273d591bd05a94535975f050a79b2d2f60540e8fb0,49,close
2022-06-04,1801.39974624,180139974624,8,1654387199,1654386929,270,5,0x37bc7498f4ff12c19678ee8fe19d713b87f6a9e6,14905970,0x458545aa2df1af668ddfbb4cf4fce2c9ff9dfda26c33b0a352cc366569a544a4,475,close
2022-06-05,1804.34000000,180434000000,8,1654473599,1654473335,264,5,0x37bc7498f4ff12c19678ee8fe19d713b87f6a9e6,14911909,0x692c386214d3cc04a00532d8b2fb671833499b72c5590cc734f449f7583f713c,82,close
2022-06-06,1857.66000000,185766000000,8,1654559999,1654559718,281,5,0x37bc7498f4ff12c19678ee8fe19d713b87f6a9e6,14917705,0x3697d0a5e744d040baaa75cdf1b7e0254938f652ae83c4844538658e5f8fcc01,320,close
2022-06-07,1815.00000000,181500000000,8,1654646399,1654646198,201,5,0x37bc7498f4ff12c19678ee8fe19d713b87f6a9e6,14923666,0x5d1e835fccec75fbf0b78b1cb648bab00d9e178e1d7efab810262bb18755fbdf,307,close
2022-06-08,1793.22702064,179322702064,8,1654732799,1654732517,282,5,0x37bc7498f4ff12c19678ee8fe19d713b87f6a9e6,14929544,0x3b8c5e90352c6def80f8e864561ad207ca5c4f430c1bbfe61e888bbb658c5d07,40,close
2022-06-09,1788.58321664,178858321664,8,1654819199,1654819006,193,5,0x37bc7498f4ff12c19678ee8fe19d713b87f6a9e6,14935357,0xc5369e9bc67f859c855ddfbbcb15fd42d9c2c2df170ce2924d3d0547897bd98c,279,close
2022-06-10,1662.89000000,166289000000,8,1654905599,1654905339,260,5,0x37bc7498f4ff12c19678ee8fe19d713b87f6a9e6,14941247,0xe64c1f0b23b82be23cba960ca500412aa81bc3704ee51687255e1ba3ef6af403,2,close
2022-06-11,1530.05462117,153005462117,8,1654991999,1654991707,292,5,0x37bc7498f4ff12c19678ee8fe19d713b87f6a9e6,14947109,0x26d08e909727805fc88520c9152dfaf84e8abc5af158c51d6977a4014863cfaa,293,close
2022-06-12,1447.33490086,144733490086,8,1655078399,1655078088,311,5,0x37bc7498f4ff12c19678ee8fe19d713b87f6a9e6,14952950,0x423fd6f6110349022892ee940744048c25c82d1d7ca4006971a2bc7660c1185a,228,close
2022-06-13,1203.29520873,120329520873,8,1655164799,1655164513,286,5,0x37bc7498f4ff12c19678ee8fe19d713b87f6a9e6,14958779,0x1346cc8214d961f57177bc238a11aebda3a2d1cd10b66e1144fe3c21d82d5fb3,246,close
2022-06-14,1213.64000000,121364000000,8,1655251199,1655250908,291,5,0x37bc7498f4ff12c19678ee8fe19d713b87f6a9e6,14964534,0x36975635e48bc4c1b7236cc0c3727f4988361e3dde1a61bdd36d8d8d4dbd8f93,321,close
2022-06-15,1235.19093140,123519093140,8,1655337599,1655337590,9,5,0x37bc7498f4ff12c19678ee8fe19d713b87f6a9e6,14970301,0x831c7d385856eb2cd44ba8e3094862c137da5709c40e927a98a6d1c6689af409,152,close
2022-06-16,1067.23248056,106723248056,8,1655423999,1655423744,255,5,0x37bc7498f4ff12c19678ee8fe19d713b87f6a9e6,14976105,0x94e5defbceefb1112115598b5e2293d46ef3c57974ec824d3677fd06e713782a,147,close
2022-06-17,1086.37029912,108637029912,8,1655510399,1655510112,287,5,0x37bc7498f4ff12c19678ee8fe19d713b87f6a9e6,14981972,0x10e0a846445dcd30a7051e2686642db554f24c62d91014cc735660c92be12bab,134,close
2022-06-18,993.96324071,99396324071,8,1655596799,1655596532,267,5,0x37bc7498f4ff12c19678ee8fe19d713b87f6a9e6,14987793,0xa896945996b04ffb34410a9430daecdf46f82b2382dbc00860cee2785b7d1b20,48,close
2022-06-19,1126.30119769,112630119769,8,1655683199,1655682928,271,5,0x37bc7498f4ff12c19678ee8fe19d713b87f6a9e6,14993505,0x87592c5d68b553c0d403586212c82f3bda5cc5a3bc22e0acafe3f43052236370,50,close
2022-06-20,1128.88457678,112888457678,8,1655769599,1655769585,14,5,0x37bc7498f4ff12c19678ee8fe19d713b87f6a9e6,14999389,0x361ece3f1b156da6329c5a8dec4c5acd7fcf2323869b75a2bf8e2d50830c88dc,25,close
2022-06-21,1125.21000000,112521000000,8,1655855999,1655855704,295,5,0x37bc7498f4ff12c19678ee8fe19d713b87f6a9e6,15004840,0x54a14db7ff8e21a5696c26ce21b6d8a768b64f070e9ed4db541d33b722bc59f5,510,close
2022-06-22,1049.46835000,104946835000,8,1655942399,1655942116,283,5,0x37bc7498f4ff12c19678ee8fe19d713b87f6a9e6,15010191,0x9354871f5a089d132a3ef23c7b514c7c88d82ed304f7a63182d44c3fe6a84f1f,136,close
2022-06-23,1143.65070000,114365070000,8,1656028799,1656028504,295,5,0x37bc7498f4ff12c19678ee8fe19d713b87f6a9e6,15015499,0x9f5bc05464fb7d3e5fcfb1819f4788140207f9b2ea0fa8ee23d66f36c839891b,204,close
2022-06-24,1224.17986689,122417986689,8,1656115199,1656115044,155,5,0x37bc7498f4ff12c19678ee8fe19d713b87f6a9e6,15020881,0x9ebf1191639d4961a70a703e3c4929a6ee96f395374ff8d572b43071877f3675,181,close
2022-06-25,1242.44861897,124244861897,8,1656201599,1656201324,275,5,0x37bc7498f4ff12c19678ee8fe19d713b87f6a9e6,15026218,0xef63f6631b82b395d6dc91d5a4465c1533aad9d624b141acd5871118edeefa9d,410,close
2022-06-26,1197.81704927,119781704927,8,1656287999,1656287816,183,5,0x37bc7498f4ff12c19678ee8fe19d713b87f6a9e6,15031529,0x0c49b23681dc2898b7fad7147c188ca207dcc02e8f1c1bf3b865c67c0d6f9d9a,142,close
2022-06-27,1192.08840000,119208840000,8,1656374399,1656374164,235,5,0x37bc7498f4ff12c19678ee8fe19d713b87f6a9e6,15036937,0x2b23aebfa95d4bc5e29f1187f5fc126a08b9c7905e7bdc4135e05e97f6bbcd8e,39,close
2022-06-28,1142.20434526,114220434526,8,1656460799,1656460535,264,5,0x37bc7498f4ff12c19678ee8fe19d713b87f6a9e6,15042255,0x8fadc45807c309ed8efdd47af6d60ed1921ab6f12271da866c87f5f54fb40cce,50,close
2022-06-29,1096.05615748,109605615748,8,1656547199,1656546921,278,5,0x37bc7498f4ff12c19678ee8fe19d713b87f6a9e6,15047585,0x06c43fe0421721004fd74688454bac0e132826c2c17cad3924f95487fd91f215,195,close
2022-06-30,1067.54278678,106754278678,8,1656633599,1656633308,291,5,0x37bc7498f4ff12c19678ee8fe19d713b87f6a9e6,15053205,0x6347e3594838b01c0616b659137ab2c2c818fdb77ebc8a0b7c63a6865e9e4baa,204,close
2022-07-01,1057.94255091,105794255091,8,1656719999,1656719888,111,5,0x37bc7498f4ff12c19678ee8fe19d713b87f6a9e6,15059669,0xcada88f9ed2e8b7fa2a7a2e2391118d9497d4d4a2006aa62a62460afee528058,79,close
2022-07-02,1066.21670000,106621670000,8,1656806399,1656806115,284,5,0x37bc7498f4ff12c19678ee8fe19d713b87f6a9e6,15066139,0x291d4ae05749601a63059072332755ee8fc7720eba0bd1d2907de88095bd2a08,70,close
2022-07-03,1073.73313059,107373313059,8,1656892799,1656892532,267,5,0x37bc7498f4ff12c19678ee8fe19d713b87f6a9e6,15072686,0xf2654c8d694f7e057ca82a7c897a180ec71adf3f9a597e46dda357dffb80d625,65,close
2022-07-04,1152.82000000,115282000000,8,1656979199,1656978911,288,5,0x37bc7498f4ff12c19678ee8fe19d713b87f6a9e6,15079110,0x27adb3bc1189ada3db90ff7d64ec3c319832a7d15e6d52ccf520c77fe76d4339,412,close
2022-07-05,1133.62415862,113362415862,8,1657065599,1657065314,285,5,0x37bc7498f4ff12c19678ee8fe19d713b87f6a9e6,15085593,0x0cbdbfdd6fdb64625ffda73cd4b1169954f6b677209d7b193040aae273384846,103,close
2022-07-06,1187.67784755,118767784755,8,1657151999,1657151793,206,5,0x37bc7498f4ff12c19678ee8fe19d713b87f6a9e6,15092089,0xa4051c92dc11baacac5bbb4d7c64d7cb2a7d10fd3686f166ec124542f11cfafd,97,close
2022-07-07,1239.00000000,123900000000,8,1657238399,1657238128,271,5,0x37bc7498f4ff12c19678ee8fe19d713b87f6a9e6,15098486,0x0022a8227c0102ef1c3fd0c7b84a31516b8f5831774a2c2308b1e7dfc7046f89,157,close
2022-07-08,1221.63826611,122163826611,8,1657324799,1657324692,107,5,0x37bc7498f4ff12c19678ee8fe19d713b87f6a9e6,15105066,0xc37497f4bd488e44fc7eb36691e26c6f3ffe23a1593eb2faa0a0e14b50e9ca89,185,close
2022-07-09,1217.32000000,121732000000,8,1657411199,1657410934,265,5,0x37bc7498f4ff12c19678ee8fe19d713b87f6a9e6,15111463,0x5ccffdc8740de3bd2fa89203c6b5c1309c521573fc71526ab5e0b1878106cc06,103,close
2022-07-10,1168.43382353,116843382353,8,1657497599,1657497331,268,5,0x37bc7498f4ff12c19678ee8fe19d713b87f6a9e6,15117959,0x22ff9372c1ad5e0d303d20253b2aa9851cfd684d5cda09a3c8898a91437f8209,117,close
2022-07-11,1096.83392380,109683392380,8,1657583999,1657583702,297,5,0x37bc7498f4ff12c19678ee8fe19d713b87f6a9e6,15124450,0xb0567406b84373113759c00e473428fe54dd5a31077e6d8bb202326031ff52f8,182,close
2022-07-12,1037.66370000,103766370000,8,1657670399,1657670108,291,5,0x37bc7498f4ff12c19678ee8fe19d713b87f6a9e6,15130956,0xbb7526adbcab7af52e2d520b11cdb901dd638f58ae75e4b132162c3a379c53dd,105,close
2022-07-13,1112.51000000,111251000000,8,1657756799,1657756535,264,5,0x37bc7498f4ff12c19678ee8fe19d713b87f6a9e6,15137354,0x9508b2054516a281d007f02ceb14f650d015fcc12a0644ba61948c49e411a924,278,close
2022-07-14,1191.10000000,119110000000,8,1657843199,1657842959,240,5,0x37bc7498f4ff12c19678ee8fe19d713b87f6a9e6,15143912,0x8dde0a6cef45e558f8080a8f0bcad2a586b9bd5f154ae54a6e667a617779c6f0,21,close
2022-07-15,1232.39000000,123239000000,8,1657929599,1657929345,254,5,0x37bc7498f4ff12c19678ee8fe19d713b87f6a9e6,15150346,0x517994cb77d4aa28adc870bac23a28d429cf41f4c2a68606a25189851eb0e95d,81,close
2022-07-16,1354.47000000,135447000000,8,1658015999,1658015755,244,5,0x37bc7498f4ff12c19678ee8fe19d713b87f6a9e6,15156790,0x3f69e445629fcdd40dacbaeca0ec4ced4f1a9796c468492bf1a2edfe26fa83d7,186,close
2022-07-17,1337.99957478,133799957478,8,1658102399,1658102113,286,5,0x37bc7498f4ff12c19678ee8fe19d713b87f6a9e6,15163214,0x5e6e9fb398cace59f3edea49a2bb58d56fe6eb79b23b3bedab9d8a302e3b581e,179,close
2022-07-18,1578.32614986,157832614986,8,1658188799,1658188771,28,5,0x37bc7498f4ff12c19678ee8fe19d713b87f6a9e6,15169694,0xf56334cb7b32335d470f69a6e8b8831c97e0bf216ee2d881cf19441123830c28,256,close
2022-07-19,1541.57154300,154157154300,8,1658275199,1658274938,261,5,0x37bc7498f4ff12c19678ee8fe19d713b87f6a9e6,15176157,0x76a78035e6aa14d99ea4ce4918885ef2b4df23484cba6be2497594cac4d1acf4,448,close
2022-07-20,1520.80847905,152080847905,8,1658361599,1658361304,295,5,0x37bc7498f4ff12c19678ee8fe19d713b87f6a9e6,15182585,0xf7cdcd89dcfe98d01f3064b5e64ccba458665a42fed1f6539eec616bcf5b6225,46,close
2022-07-21,1576.99566324,157699566324,8,1658447999,1658447735,264,5,0x37bc7498f4ff12c19678ee8fe19d713b87f6a9e6,15189070,0xe83aaf3aec4227d56502c384d0b8b991155055fb8d1f2b5ab9e5ca18ee019007,328,close
2022-07-22,1537.08615077,153708615077,8,1658534399,1658534180,219,5,0x37bc7498f4ff12c19678ee8fe19d713b87f6a9e6,15195542,0xe1073518110780ab57c956c9ef2ffb1232a3fd0ca166feb9a84fb25012abe569,329,close
2022-07-23,1552.77413670,155277413670,8,1658620799,1658620538,261,5,0x37bc7498f4ff12c19678ee8fe19d713b87f6a9e6,15201990,0x053e8a00fac784d6efab47bf0a20d3b057e8dc4b7881fc050cae2acc31ea8377,42,close
2022-07-24,1599.12977799,159912977799,8,1658707199,1658706983,216,5,0x37bc7498f4ff12c19678ee8fe19d713b87f6a9e6,15208393,0x3ce087c0547805e044f557daedd03e5b268995de0f1887493a81edc5f00e9eb4,95,close
2022-07-25,1439.21330000,143921330000,8,1658793599,1658793544,55,5,0x37bc7498f4ff12c19678ee8fe19d713b87f6a9e6,15214803,0xdd844cda1c58df095b41706d0208c84084fcb66692d90e26ef7551a2e69b0d42,168,close
2022-07-26,1451.50494232,145150494232,8,1658879999,1658879967,32,5,0x37bc7498f4ff12c19678ee8fe19d713b87f6a9e6,15221184,0x387b8593ed067ce626538c03abaecdf2085b685bb84017e42a8c4a42ca2866d0,193,close
2022-07-27,1640.80582085,164080582085,8,1658966399,1658966140,259,5,0x37bc7498f4ff12c19678ee8fe19d713b87f6a9e6,15227605,0x40ead1cea8cce7f0e6fdf8d7c78ec6c93af945a284ec11c553292d87a76561ac,320,close
2022-07-28,1725.40828086,172540828086,8,1659052799,1659052537,262,5,0x37bc7498f4ff12c19678ee8fe19d713b87f6a9e6,15234036,0xaa651532994c806f0bf19f1eed646eb9c9e4f3859776437afa6cbce0a80df976,341,close
2022-07-29,1723.69000000,172369000000,8,1659139199,1659138911,288,5,0x37bc7498f4ff12c19678ee8fe19d713b87f6a9e6,15240453,0x6ccbc1b7027eb1533969951684dcfdb44b03060ecb396a38d596b60a14994a32,200,close
2022-07-30,1696.47000000,169647000000,8,1659225599,1659225325,274,5,0x37bc7498f4ff12c19678ee8fe19d713b87f6a9e6,15246883,0x2c9539a6a9ef8017c5ce22664a9319c02c025abdcea49036bf6de0d92bfcc8b0,134,close
2022-07-31,1681.25359305,168125359305,8,1659311999,1659311740,259,5,0x37bc7498f4ff12c19678ee8fe19d713b87f6a9e6,15253292,0x87e424d9dd836eeecbac458e3f380ac25bd0411df6386814c3fa241668dc2cd8,111,close
2022-08-01,1634.46000000,163446000000,8,1659398399,1659398125,274,5,0x37bc7498f4ff12c19678ee8fe19d713b87f6a9e6,15259737,0x6e8367b0bcf2e49653dfdbfb3dfbe1547683d95affcf4a6ea8866c4b280a267c,88,close
2022-08-02,1633.53881206,163353881206,8,1659484799,1659484519,280,5,0x37bc7498f4ff12c19678ee8fe19d713b87f6a9e6,15266168,0x50750fe5bb3a732c5a67a8e7805c05eb0068ffc2875ad90ff09168f750047fc3,10,close
2022-08-03,1618.88000000,161888000000,8,1659571199,1659570993,206,5,0x37bc7498f4ff12c19678ee8fe19d713b87f6a9e6,15272536,0x5ded9d383f808e998bbf3d6bc16c89c226f50978800429532639159f369c588a,139,close
2022-08-04,1609.42288534,160942288534,8,1659657599,1659657343,256,5,0x37bc7498f4ff12c19678ee8fe19d713b87f6a9e6,15278910,0x20d820297b269e24798cfb798cb395404fedf16880a9960bba77a850f658f6b2,15,close
2022-08-05,1733.30443631,173330443631,8,1659743999,1659743761,238,5,0x37bc7498f4ff12c19678ee8fe19d713b87f6a9e6,15285422,0xeda011397c807be13be614486cf47f636e52beea0a9bee3455c008b82d578b18,87,close
2022-08-06,1688.00000000,168800000000,8,1659830399,1659830127,272,5,0x37bc7498f4ff12c19678ee8fe19d713b87f6a9e6,15291813,0xbb33d11b913391820a3d71f19fab30dfeb8bbbed672ca2b15352a93a32e10d00,89,close
2022-08-07,1699.84000000,169984000000,8,1659916799,1659916599,200,5,0x37bc7498f4ff12c19678ee8fe19d713b87f6a9e6,15298266,0x0dfb97e0727a676fb6409f0f1e2f4aead509775d3589420b4d9104c61f7025fc,564,close
2022-08-08,1774.39100546,177439100546,8,1660003199,1660002908,291,5,0x37bc7498f4ff12c19678ee8fe19d713b87f6a9e6,15304683,0x9c62f5fad92812f57e785759f295fc4de5c7db54ffaf8d6904a05f4172c72b88,577,close
2022-08-09,1702.46461571,170246461571,8,1660089599,1660089335,264,5,0x37bc7498f4ff12c19678ee8fe19d713b87f6a9e6,15311024,0x3e53e3c85463402cc28e9a983cc75c38c3c946c7f43879b79e3ea006f0782206,229,close
2022-08-10,1851.09000000,185109000000,8,1660175999,1660175717,282,5,0x37bc7498f4ff12c19678ee8fe19d713b87f6a9e6,15317404,0xe0a52fef6f385a154a003bcfbd542a46e38f6ffcc18ca2a4a847c5a483f69574,496,close
2022-08-11,1882.05200000,188205200000,8,1660262399,1660262139,260,5,0x37bc7498f4ff12c19678ee8fe19d713b87f6a9e6,15323713,0xd6737101439c931e495117da7949813d61eacadcd2c44b55b88c14f41f3d71e7,116,close
2022-08-12,1960.53537452,196053537452,8,1660348799,1660348503,296,5,0x37bc7498f4ff12c19678ee8fe19d713b87f6a9e6,15330053,0xad18e7d9f4503f55c46f1ca5c510c17b70bb1bde29e014862cefa52e443d4813,119,close
2022-08-13,1982.80000000,198280000000,8,1660435199,1660434901,298,5,0x37bc7498f4ff12c19678ee8fe19d713b87f6a9e6,15336437,0x17c447aaa050a6fee88eff64ce8d26b278b7638dca4a81b25f2050e6feae8224,178,close
2022-08-14,1938.53000000,193853000000,8,1660521599,1660521316,283,5,0x37bc7498f4ff12c19678ee8fe19d713b87f6a9e6,15342760,0x2a91bc148a1388f2727e658aebcf5decef274941b53313886a3595ab80b9ca13,99,close
2022-08-15,1906.52000000,190652000000,8,1660607999,1660607731,268,5,0x37bc7498f4ff12c19678ee8fe19d713b87f6a9e6,15349026,0xf784348408ee6b79a7ed5e26842bca92833693100cb2631cab405758457fb169,30,close
2022-08-16,1879.60000000,187960000000,8,1660694399,1660694126,273,5,0x37bc7498f4ff12c19678ee8fe19d713b87f6a9e6,15355412,0x1c43765dd3cda81d79ca68f111a888fab5864f7cfa09b4ba255e6f4ad82aee20,73,close
2022-08-17,1829.96000000,182996000000,8,1660780799,1660780524,275,5,0x37bc7498f4ff12c19678ee8fe19d713b87f6a9e6,15361697,0xc23fdd20f3452e8d33fe45b512cf46375e86da1422985d73110c6b51a3466568,122,close
2022-08-18,1846.23292040,184623292040,8,1660867199,1660866980,219,5,0x37bc7498f4ff12c19678ee8fe19d713b87f6a9e6,15368047,0x2cbbd8b532f57e22d887db9aaaf47fe53895f7dbe0c937a0ce469f29fddde2ac,285,close
2022-08-19,1607.18000000,160718000000,8,1660953599,1660953306,293,5,0x37bc7498f4ff12c19678ee8fe19d713b87f6a9e6,15374291,0x238d97282eadaadbaf4a0e2724fd6cf6f52fe26e72922aa3b067d83ca78626eb,311,close
2022-08-20,1576.81672034,157681672034,8,1661039999,1661039747,252,5,0x37bc7498f4ff12c19678ee8fe19d713b87f6a9e6,15380648,0xfaec9ab03528f77854224e35c28bf2110f70b4e6a46b9c904b1e4df39fbc2b8d,80,close
2022-08-21,1616.87856411,161687856411,8,1661126399,1661126126,273,5,0x37bc7498f4ff12c19678ee8fe19d713b87f6a9e6,15387013,0xf4f1fa873ed090e0c1312c765747e7545a10ad3daa16a915ec7ae76f02e41d70,37,close
2022-08-22,1624.98750000,162498750000,8,1661212799,1661212520,279,5,0x37bc7498f4ff12c19678ee8fe19d713b87f6a9e6,15393275,0xd539f33183b6dff01c5dd8f1b25199b36cb21a2d44063de23299ce79a3e07a29,198,close
2022-08-23,1662.60499653,166260499653,8,1661299199,1661298947,252,5,0x37bc7498f4ff12c19678ee8fe19d713b87f6a9e6,15399634,0xd24d80cf27a615be8f87ee82a5b995652f70695ee55ae52c41d256bf2bfc2820,87,close
2022-08-24,1656.14000000,165614000000,8,1661385599,1661385321,278,5,0x37bc7498f4ff12c19678ee8fe19d713b87f6a9e6,15405897,0xfd354ca025a6b5a612e681242ca4e28e7c5b8d0b8491042e923803a5d9864d77,173,close
2022-08-25,1695.17843366,169517843366,8,1661471999,1661471709,290,5,0x37bc7498f4ff12c19678ee8fe19d713b87f6a9e6,15412094,0x7c4db9bea8688dfdff4c3519cc9920e2bd77425a19e310c7337caf5c76b62da7,46,close
2022-08-26,1507.15000000,150715000000,8,1661558399,1661558163,236,5,0x37bc7498f4ff12c19678ee8fe19d713b87f6a9e6,15418341,0x573a8bef2ffc82430653c3f8bde100a6352b8fef09792da4f3b8bf30dd28c398,252,close
2022-08-27,1494.44327131,149444327131,8,1661644799,1661644580,219,5,0x37bc7498f4ff12c19678ee8fe19d713b87f6a9e6,15424575,0x9dade61d557f8b44538fe187ff0aa29e51687b8fea05dd19468a87fb30799d70,218,close
2022-08-28,1427.79000000,142779000000,8,1661731199,1661730943,256,5,0x37bc7498f4ff12c19678ee8fe19d713b87f6a9e6,15430806,0x6f81483f72ecfcac9d1ac1da186deb8ac1c1f22b1bb42bf2d3edc39bcbfed658,2,close
2022-08-29,1552.29505029,155229505029,8,1661817599,1661817339,260,5,0x37bc7498f4ff12c19678ee8fe19d713b87f6a9e6,15437134,0x2b9fd68a01633e1817f2be04c3e17a15e10b38cd1cc8bc1bfc3de9b3e8b69be2,295,close
2022-08-30,1518.98170000,151898170000,8,1661903999,1661903707,292,5,0x37bc7498f4ff12c19678ee8fe19d713b87f6a9e6,15443350,0x5d2f38dd159cbc956cdecf17e83ecf72bbddeea3b138004e8edfc7c4139ed882,534,close
2022-08-31,1553.84463412,155384463412,8,1661990399,1661990198,201,5,0x37bc7498f4ff12c19678ee8fe19d713b87f6a9e6,15449607,0x67fdce8b9c9a37f6cc2dee208163fd5e621914dbdc9a62e20ee33ae3e221187a,179,close
2022-09-01,1586.55000000,158655000000,8,1662076799,1662076545,254,5,0x37bc7498f4ff12c19678ee8fe19d713b87f6a9e6,15455862,0xac7e4d1f0a9c5e4d0bae60f89e419822853342e9afc54e7d58a8abe054363c8e,2,close
2022-09-02,1574.87124093,157487124093,8,1662163199,1662162910,289,5,0x37bc7498f4ff12c19678ee8fe19d713b87f6a9e6,15462142,0xc0f6d810f9b9b6afa8008e1dac215d418b75a03c689f91c194fa6a71180a8c2e,206,close
2022-09-03,1557.36972600,155736972600,8,1662249599,1662249309,290,5,0x37bc7498f4ff12c19678ee8fe19d713b87f6a9e6,15468343,0xc709713b86c6886bb6ffd3accfab903d1bd908275687e72e3a8a1b647cdd14dd,77,close
2022-09-04,1578.63000000,157863000000,8,1662335999,1662335813,186,5,0x37bc7498f4ff12c19678ee8fe19d713b87f6a9e6,15474626,0x347fb8a83fbaa309e78575ae7ae253d42854c030cff993b9b65f42bfe011ff25,70,close
2022-09-05,1618.52000000,161852000000,8,1662422399,1662422114,285,5,0x37bc7498f4ff12c19678ee8fe19d713b87f6a9e6,15480798,0x84af827370e866a878dbe0fa7d28e559282eca1917ac4f7eadb92369c65e4304,285,close
2022-09-06,1560.58719871,156058719871,8,1662508799,1662508537,262,5,0x37bc7498f4ff12c19678ee8fe19d713b87f6a9e6,15487057,0x3c11a7bdd02295ff122f653e3a8689d019f9bbf49fb8fbeb4821cebac2cf99d1,311,close
2022-09-07,1624.79277580,162479277580,8,1662595199,1662594929,270,5,0x37bc7498f4ff12c19678ee8fe19d713b87f6a9e6,15493270,0xafd07327bcca288bba69a9f6bb19052426af1a0c22b803750ac8514e47695b5c,70,close
2022-09-08,1635.68182958,163568182958,8,1662681599,1662681347,252,5,0x37bc7498f4ff12c19678ee8fe19d713b87f6a9e6,15499565,0xe5b8f03057d30a45b3e48f6bf6d66a3f5c1295710492c195d6c3669606bff7b1,43,close
2022-09-09,1719.29265786,171929265786,8,1662767999,1662766576,1423,5,0x37bc7498f4ff12c19678ee8fe19d713b87f6a9e6,15505547,0x7f2c6095efdc01ab58ee1fc002067652b2dfad7578a1e3d8ee4655686c533f02,135,close
2022-09-10,1776.08000000,177608000000,8,1662854399,1662854122,277,5,0x37bc7498f4ff12c19678ee8fe19d713b87f6a9e6,15511674,0xc2ed9b346d8e42be8ffb777c8035c49dcd80b277d89c9aec01c04d875c8d07eb,33,close
2022-09-11,1763.58500000,176358500000,8,1662940799,1662940591,208,5,0x37bc7498f4ff12c19678ee8fe19d713b87f6a9e6,15517736,0x3eaa1a348a0a36678e48714f8065c3b84ea8e75bc85c4f3d99772e597cb090cf,100,close
2022-09-12,1715.77263864,171577263864,8,1663027199,1663026949,250,5,0x37bc7498f4ff12c19678ee8fe19d713b87f6a9e6,15523784,0x8fc6242eafe2cd525d67a246d5991f694f111fd5c94cf2e0dd8e0bc059fe4e0a,98,close
2022-09-13,1574.27697918,157427697918,8,1663113599,1663113535,64,5,0x37bc7498f4ff12c19678ee8fe19d713b87f6a9e6,15529864,0xc2c0f95d68c5db7f76ba87d7e892e12ff03a80f3de9a071833efbe320f1ab8d7,428,close
2022-09-14,1637.28661192,163728661192,8,1663199999,1663199740,259,5,0x37bc7498f4ff12c19678ee8fe19d713b87f6a9e6,15535764,0xea3906d0a49546e4da48b607b7eef1ef73cf2886deadc5d1dba1a79e488a8e0a,124,close
2022-09-15,1468.41214957,146841214957,8,1663286399,1663286135,264,5,0x37bc7498f4ff12c19678ee8fe19d713b87f6a9e6,15542482,0xdb5569de6454440ad3c4ee4b625c28ef5113f4a75117ba590bcb791973b5f7d6,126,close
2022-09-16,1432.38000000,143238000000,8,1663372799,1663372547,252,5,0x37bc7498f4ff12c19678ee8fe19d713b87f6a9e6,15549575,0xb6e5115af74e11805ff9f71c859edeb0772d74b0c53a16bb580a6a200670896b,92,close
2022-09-17,1470.04452684,147004452684,8,1663459199,1663459031,168,5,0x37bc7498f4ff12c19678ee8fe19d713b87f6a9e6,15556711,0x82855e785550a10ab74284f408d5ed6a7c04e4c323e01cfecf2f08b7bb349fe0,76,close
2022-09-18,1331.04030704,133104030704,8,1663545599,1663545359,240,5,0x37bc7498f4ff12c19678ee8fe19d713b87f6a9e6,15563835,0x6d19ad4c73df03e8721636bcb6e3f0efdde1d66ef5ad68455c5808a63de0ee0b,77,close
2022-09-19,1378.55500032,137855500032,8,1663631999,1663631747,252,5,0x37bc7498f4ff12c19678ee8fe19d713b87f6a9e6,15570959,0xa2d198c7ace0085906705ac0b6df0b92c2d2563e7b8d5f60cd6fdc16f3c7cae0,85,close
2022-09-20,1325.84000000,132584000000,8,1663718399,1663718123,276,5,0x37bc7498f4ff12c19678ee8fe19d713b87f6a9e6,15578095,0xebdd60160b8cedb4cca09e08edb997c2620b3b9d3056f2d806c53c2ea4ab6f52,152,close
2022-09-21,1251.73530000,125173530000,8,1663804799,1663804547,252,5,0x37bc7498f4ff12c19678ee8fe19d713b87f6a9e6,15585151,0xddf263e08198eeb3f40c2a74a971cbb2731e78d8ab58ffe1630b8ed6415df65c,87,close
2022-09-22,1327.79396660,132779396660,8,1663891199,1663890935,264,5,0x37bc7498f4ff12c19678ee8fe19d713b87f6a9e6,15592302,0x523a1325bd094a6303884420e19f8dfa254e0a9aa16832e1f21701ba1da3cf64,244,close
2022-09-23,1325.23170000,132523170000,8,1663977599,1663977347,252,5,0x37bc7498f4ff12c19678ee8fe19d713b87f6a9e6,15599470,0x4d23cf0bf899df148cd2c1e39121da48536203e984950a92b4aabcc5c148fcdf,9,close
2022-09-24,1320.32528277,132032528277,8,1664063999,1664063735,264,5,0x37bc7498f4ff12c19678ee8fe19d713b87f6a9e6,15606637,0x73cd0e4991aa7eb4e4716300282ef4df42a91ec3228989afdd61edd31d267e91,65,close
2022-09-25,1297.00000000,129700000000,8,1664150399,1664150123,276,5,0x37bc7498f4ff12c19678ee8fe19d713b87f6a9e6,15613804,0xa190881561f3b930035e73f5427fbcec0c62f99d31ec19aae497579915bbb43c,74,close
2022-09-26,1336.19778697,133619778697,8,1664236799,1664236547,252,5,0x37bc7498f4ff12c19678ee8fe19d713b87f6a9e6,15620954,0xaa224b7050aca43130f3962c18f336147067249eb34e1772402c5c1ab8073534,160,close
2022-09-27,1329.54307579,132954307579,8,1664323199,1664322935,264,5,0x37bc7498f4ff12c19678ee8fe19d713b87f6a9e6,15628094,0x3316ba1bc4ea2f0bbeb64fa48424774556129c835695c7d0198c07d6d03f0de0,59,close
2022-09-28,1336.56948928,133656948928,8,1664409599,1664409347,252,5,0x37bc7498f4ff12c19678ee8fe19d713b87f6a9e6,15635257,0xee15f007788eeb11fac50e443c90da933ae08ea5c7cbaa63cd43786102e4da2d,238,close
2022-09-29,1336.43663268,133643663268,8,1664495999,1664495759,240,5,0x37bc7498f4ff12c19678ee8fe19d713b87f6a9e6,15642412,0xd27016520089f7860abee8b410b38f3b75ede5c13c6e36747ea1cfa9a6ac48ad,124,close
2022-09-30,1328.15260000,132815260000,8,1664582399,1664582147,252,5,0x37bc7498f4ff12c19678ee8fe19d713b87f6a9e6,15649573,0xdd31321552d143130198f3866abece4f9419ffbbe59577bfd00b2f7876e26b53,28,close
2022-10-01,1310.92610000,131092610000,8,1664668799,1664668547,252,5,0x37bc7498f4ff12c19678ee8fe19d713b87f6a9e6,15656710,0x9de9abab52f3651e7eca1e925fb0f15a50478e60c45ef1bcc9ed935103b3ccde,37,close
2022-10-02,1275.46000000,127546000000,8,1664755199,1664754959,240,5,0x37bc7498f4ff12c19678ee8fe19d713b87f6a9e6,15663887,0x4b80ceda904c3e1532f8779592edfd0c20a4d4375374a5423dd4eab9b3031329,72,close
2022-10-03,1323.64042675,132364042675,8,1664841599,1664841335,264,5,0x37bc7498f4ff12c19678ee8fe19d713b87f6a9e6,15671041,0x09521601dc85268440cdca29e1fae915d770d5ecdcc6e73eea886573b47530ac,125,close
2022-10-04,1362.63040000,136263040000,8,1664927999,1664927747,252,5,0x37bc7498f4ff12c19678ee8fe19d713b87f6a9e6,15678174,0x3eadb9b08bae2878e22025cec1fa14f427e0e53b684be33be5d32dbff0072871,8,close
2022-10-05,1353.34141305,135334141305,8,1665014399,1665014291,108,5,0x37bc7498f4ff12c19678ee8fe19d713b87f6a9e6,15685334,0xaae64c186e6cc58c8cb83134009e50321167ed7465d30261fb087b4053c7baa1,128,close
2022-10-06,1351.15018951,135115018951,8,1665100799,1665100559,240,5,0x37bc7498f4ff12c19678ee8fe19d713b87f6a9e6,15692480,0xa7a9942c35b4a87700324c5fd82e8d6f90d2936e88dd00790c6fcb47fc8e684d,52,close
2022-10-07,1331.85595632,133185595632,8,1665187199,1665186947,252,5,0x37bc7498f4ff12c19678ee8fe19d713b87f6a9e6,15699625,0x973300334e17b26e73cdb349c50aa5fb5cab205029349e234d74e9f219fc455d,206,close
2022-10-08,1315.22000000,131522000000,8,1665273599,1665273347,252,5,0x37bc7498f4ff12c19678ee8fe19d713b87f6a9e6,15706794,0x63cc62ad6cdbd260b35100b473be54a34c1f2c29a61e6841f2204f98e18eab6e,291,close
2022-10-09,1322.55673192,132255673192,8,1665359999,1665359723,276,5,0x37bc7498f4ff12c19678ee8fe19d713b87f6a9e6,15713954,0xf1eb02f99fa4769ea735da32c864ab11dabc83fc757691c080b560bbf3cd23fb,245,close
2022-10-10,1290.72400000,129072400000,8,1665446399,1665446147,252,5,0x37bc7498f4ff12c19678ee8fe19d713b87f6a9e6,15721121,0xfc697c453f722a78c504cbbf34aef63cb8693fc76ae299a8653e3becf638faaf,13,close
2022-10-11,1278.72000000,127872000000,8,1665532799,1665532571,228,5,0x37bc7498f4ff12c19678ee8fe19d713b87f6a9e6,15728287,0xd406c439ba30e03d74ea4595107c446df2a950ff6359a214361c4ab124ccd897,136,close
2022-10-12,1294.47000000,129447000000,8,1665619199,1665618923,276,5,0x37bc7498f4ff12c19678ee8fe19d713b87f6a9e6,15735447,0x6def6024386e7d9f3bb23db6939852562522b94df3f6b1c42e3fd14f5053e920,171,close
2022-10-13,1288.31062720,128831062720,8,1665705599,1665705347,252,5,0x37bc7498f4ff12c19678ee8fe19d713b87f6a9e6,15742606,0x4b8e3d22a34d273ddd6335226be3cd0f69156c07c44d56c06f8e6f14825a2631,74,close
2022-10-14,1298.04000000,129804000000,8,1665791999,1665791735,264,5,0x37bc7498f4ff12c19678ee8fe19d713b87f6a9e6,15749767,0x90a229ca71f4e24c0454e62a1d1f63775db7eedb1f9e5839649abb8442fd1cd6,66,close
2022-10-15,1274.07000000,127407000000,8,1665878399,1665878147,252,5,0x37bc7498f4ff12c19678ee8fe19d713b87f6a9e6,15756937,0xe36ac6c40206acf26f89a9e57f33ae927c90d03981085f811ec09e9db8b4995b,156,close
2022-10-16,1307.49000000,130749000000,8,1665964799,1665964547,252,5,0x37bc7498f4ff12c19678ee8fe19d713b87f6a9e6,15764092,0x93dbc256fb9f3015b7d00760e55fe9764d854467cf9c9ac1854a72297f70b51b,225,close
2022-10-17,1332.60000000,133260000000,8,1666051199,1666050935,264,5,0x37bc7498f4ff12c19678ee8fe19d713b87f6a9e6,15771245,0x6900a6f3d2670ba0fd05af67d8fb07f52f79b41ac02d5fbb4786174e140524a9,105,close
2022-10-18,1309.43184709,130943184709,8,1666137599,1666137383,216,5,0x37bc7498f4ff12c19678ee8fe19d713b87f6a9e6,15778418,0xb30b7acfa674a9658be74fdd88c7c6eb5b27d248bca5c71116ad48b4fe6df89d,148,close
2022-10-19,1284.82037311,128482037311,8,1666223999,1666223723,276,5,0x37bc7498f4ff12c19678ee8fe19d713b87f6a9e6,15785566,0x303cdf580166fa8278490bc4d5eb0358eb69a01356f4c18df8d238aae2836f4c,506,close
2022-10-20,1282.96844328,128296844328,8,1666310399,1666310363,36,5,0x37bc7498f4ff12c19678ee8fe19d713b87f6a9e6,15792751,0xc08f6506d7b4fbba48d630b430676adc88033df47da584a75bbdfcaea20ed334,102,close
2022-10-21,1299.96244991,129996244991,8,1666396799,1666396535,264,5,0x37bc7498f4ff12c19678ee8fe19d713b87f6a9e6,15799897,0xc421fbcb0da8561700664f2e3ab8695e817546051a2425c490148867cda9dfd7,293,close
2022-10-22,1313.90000000,131390000000,8,1666483199,1666482947,252,5,0x37bc7498f4ff12c19678ee8fe19d713b87f6a9e6,15807065,0xd7265be205932e70a5834bb69106bf09305984066125d3656a294756b86a29f9,230,close
2022-10-23,1364.86557760,136486557760,8,1666569599,1666569347,252,5,0x37bc7498f4ff12c19678ee8fe19d713b87f6a9e6,15814228,0x8fd4ff0a74c4d4609e967870d2034b87ae0fd1f69beabcf7828ed2d9dba16938,90,close
2022-10-24,1344.55480025,134455480025,8,1666655999,1666655723,276,5,0x37bc7498f4ff12c19678ee8fe19d713b87f6a9e6,15821345,0x16a81f67c9d831bbf450c43436f4e3f0742cfe5fcb2588df0a2f7097fe1e6ff5,188,close
2022-10-25,1462.41000000,146241000000,8,1666742399,1666742147,252,5,0x37bc7498f4ff12c19678ee8fe19d713b87f6a9e6,15828499,0x5a2f6d9d7308ba7096ae86fef947c055d9eb792af472a665cfa0f627b417acc2,291,close
2022-10-26,1564.09272174,156409272174,8,1666828799,1666828535,264,5,0x37bc7498f4ff12c19678ee8fe19d713b87f6a9e6,15835665,0xd6172e47733fb7bd6c37f2cdfec451539110af8537f65e0235ac3ad93d3f7c52,429,close
2022-10-27,1514.52754940,151452754940,8,1666915199,1666914995,204,5,0x37bc7498f4ff12c19678ee8fe19d713b87f6a9e6,15842831,0x024122d90dbff9aa62c29bd8cc9961abadd7bc080c77a0f62f1e1c5d461ddedb,273,close
2022-10-28,1556.31702775,155631702775,8,1667001599,1667001347,252,5,0x37bc7498f4ff12c19678ee8fe19d713b87f6a9e6,15849979,0xfd29eda7dfa241b82ea7490546ea88542e8ef963c9ca577eecac40291e3789b5,94,close
2022-10-29,1621.70000000,162170000000,8,1667087999,1667087735,264,5,0x37bc7498f4ff12c19678ee8fe19d713b87f6a9e6,15857128,0x1f1a7a627cec071378ccbe0c2bfb72f21ebeb9793ae4992ddcd73bdcd2f916dc,143,close
2022-10-30,1591.04000000,159104000000,8,1667174399,1667174171,228,5,0x37bc7498f4ff12c19678ee8fe19d713b87f6a9e6,15864299,0x32d442cd5c1e16dc972684eb626fcc3872c52e46305f31dd6307c87a1c3bdd54,231,close
2022-10-31,1574.59232926,157459232926,8,1667260799,1667260523,276,5,0x37bc7498f4ff12c19678ee8fe19d713b87f6a9e6,15871457,0x0eca8b0d697dab9dbe4cddad8fac15f78864219a35dd84e9283abdad32b8e1a5,330,close
2022-11-01,1580.01298751,158001298751,8,1667347199,1667347187,12,5,0x37bc7498f4ff12c19678ee8fe19d713b87f6a9e6,15878616,0x41a52193264e97ffc66c79ecd3f4c08eb30ea5c38708f3b96490e425508569e6,152,close
2022-11-02,1520.08000000,152008000000,8,1667433599,1667433347,252,5,0x37bc7498f4ff12c19678ee8fe19d713b87f6a9e6,15885751,0x0fe8dbadd0cb3d8af4a6e6ede6d673611aa1206a53829accbe4b2b8c11586993,629,close
2022-11-03,1531.36402625,153136402625,8,1667519999,1667519735,264,5,0x37bc7498f4ff12c19678ee8fe19d713b87f6a9e6,15892905,0x87e254d1f587418b244329c39828309fdd2eac193a7e8a39b79adcd87b7e9bd9,125,close
2022-11-04,1645.78749113,164578749113,8,1667606399,1667606207,192,5,0x37bc7498f4ff12c19678ee8fe19d713b87f6a9e6,15900079,0xd46df80bb4cbc22885d354851ce6bff9b323306ff86e881ada7a515f2f687408,178,close
2022-11-05,1627.08706646,162708706646,8,1667692799,1667692535,264,5,0x37bc7498f4ff12c19678ee8fe19d713b87f6a9e6,15907231,0x00c6a43a7bd1181c762423008498ee14ad4e0fe17586b11d584eb4bf874dea47,51,close
2022-11-06,1571.59649066,157159649066,8,1667779199,1667778923,276,5,0x37bc7498f4ff12c19678ee8fe19d713b87f6a9e6,15914397,0x56d6b54eabba9463bf628c6f862284a039a8282630c2a7018f743321de7fd08d,231,close
2022-11-07,1567.66732742,156766732742,8,1667865599,1667865347,252,5,0x37bc7498f4ff12c19678ee8fe19d713b87f6a9e6,15921567,0x4dca67b8940b6d4249b8f856740e5d48ecc12bd4e0704c237a72af1d15cecd21,91,close
2022-11-08,1330.15170000,133015170000,8,1667951999,1667951747,252,5,0x37bc7498f4ff12c19678ee8fe19d713b87f6a9e6,15928732,0x047bbc52383dca8e3c4d5c34a0add0e94927c6c6263654a5afae2b929383f92f,139,close
2022-11-09,1101.82955814,110182955814,8,1668038399,1668038303,96,5,0x37bc7498f4ff12c19678ee8fe19d713b87f6a9e6,15935891,0xcddc6d1e8a96823fce2ca32f3ce7a413f102e370f46421b849da672f8cf0af43,87,close
2022-11-10,1298.63000000,129863000000,8,1668124799,1668124535,264,5,0x37bc7498f4ff12c19678ee8fe19d713b87f6a9e6,15943038,0x658e065f1537c86e4c88343d6a8f30846c9b100a8e2f91a1507c54cfe9e331c8,280,close
2022-11-11,1289.04314501,128904314501,8,1668211199,1668210923,276,5,0x37bc7498f4ff12c19678ee8fe19d713b87f6a9e6,15950188,0x72d6c81726c6fa804ded0d36c2d0fefcbc7280f2be166a33d039bbaeb9933823,71,close
2022-11-12,1254.46000000,125446000000,8,1668297599,1668297347,252,5,0x37bc7498f4ff12c19678ee8fe19d713b87f6a9e6,15957358,0xbddf76d07a4824190075546650b0498a75322526fea1706d497c5cd94520fab4,121,close
2022-11-13,1221.09000000,122109000000,8,1668383999,1668383723,276,5,0x37bc7498f4ff12c19678ee8fe19d713b87f6a9e6,15964528,0xaf277fd2fe343a21ae6c0ac256719a5b0ac5b230f0c37ec84806da09ae772db4,84,close
2022-11-14,1240.89385186,124089385186,8,1668470399,1668470147,252,5,0x37bc7498f4ff12c19678ee8fe19d713b87f6a9e6,15971697,0x9f35f1fc9e6bb7f5383ec24a8db9c8f5e1d91c64fd190005bd8231540ea96ffc,140,close
2022-11-15,1251.36511415,125136511415,8,1668556799,1668556535,264,5,0x37bc7498f4ff12c19678ee8fe19d713b87f6a9e6,15978847,0x46847a4172f59fcede39f601adad8c6c6ad35db5efa33e75537b0f78919dfe54,290,close
2022-11-16,1215.90723724,121590723724,8,1668643199,1668642935,264,5,0x37bc7498f4ff12c19678ee8fe19d713b87f6a9e6,15985997,0x134a648ed92732a88a52906849687944ec3bad39dd99aeb54e4ef316321fa59e,41,close
2022-11-17,1198.69000000,119869000000,8,1668729599,1668729335,264,5,0x37bc7498f4ff12c19678ee8fe19d713b87f6a9e6,15993157,0x543671c50010e01727603e7359b172caa24ac98aa28a040e9c1668e5588d040e,82,close
2022-11-18,1211.61060000,121161060000,8,1668815999,1668815747,252,5,0x37bc7498f4ff12c19678ee8fe19d713b87f6a9e6,16000316,0xf0a916b2eb559885e850402d36e2e84f801386fa345d61a4f387c1fe18f318e8,149,close
2022-11-19,1217.45000000,121745000000,8,1668902399,1668902123,276,5,0x37bc7498f4ff12c19678ee8fe19d713b87f6a9e6,16007479,0x19fb577e048c796a0cf402d37a539f51d8e785d34c7bc1c4ea995ccf1625f58e,69,close
2022-11-20,1142.06214307,114206214307,8,1668988799,1668988547,252,5,0x37bc7498f4ff12c19678ee8fe19d713b87f6a9e6,16014644,0xc37d0f1c9c2835721520d840b8a92ec52bd95b8b98d072e8325f38885fb6b9f1,103,close
2022-11-21,1106.94801852,110694801852,8,1669075199,1669074935,264,5,0x37bc7498f4ff12c19678ee8fe19d713b87f6a9e6,16021806,0x54e024c8a8c3adb80a2401603bf519c49ca045bce32e801bcd2a7335f1cef214,20,close
2022-11-22,1134.05234089,113405234089,8,1669161599,1669161347,252,5,0x37bc7498f4ff12c19678ee8fe19d713b87f6a9e6,16028957,0x56778802dc63c97b53a567841abc22cbee63eb7d3503d8ebab8089f9401bae3f,46,close
2022-11-23,1182.96000000,118296000000,8,1669247999,1669247723,276,5,0x37bc7498f4ff12c19678ee8fe19d713b87f6a9e6,16036093,0x3cd7e7b1267bdd15c1891225775a4667bee2fe5efc4be8532c354ccc68db7018,11,close
2022-11-24,1202.77000000,120277000000,8,1669334399,1669334147,252,5,0x37bc7498f4ff12c19678ee8fe19d713b87f6a9e6,16043260,0xb9e9ac1df60924c0d52ee8bb23af18a6b3b20421acab0e7374bde2894e3feacc,51,close
2022-11-25,1197.83000000,119783000000,8,1669420799,1669420547,252,5,0x37bc7498f4ff12c19678ee8fe19d713b87f6a9e6,16050416,0xceed42ff34e528f64adc34dd4ba7f309e9b24ae163e07feabcdeed176e6b2d6c,1125,close
2022-11-26,1204.97000000,120497000000,8,1669507199,1669506947,252,5,0x37bc7498f4ff12c19678ee8fe19d713b87f6a9e6,16057575,0xf6265e50ef584377e15b98377fde4efdd0c7a74cf6738761a7218eb0c6939339,208,close
2022-11-27,1191.41138160,119141138160,8,1669593599,1669593335,264,5,0x37bc7498f4ff12c19678ee8fe19d713b87f6a9e6,16064734,0x2a3ae1be894a7eac9c8f96876462d2cd5353b78ae1b028ee3ccc40f8e9627a09,189,close
2022-11-28,1168.44000000,116844000000,8,1669679999,1669679759,240,5,0x37bc7498f4ff12c19678ee8fe19d713b87f6a9e6,16071911,0x707f632b08bfa1b6863607a52b3f39d950ca1d86104a50672504fff1e8163866,39,close
2022-11-29,1216.09000000,121609000000,8,1669766399,1669766243,156,5,0x37bc7498f4ff12c19678ee8fe19d713b87f6a9e6,16079069,0xbc54d6ecf847b11992ed0ef2c7197da2850f0a76811270c4529ba687157ab161,219,close
2022-11-30,1294.91065437,129491065437,8,1669852799,1669852523,276,5,0x37bc7498f4ff12c19678ee8fe19d713b87f6a9e6,16086210,0x3e02c0c5d8742f94449f9e1e5d0783c2ccd94fea01d8461bfe548ee63e5b3953,245,close
2022-12-01,1275.41260000,127541260000,8,1669939199,1669938923,276,5,0x37bc7498f4ff12c19678ee8fe19d713b87f6a9e6,16093373,0x63920c3ea866638a0e9101759716d35e363138e17da793fa964e4a81a22ba12b,298,close
2022-12-02,1295.13633666,129513633666,8,1670025599,1670025335,264,5,0x37bc7498f4ff12c19678ee8fe19d713b87f6a9e6,16100541,0xb6a204521aa4ac2a8b15105f6756c7c99534611fcb0fa4a9c3a2e7d8dc381ea6,37,close
2022-12-03,1241.89202725,124189202725,8,1670111999,1670111747,252,5,0x37bc7498f4ff12c19678ee8fe19d713b87f6a9e6,16107705,0xd2f28e572987d48e3b4a8e60f84d4450d3ac0268f2f65ee48bd2c7201af2b47a,18,close
2022-12-04,1280.94890000,128094890000,8,1670198399,1670198147,252,5,0x37bc7498f4ff12c19678ee8fe19d713b87f6a9e6,16114859,0x53f926c45eb01eb7a66e471d6675fbc3d1f73c3eae8cdb99da19c713bbdfdc9d,77,close
2022-12-05,1258.54000000,125854000000,8,1670284799,1670284535,264,5,0x37bc7498f4ff12c19678ee8fe19d713b87f6a9e6,16122002,0xd34a39b644df03599a2283c9f237932bd4b02f21bced3af7b5b1479f21e836ca,59,close
2022-12-06,1272.04935776,127204935776,8,1670371199,1670370935,264,5,0x37bc7498f4ff12c19678ee8fe19d713b87f6a9e6,16129172,0x15bad9fad347227b41793893e866bbcfd53b5f1d0901eb8c68b36b7ec8644e67,97,close
2022-12-07,1232.41495838,123241495838,8,1670457599,1670457347,252,5,0x37bc7498f4ff12c19678ee8fe19d713b87f6a9e6,16136248,0xb54a3ab422464001fbadc05b9a2a1a28de51125b2eaaa8d267c5002e076e193e,258,close
2022-12-08,1281.24703781,128124703781,8,1670543999,1670543735,264,5,0x37bc7498f4ff12c19678ee8fe19d713b87f6a9e6,16143408,0xd61d9dd4f7568d7eb463242943e7b17c042154e02201812a2869f4ba9e8ee886,232,close
2022-12-09,1262.02587564,126202587564,8,1670630399,1670630147,252,5,0x37bc7498f4ff12c19678ee8fe19d713b87f6a9e6,16150561,0x1b33dee476475d2fcaff74a2f5836eaa70a6b5cb7f04453118d4888eae2bc148,262,close
2022-12-10,1264.85527362,126485527362,8,1670716799,1670716523,276,5,0x37bc7498f4ff12c19678ee8fe19d713b87f6a9e6,16157724,0xd85897aa31d669f6f2b3b3951059a9ed0d0bdbb08376b926417484c23d1d8a90,207,close
2022-12-11,1263.85528199,126385528199,8,1670803199,1670802923,276,5,0x37bc7498f4ff12c19678ee8fe19d713b87f6a9e6,16164884,0xc55ae6f7883e35562678daaa08d60dc2fb5b92f288103a77252b4ce85cef8a7f,252,close
2022-12-12,1274.74384735,127474384735,8,1670889599,1670889323,276,5,0x37bc7498f4ff12c19678ee8fe19d713b87f6a9e6,16172040,0x9a1895bc666bdc5da47506973276a0ef5ebd0f9be98a9ae1eff655753ff47bc5,158,close
2022-12-13,1319.39024913,131939024913,8,1670975999,1670975747,252,5,0x37bc7498f4ff12c19678ee8fe19d713b87f6a9e6,16179193,0x90a20412e026b3d419343498c962de2e3cfa030b777ed243cc38147300202b72,108,close
2022-12-14,1307.88594403,130788594403,8,1671062399,1671062135,264,5,0x37bc7498f4ff12c19678ee8fe19d713b87f6a9e6,16186355,0x0f8198ebf8605d50cf02ddb8228b55bed8758aa2bf5b7b7fded070d971c6a9d3,133,close
2022-12-15,1266.05000000,126605000000,8,1671148799,1671148547,252,5,0x37bc7498f4ff12c19678ee8fe19d713b87f6a9e6,16193512,0x3ba5b5ea7d3f1b1ac7896c56ff9859d934962d824f51504af074c85625b1d847,118,close
2022-12-16,1166.13486840,116613486840,8,1671235199,1671235079,120,5,0x37bc7498f4ff12c19678ee8fe19d713b87f6a9e6,16200683,0xcb6222e40b0b11bbdccfc51bbf4f7354fcaf4cd8d34bfdcf611b68399586b841,196,close
2022-12-17,1188.18000000,118818000000,8,1671321599,1671321347,252,5,0x37bc7498f4ff12c19678ee8fe19d713b87f6a9e6,16207836,0xe4e61b5925965b9aabc0328458c24efc0cfbcd5d197d6aa39cae5e785445a6a5,32,close
2022-12-18,1184.00920000,118400920000,8,1671407999,1671407735,264,5,0x37bc7498f4ff12c19678ee8fe19d713b87f6a9e6,16214996,0x100a827b6c04225476a384cf71b09306fc46831eedefe23cfe1f6dbf16be1296,187,close
2022-12-19,1167.04640000,116704640000,8,1671494399,1671494135,264,5,0x37bc7498f4ff12c19678ee8fe19d713b87f6a9e6,16222161,0x44eda84f218a8f04552d03fd8606e3bd5518000dff894cc54f18c42036d47801,110,close
2022-12-20,1217.84133834,121784133834,8,1671580799,1671580547,252,5,0x37bc7498f4ff12c19678ee8fe19d713b87f6a9e6,16229329,0x7368aaed83846aab4e8bfc58c2c0d6812914f967d1349b0d06be9a01e1324436,267,close
2022-12-21,1212.39689073,121239689073,8,1671667199,1671666959,240,5,0x37bc7498f4ff12c19678ee8fe19d713b87f6a9e6,16236493,0x7c68dad65b84fb8da2568c6d19e92dcc513c08e085025f890fda2e8e08a9e7a9,133,close
2022-12-22,1217.35632840,121735632840,8,1671753599,1671753335,264,5,0x37bc7498f4ff12c19678ee8fe19d713b87f6a9e6,16243669,0x927646650f268b3d9a38c97c1b083ee97ac72025672ec2a0778199ecd9f2ba37,204,close
2022-12-23,1220.17215974,122017215974,8,1671839999,1671839723,276,5,0x37bc7498f4ff12c19678ee8fe19d713b87f6a9e6,16250848,0x0236048abaefd2ae0b22911982e0788ef1efb7c4b05e6ae36069bdeb0311f028,170,close
2022-12-24,1220.35825702,122035825702,8,1671926399,1671926159,240,5,0x37bc7498f4ff12c19678ee8fe19d713b87f6a9e6,16258017,0x8dcbd7ed62b731b3f1ed9d2184fd0b14cebb167453cdab0f48b9f8b840c1492d,79,close
2022-12-25,1218.47786462,121847786462,8,1672012799,1672012547,252,5,0x37bc7498f4ff12c19678ee8fe19d713b87f6a9e6,16265184,0x0beb85a1afdfce5e5e4ed9818ae929d24caed66ccc5e988085368402817e428d,21,close
2022-12-26,1229.63301698,122963301698,8,1672099199,1672098935,264,5,0x37bc7498f4ff12c19678ee8fe19d713b87f6a9e6,16272345,0x85b0649da18a9c4aa52566171988ccbc70ec70ec28ccf3dc7f62c8c08a90851d,142,close
2022-12-27,1211.44594441,121144594441,8,1672185599,1672185347,252,5,0x37bc7498f4ff12c19678ee8fe19d713b87f6a9e6,16279502,0xb74d5e9f3f64ea0daca88f8796e01dfa7cc75ac3fd89b5e55b8fd775cb966299,153,close
2022-12-28,1189.77000000,118977000000,8,1672271999,1672271735,264,5,0x37bc7498f4ff12c19678ee8fe19d713b87f6a9e6,16286674,0x615d6f2ee6ab031ed5ee8eb461be71e277786001e38dc6177a93c2122fe6a7b1,217,close
2022-12-29,1200.71594770,120071594770,8,1672358399,1672358147,252,5,0x37bc7498f4ff12c19678ee8fe19d713b87f6a9e6,16293836,0x42914420ab7556bee4f3b211a76d520178b7934453e9f234ae38e44f38d5cb13,214,close
2022-12-30,1198.45795692,119845795692,8,1672444799,1672444535,264,5,0x37bc7498f4ff12c19678ee8fe19d713b87f6a9e6,16301001,0x7f59f428d53295496ce5f014f709fa48db5e7c244b8dbc77255cad1ef97f86a6,482,close
2022-12-31,1195.75346187,119575346187,8,1672531199,1672530923,276,5,0x37bc7498f4ff12c19678ee8fe19d713b87f6a9e6,16308166,0x9dcd42d90426cd59089a2721e361bdcdc933faf1b82af89acfd059fced6cf30d,40,close
2023-01-01,1199.61000000,119961000000,8,1672617599,1672617335,264,5,0x37bc7498f4ff12c19678ee8fe19d713b87f6a9e6,16315339,0x99c13a4459538a81c2813a7e2e670b86c58c708211f091f45da229d858db0f05,86,close
2023-01-02,1214.35000000,121435000000,8,1672703999,1672703735,264,5,0x37bc7498f4ff12c19678ee8fe19d713b87f6a9e6,16322510,0x63803b3aa20e4387a6560e4df96384968da0170b4a666fe3d3149439d1c03110,74,close
2023-01-03,1214.31000000,121431000000,8,1672790399,1672790147,252,5,0x37bc7498f4ff12c19678ee8fe19d713b87f6a9e6,16329679,0xd26965bd931b570ec27aedfb6bd6dab2a5d77cff33945cb2751c32991f68f5dd,29,close
2023-01-04,1255.95068311,125595068311,8,1672876799,1672876547,252,5,0x37bc7498f4ff12c19678ee8fe19d713b87f6a9e6,16336849,0x13bd3ead706baf23d4b2f67ea1b05b25273ed3e70174c9efbdfb8b10d45d8fd1,256,close
2023-01-05,1250.08748308,125008748308,8,1672963199,1672962935,264,5,0x37bc7498f4ff12c19678ee8fe19d713b87f6a9e6,16344001,0x4d61b3f50ff47f61b028bfd91db33cae66d3b31dbb80731aabbd3878c349e9ce,92,close
2023-01-06,1269.09706318,126909706318,8,1673049599,1673049347,252,5,0x37bc7498f4ff12c19678ee8fe19d713b87f6a9e6,16351162,0xb2b26e1ad21b11dd187ecb3bb72cdf721eae41fe8b661a3a7d55afe436755af1,23,close
2023-01-07,1264.07000000,126407000000,8,1673135999,1673135735,264,5,0x37bc7498f4ff12c19678ee8fe19d713b87f6a9e6,16358324,0x0def3c321f7537bd06a3a641e56442010991088eca72225a3ab7b7585d86d8ff,111,close
2023-01-08,1292.57645347,129257645347,8,1673222399,1673222327,72,5,0x37bc7498f4ff12c19678ee8fe19d713b87f6a9e6,16365505,0x1152fa8780f25890126374c113c338b4607587fd86c084a82a8c268feb36344d,455,close
2023-01-09,1321.28000000,132128000000,8,1673308799,1673308535,264,5,0x37bc7498f4ff12c19678ee8fe19d713b87f6a9e6,16372656,0x1abd0e8d59be42316476f1903e7a09be225cbf4e6692bb3f42938d2056591f4d,289,close
2023-01-10,1335.67541591,133567541591,8,1673395199,1673394935,264,5,0x37bc7498f4ff12c19678ee8fe19d713b87f6a9e6,16379822,0x305ed1df6cd19f80c879f63fd72653874d4be940eead9e95ce39da3a8faa27f4,179,close
2023-01-11,1389.23000000,138923000000,8,1673481599,1673481347,252,5,0x37bc7498f4ff12c19678ee8fe19d713b87f6a9e6,16386978,0x31a1a6e37571b9528907a49c1a89b13d55259a6615662ba14af8c9ae377a36d7,175,close
2023-01-12,1416.28000000,141628000000,8,1673567999,1673567747,252,5,0x37bc7498f4ff12c19678ee8fe19d713b87f6a9e6,16394134,0x4a209b1561b830946aa86461612f08a4a922179f1f97cbf074b912b36fd9c9ab,124,close
2023-01-13,1450.95000000,145095000000,8,1673654399,1673654135,264,5,0x37bc7498f4ff12c19678ee8fe19d713b87f6a9e6,16401295,0x6dbe09bdc61d1fa887204beff6ed293aa61e8761647363ac3679242d9f858b02,108,close
2023-01-14,1551.43380000,155143380000,8,1673740799,1673740547,252,5,0x37bc7498f4ff12c19678ee8fe19d713b87f6a9e6,16408466,0x75082698c46b7b575c9ca6949ed561c1e30dc9baa685492f41f26ee8bf794f92,241,close
2023-01-15,1551.15819727,155115819727,8,1673827199,1673826935,264,5,0x37bc7498f4ff12c19678ee8fe19d713b87f6a9e6,16415611,0x89f5bc6220d116f56a7c88a80e45978381d7d8e2ac23c89c0968ee8ed0a62494,414,close
2023-01-16,1576.56487699,157656487699,8,1673913599,1673913323,276,5,0x37bc7498f4ff12c19678ee8fe19d713b87f6a9e6,16422770,0x584c541f6ed951e03aed534094c9706915abe71b6f6a68c2cde5e5fd6dde694f,173,close
2023-01-17,1567.39000000,156739000000,8,1673999999,1673999723,276,5,0x37bc7498f4ff12c19678ee8fe19d713b87f6a9e6,16429941,0x5e0f5b239f88a9b0b482f1b592c44b892382a58edf36c9f7b8c08d5c854cfec5,77,close
2023-01-18,1511.71319000,151171319000,8,1674086399,1674086135,264,5,0x37bc7498f4ff12c19678ee8fe19d713b87f6a9e6,16437108,0x29c7f7962ed7ff36099ab28b216af63012bf2b12048b03ff2dce48a0cfa9c6dd,132,close
2023-01-19,1551.73000000,155173000000,8,1674172799,1674172559,240,5,0x37bc7498f4ff12c19678ee8fe19d713b87f6a9e6,16444269,0x0ac99c08708f624612db7b83a6ddb5933538c1e4e92b8599dca9f5e11b011f58,167,close
2023-01-20,1660.04025619,166004025619,8,1674259199,1674258923,276,5,0x37bc7498f4ff12c19678ee8fe19d713b87f6a9e6,16451434,0xae984412b5eb768ee5e0aa1c1cff1afbd09a22c967bc40d128e650621dcc52e1,56,close
2023-01-21,1624.13360000,162413360000,8,1674345599,1674345323,276,5,0x37bc7498f4ff12c19678ee8fe19d713b87f6a9e6,16458598,0xa4f4e3c2280adfa9f0865cda422509be74e3239905a91b819307358f911453d2,54,close
2023-01-22,1628.80000000,162880000000,8,1674431999,1674431747,252,5,0x37bc7498f4ff12c19678ee8fe19d713b87f6a9e6,16465759,0x007fa6998d9183cd55ad1376ee3b308f2afdde45091b77f42079f3af8f9625a8,69,close
2023-01-23,1629.28370000,162928370000,8,1674518399,1674518135,264,5,0x37bc7498f4ff12c19678ee8fe19d713b87f6a9e6,16472923,0x705ecf2655eb10f2591a3d2e63af93a5c8815e38d0c2a1f742acd9793f302317,178,close
2023-01-24,1554.49000000,155449000000,8,1674604799,1674604523,276,5,0x37bc7498f4ff12c19678ee8fe19d713b87f6a9e6,16480088,0x682060df7b495dbcb0737bbe10453c832a6dc0c53a9604fe091670363ad92689,445,close
2023-01-25,1615.18000000,161518000000,8,1674691199,1674690935,264,5,0x37bc7498f4ff12c19678ee8fe19d713b87f6a9e6,16487247,0x82601503d06d26e3ceed1b63f87ad3ee1e335fb9b14d605f716593b1b70fb0e5,107,close
2023-01-26,1601.69622249,160169622249,8,1674777599,1674777347,252,5,0x37bc7498f4ff12c19678ee8fe19d713b87f6a9e6,16494414,0x83d8729bf5f007f2c0c860867b39ca11e47be78f040915c9e2b2a1e2cdfd30d5,103,close
2023-01-27,1596.80000000,159680000000,8,1674863999,1674863735,264,5,0x37bc7498f4ff12c19678ee8fe19d713b87f6a9e6,16501566,0xaa505d23507d55df2e5da7549be9996cb3c29ba878d7d55f5289d5eaafac331b,259,close
2023-01-28,1570.51000000,157051000000,8,1674950399,1674950135,264,5,0x37bc7498f4ff12c19678ee8fe19d713b87f6a9e6,16508735,0x59ea0348fecc9c202a24c48897183186c510729bca28d88c95aa958b7340f2b6,206,close
2023-01-29,1647.49950000,164749950000,8,1675036799,1675036547,252,5,0x37bc7498f4ff12c19678ee8fe19d713b87f6a9e6,16515895,0xd20de15e25ef815487420638fa701ae2b2d460bbfa44cdd9b5a99daf8ddb21a1,239,close
2023-01-30,1567.46000000,156746000000,8,1675123199,1675122947,252,5,0x37bc7498f4ff12c19678ee8fe19d713b87f6a9e6,16523063,0x30a4cd5b8f36a9245d09472c9fa52493189e4b7d109b3d942e2df99dadaa5372,157,close
2023-01-31,1587.06000000,158706000000,8,1675209599,1675209335,264,5,0x37bc7498f4ff12c19678ee8fe19d713b87f6a9e6,16530225,0x7087d28aafc9e5dd3ccee6fd24313e55578feb451e790faf138db2d35ca33687,336,close
2023-02-01,1641.11000000,164111000000,8,1675295999,1675295747,252,5,0x37bc7498f4ff12c19678ee8fe19d713b87f6a9e6,16537385,0xe4b6b6d05a1739d20032d14291ce061bb6480a29fc1ce1dee5ae85aeedf05632,109,close
2023-02-02,1643.08196000,164308196000,8,1675382399,1675382135,264,5,0x37bc7498f4ff12c19678ee8fe19d713b87f6a9e6,16544525,0x71c42b8f0e3510b29702d81b53e07fd962df5f12b66dc917b5389cfd72ce3554,110,close
2023-02-03,1664.04000000,166404000000,8,1675468799,1675468535,264,5,0x37bc7498f4ff12c19678ee8fe19d713b87f6a9e6,16551678,0x810dbc896c3ce1b1e361bb7fd40ef15becc6034f357d09724c4db0390da55919,311,close
2023-02-04,1665.36580000,166536580000,8,1675555199,1675554923,276,5,0x37bc7498f4ff12c19678ee8fe19d713b87f6a9e6,16558834,0xa342f71e9a9062c0c137e5f9a455c7ff2c95e5247fb2c5dc64098540e87acbc5,251,close
2023-02-05,1632.10000000,163210000000,8,1675641599,1675641347,252,5,0x37bc7498f4ff12c19678ee8fe19d713b87f6a9e6,16566001,0xa47cb7529762cf81a3efcd84a259eef269f29d2fffabc3faf5ae5a991a06dfb1,87,close
2023-02-06,1615.37000000,161537000000,8,1675727999,1675727735,264,5,0x37bc7498f4ff12c19678ee8fe19d713b87f6a9e6,16573167,0x0cf61b1a61b495281e3d11b046441e2c9bd1a8ec40201e9f5c2430dc3ece7ce2,329,close
2023-02-07,1672.70000000,167270000000,8,1675814399,1675814147,252,5,0x37bc7498f4ff12c19678ee8fe19d713b87f6a9e6,16580316,0x86e2085be7f03070b3d422ffda1aefa29cfa5703f601881775ea87b0f175de74,67,close
2023-02-08,1651.16140000,165116140000,8,1675900799,1675900547,252,5,0x37bc7498f4ff12c19678ee8fe19d713b87f6a9e6,16587455,0x2691253da3e3a8f0f6b744e2374f01e27fb23512e9ca79f76c5c519059570ff3,178,close
2023-02-09,1545.24000000,154524000000,8,1675987199,1675986923,276,5,0x37bc7498f4ff12c19678ee8fe19d713b87f6a9e6,16594608,0xe6572abb3ae2b580434ac1bf224ee4ce2690197c0e046df5c79895bf5867ec06,65,close
2023-02-10,1515.01454188,151501454188,8,1676073599,1676073347,252,5,0x37bc7498f4ff12c19678ee8fe19d713b87f6a9e6,16601778,0x47c7888b1f4b5f881d52ec6f7c2519f3b6773c3df725d693fa944669aaa1bc07,76,close
2023-02-11,1540.87548749,154087548749,8,1676159999,1676159735,264,5,0x37bc7498f4ff12c19678ee8fe19d713b87f6a9e6,16608935,0x64a9077bb52803ab5c812a33a3d220ca1d1908189d24ed415e11ff92e6fc1851,131,close
2023-02-12,1513.60536000,151360536000,8,1676246399,1676246147,252,5,0x37bc7498f4ff12c19678ee8fe19d713b87f6a9e6,16616094,0x5f6e17a7bf4b74181ac20a9dfc53851fe51a5efae9567f3f46f9ebbaeca03dae,84,close
2023-02-13,1509.20004660,150920004660,8,1676332799,1676332535,264,5,0x37bc7498f4ff12c19678ee8fe19d713b87f6a9e6,16623252,0xdec90e4c527f7542e897cf183b956330fa7d794cb7bf344e3499e382b7dbc2d1,158,close
2023-02-14,1556.39432045,155639432045,8,1676419199,1676418947,252,5,0x37bc7498f4ff12c19678ee8fe19d713b87f6a9e6,16630401,0xf0c6d71a44a4de492d8f876ffe32cbf21826f04913d1cb46cdcbdcfa17c0a21b,295,close
2023-02-15,1676.18000000,167618000000,8,1676505599,1676505335,264,5,0x37bc7498f4ff12c19678ee8fe19d713b87f6a9e6,16637552,0x31d438f9b205a3e918fbc3ff76547e438cb416b5500ed0187a3fb85f708e098f,339,close
2023-02-16,1637.91000000,163791000000,8,1676591999,1676591783,216,5,0x37bc7498f4ff12c19678ee8fe19d713b87f6a9e6,16644714,0x0e87fa6e6799f579c185f7559268e052d25bbca7bb6ff8c30160efc7ca902b05,48,close
2023-02-17,1695.02500000,169502500000,8,1676678399,1676678135,264,5,0x37bc7498f4ff12c19678ee8fe19d713b87f6a9e6,16651807,0x25fa511885b41900ad93b464cf38eb37296ed0e7dd52a2528ffff987b112c847,302,close
2023-02-18,1693.65662000,169365662000,8,1676764799,1676764535,264,5,0x37bc7498f4ff12c19678ee8fe19d713b87f6a9e6,16658916,0x21ba4fe7db3c4de7ae774145d1a5e850a79119d674f875dcd3fc57946d7a25d5,170,close
2023-02-19,1681.01120000,168101120000,8,1676851199,1676850923,276,5,0x37bc7498f4ff12c19678ee8fe19d713b87f6a9e6,16666032,0x8135ac00048b79c9ced2979fc60be2ca690247ff44e859789b36b369ebdfd60c,201,close
2023-02-20,1701.43840614,170143840614,8,1676937599,1676937347,252,5,0x37bc7498f4ff12c19678ee8fe19d713b87f6a9e6,16673163,0x201c0ac1d6995ffa05f2e8e0b8caac1dc714125c050dc790f5422da3a133e7aa,352,close
2023-02-21,1657.23000000,165723000000,8,1677023999,1677023735,264,5,0x37bc7498f4ff12c19678ee8fe19d713b87f6a9e6,16680279,0xdcbf0e7493e4f59395ec0f90df2d7ededd9e3545a2b051476e4116359c2b1049,136,close
2023-02-22,1643.78000000,164378000000,8,1677110399,1677110135,264,5,0x37bc7498f4ff12c19678ee8fe19d713b87f6a9e6,16687373,0xaa5af7a475a74e383e792c3d887af05e4b1ef47f4cb87f929a3e073e2aa721e6,356,close
2023-02-23,1651.42340000,165142340000,8,1677196799,1677196583,216,5,0x37bc7498f4ff12c19678ee8fe19d713b87f6a9e6,16694495,0x6cd1a00466f2a8a3803a863add7c4f6932b556ac30251c1525be694599b38488,118,close
2023-02-24,1608.94721160,160894721160,8,1677283199,1677282947,252,5,0x37bc7498f4ff12c19678ee8fe19d713b87f6a9e6,16701577,0xe7e3592a58f58eea3a3189a846222d7091bbb38443c1517282fb019425272338,96,close
2023-02-25,1594.97029432,159497029432,8,1677369599,1677369323,276,5,0x37bc7498f4ff12c19678ee8fe19d713b87f6a9e6,16708687,0xe8bea447abc1966a0f8dfb59ce3dee62b0e76185f98994ad92ac515b075801c6,94,close
2023-02-26,1640.02870000,164002870000,8,1677455999,1677455735,264,5,0x37bc7498f4ff12c19678ee8fe19d713b87f6a9e6,16715807,0xaa3ddc0b5ff0d9e119562b84a9fd67de2673c243b363d80115b43226c5151fef,104,close
2023-02-27,1633.09000000,163309000000,8,1677542399,1677542135,264,5,0x37bc7498f4ff12c19678ee8fe19d713b87f6a9e6,16722940,0x218df81d0631d19c421007c33b12537e63dd8ee1f88922d5843f85bf944f5f9c,131,close
2023-02-28,1603.87011737,160387011737,8,1677628799,1677628523,276,5,0x37bc7498f4ff12c19678ee8fe19d713b87f6a9e6,16730048,0x740a9ed78a313d73011bc390d8fbab0e082e9f115d1dc88ebb514c7e2433c34d,292,close
2023-03-01,1665.96000000,166596000000,8,1677715199,1677714947,252,5,0x37bc7498f4ff12c19678ee8fe19d713b87f6a9e6,16737169,0xd76634716174d9e7e4391ee7c8532bd11e3da659fca14095cf7f3c8993318455,92,close
2023-03-02,1647.80000000,164780000000,8,1677801599,1677801335,264,5,0x37bc7498f4ff12c19678ee8fe19d713b87f6a9e6,16744266,0x2d1ebf88a0f2d7b6abb688d829ed3ce044245a2f0537c9d03722b719686951d4,37,close
2023-03-03,1568.36770000,156836770000,8,1677887999,1677887735,264,5,0x37bc7498f4ff12c19678ee8fe19d713b87f6a9e6,16751365,0x1afe0e6f60ea4c8e1f7678e57ac58eb5c297eeff9f609279064aab3de3d32838,170,close
2023-03-04,1566.10992617,156610992617,8,1677974399,1677974135,264,5,0x37bc7498f4ff12c19678ee8fe19d713b87f6a9e6,16758474,0x7e25da8cc474980889507b4a8837aee32c9f34705b6814cd43dd7858c856f248,408,close
2023-03-05,1565.20370000,156520370000,8,1678060799,1678060535,264,5,0x37bc7498f4ff12c19678ee8fe19d713b87f6a9e6,16765593,0x66f61639b6966bfcc89dea88a6d397b2fb025445ad5b59c4f682b3af08a100f1,111,close
2023-03-06,1566.06152345,156606152345,8,1678147199,1678146947,252,5,0x37bc7498f4ff12c19678ee8fe19d713b87f6a9e6,16772706,0x961054bc5194a22650b076d7079902d7344c96db090e7f71ccd39cdc02b525b9,154,close
2023-03-07,1562.20000000,156220000000,8,1678233599,1678233335,264,5,0x37bc7498f4ff12c19678ee8fe19d713b87f6a9e6,16779821,0x3b24f6dc4f246a204b2ce7175c8d3b7b40b270abef53db784729c533b7bd97f6,95,close
2023-03-08,1532.76278000,153276278000,8,1678319999,1678319723,276,5,0x37bc7498f4ff12c19678ee8fe19d713b87f6a9e6,16786925,0x11c68d0a298a35b2efa15ec06e202e3ff6a90e2fdd827d434849bae975b41422,152,close
2023-03-09,1439.25530000,143925530000,8,1678406399,1678406123,276,5,0x37bc7498f4ff12c19678ee8fe19d713b87f6a9e6,16794039,0xa8a2b0962a870de1e475178cf692d3d24cae8540df10ba1016ddc7e77b1a9b14,116,close
2023-03-10,1429.24901000,142924901000,8,1678492799,1678492547,252,5,0x37bc7498f4ff12c19678ee8fe19d713b87f6a9e6,16801123,0x91eb26ec7b71462c420cdf2c3def45d3d7ecc7b54dbe70479f75230f07fef359,44,close
2023-03-11,1485.27000000,148527000000,8,1678579199,1678578935,264,5,0x37bc7498f4ff12c19678ee8fe19d713b87f6a9e6,16808235,0xa3e64a4b3171103de066acf64982061a6b3b35b62f26f687a1ef2f241ba673f5,282,close
2023-03-12,1586.69238000,158669238000,8,1678665599,1678665323,276,5,0x37bc7498f4ff12c19678ee8fe19d713b87f6a9e6,16815343,0xdcbe14dced586fc97aa5f0c490473e5bf969b4d3d965f29b5a5a69186cd04d65,110,close
2023-03-13,1677.37875514,167737875514,8,1678751999,1678751735,264,5,0x37bc7498f4ff12c19678ee8fe19d713b87f6a9e6,16822470,0xc5a2eea994fcc0882bc2e713812d892852240b21df68e040e5ae0a0f50308f53,163,close
2023-03-14,1704.47664126,170447664126,8,1678838399,1678838135,264,5,0x37bc7498f4ff12c19678ee8fe19d713b87f6a9e6,16829587,0x521dfc2d675d2012a6e43c6779f469a36014483464e60d461e5e6c97bddf9b47,22,close
2023-03-15,1653.92013757,165392013757,8,1678924799,1678924535,264,5,0x37bc7498f4ff12c19678ee8fe19d713b87f6a9e6,16836688,0xe09c666a2f93e31e5e251eb913fb447b534cba57673ff85e5252c8f7017a6898,100,close
2023-03-16,1677.03797314,167703797314,8,1679011199,1679010923,276,5,0x37bc7498f4ff12c19678ee8fe19d713b87f6a9e6,16843806,0x08c50c1a93920e0044ff9a705dbf681dbdfeb81529692fb69cb34f7ab52f3ca2,69,close
2023-03-17,1789.07900100,178907900100,8,1679097599,1679097347,252,5,0x37bc7498f4ff12c19678ee8fe19d713b87f6a9e6,16850924,0xe46bcd58837da36b7fabd9d8a20013a7ce504e21bc05340c3287957472bcf9a3,362,close
2023-03-18,1761.47573050,176147573050,8,1679183999,1679183795,204,5,0x37bc7498f4ff12c19678ee8fe19d713b87f6a9e6,16858049,0xfe75f9ebea4d4562c37e15f4706d11e5ae200ddc01b7732859563ba16134195b,102,close
2023-03-19,1782.56332100,178256332100,8,1679270399,1679270123,276,5,0x37bc7498f4ff12c19678ee8fe19d713b87f6a9e6,16865157,0xefaf38ac949145b83e3dabebf67a4550a3c826e26e2f8a6aa5cacfe3d48c7125,61,close
2023-03-20,1735.10000000,173510000000,8,1679356799,1679356523,276,5,0x37bc7498f4ff12c19678ee8fe19d713b87f6a9e6,16872289,0xad2a5bbe28486d53601344a5050f17cc776c75a2465e867ec1121cfb09e7ac66,174,close
2023-03-21,1809.45014000,180945014000,8,1679443199,1679442947,252,5,0x37bc7498f4ff12c19678ee8fe19d713b87f6a9e6,16879407,0xc5db1a09e5377c920d968a4ade419f5d92fbd53bb6dd59193f50f33f71b78173,271,close
2023-03-22,1739.28172000,173928172000,8,1679529599,1679529323,276,5,0x37bc7498f4ff12c19678ee8fe19d713b87f6a9e6,16886529,0x99fb912636829486df5aa969fcf0d36e44fe3b7449b923221fe9ffa5bbc0a0b5,94,close
2023-03-23,1818.28000000,181828000000,8,1679615999,1679615723,276,5,0x37bc7498f4ff12c19678ee8fe19d713b87f6a9e6,16893634,0x7a46940702168d11101a1e616f9b77e52ddcf8ee983ea5093e2cd609944a6c03,114,close
2023-03-24,1750.30000000,175030000000,8,1679702399,1679702147,252,5,0x37bc7498f4ff12c19678ee8fe19d713b87f6a9e6,16900756,0x4ba2efd71935483deb9b57375f161d1789ec39d5dd73e3eeb40a05fb207baf6b,73,close
2023-03-25,1743.87000000,174387000000,8,1679788799,1679788535,264,5,0x37bc7498f4ff12c19678ee8fe19d713b87f6a9e6,16907877,0xfd6f7de3f48bb07ebf575a3d7df5cc740ed43acf3e5c8cba4996a6e38b667709,432,close
2023-03-26,1775.26274000,177526274000,8,1679875199,1679874947,252,5,0x37bc7498f4ff12c19678ee8fe19d713b87f6a9e6,16915001,0x52d5de0f83c0a5791280ff6ffd415b83b64b9aef183907580f88e5f268a1be67,101,close
2023-03-27,1716.09174100,171609174100,8,1679961599,1679961335,264,5,0x37bc7498f4ff12c19678ee8fe19d713b87f6a9e6,16922115,0x8f2019223b93ed5f7954e85bda5fe3789f93d340878267b07f3f2acde6a577c5,22,close
2023-03-28,1774.03000000,177403000000,8,1680047999,1680047723,276,5,0x37bc7498f4ff12c19678ee8fe19d713b87f6a9e6,16929224,0x6b04cb30f6a1f56091a1b3599f75a529ec2def7bcd2c0f9514cea0a2a3b9276c,63,close
2023-03-29,1792.73998958,179273998958,8,1680134399,1680134135,264,5,0x37bc7498f4ff12c19678ee8fe19d713b87f6a9e6,16936339,0xd668221c635c513c5865d1e3947947c2fa8220b739c89894dfdd100bc04eecf9,175,close
2023-03-30,1793.10000000,179310000000,8,1680220799,1680220523,276,5,0x37bc7498f4ff12c19678ee8fe19d713b87f6a9e6,16943456,0xd2350ab6327e0f9a8118e6096c8f9e96718440021422bc7da9395bbe140a7fa3,1197,close
2023-03-31,1822.13000000,182213000000,8,1680307199,1680306947,252,5,0x37bc7498f4ff12c19678ee8fe19d713b87f6a9e6,16950581,0x4917db012b49db7c5c829ee6d45e845942527b57d0170d5b7171b07375df46c4,66,close
2023-04-01,1821.84391000,182184391000,8,1680393599,1680393335,264,5,0x37bc7498f4ff12c19678ee8fe19d713b87f6a9e6,16957695,0x3e4be90a9b25bb794c905f288760b01165455e69b4c0cdad58d94463039c27ca,136,close
2023-04-02,1795.81658755,179581658755,8,1680479999,1680479723,276,5,0x37bc7498f4ff12c19678ee8fe19d713b87f6a9e6,16964792,0x369fd30ecc21b7989aeb8bff047fe5f66fcf23d1e40d7f1a8779377ad7dfebdf,100,close
2023-04-03,1810.03675000,181003675000,8,1680566399,1680566135,264,5,0x37bc7498f4ff12c19678ee8fe19d713b87f6a9e6,16971872,0x11bb5447ff7bac2cd370b9390fa9764d884f4995591e940a88bd5a95c237f368,118,close
2023-04-04,1871.31462800,187131462800,8,1680652799,1680652523,276,5,0x37bc7498f4ff12c19678ee8fe19d713b87f6a9e6,16978891,0x9ba99f6246b5e26f7647b972346d1570bdc13451b5c80b42712be18186dd5a57,38,close
2023-04-05,1909.52888000,190952888000,8,1680739199,1680738935,264,5,0x37bc7498f4ff12c19678ee8fe19d713b87f6a9e6,16985934,0x1a4ca2c0b232e7cd7d7aa73930629365cebf4cb5138d70ea1aa09ee3b3f5c04d,142,close
2023-04-06,1872.05919000,187205919000,8,1680825599,1680825335,264,5,0x37bc7498f4ff12c19678ee8fe19d713b87f6a9e6,16992930,0xae9e6820bff22f5541a91aa9858ea156a2079f3e797b56909ea40614a7219e8e,78,close
2023-04-07,1865.82429000,186582429000,8,1680911999,1680911723,276,5,0x37bc7498f4ff12c19678ee8fe19d713b87f6a9e6,16999986,0xe276f7c0f23aa99b286fc52e7fcd87e77e1477033d852d8f18ae31f3e1fd990d,75,close
2023-04-08,1848.93143574,184893143574,8,1680998399,1680998147,252,5,0x37bc7498f4ff12c19678ee8fe19d713b87f6a9e6,17007050,0xb21e73164860e2dc95d19735e17dfe26a6e73970896b1792c7d43604ca326c12,47,close
2023-04-09,1859.30000000,185930000000,8,1681084799,1681084559,240,5,0x37bc7498f4ff12c19678ee8fe19d713b87f6a9e6,17014096,0xad146694eccbfb44bc2f3ec244086c9ce81f3fe3ee782fb50e874cdd380d57b5,116,close
2023-04-10,1908.97135100,190897135100,8,1681171199,1681170935,264,5,0x37bc7498f4ff12c19678ee8fe19d713b87f6a9e6,17021160,0x41dfec211f080592232a0b63759053ac055123febd104520975b396001a8ea88,164,close
2023-04-11,1892.59760000,189259760000,8,1681257599,1681257335,264,5,0x37bc7498f4ff12c19678ee8fe19d713b87f6a9e6,17028219,0x1cc77f67cf972f8b8517ac077e8f5880424167328a6f68478fd71162e5d6026d,172,close
2023-04-12,1918.51841000,191851841000,8,1681343999,1681343735,264,5,0x37bc7498f4ff12c19678ee8fe19d713b87f6a9e6,17035239,0x73c7ba4a513de75ed99bafc3ceef42f91ee4654efd0a4d8bef1bb0c04b2a4502,414,close
2023-04-13,2011.60343000,201160343000,8,1681430399,1681430135,264,5,0x37bc7498f4ff12c19678ee8fe19d713b87f6a9e6,17041744,0x1419b6cffdd3940ac8187e21e5eae0d5c7d7e769a3cc2fdbd9a69e82f620ebcd,219,close
2023-04-14,2103.26137000,210326137000,8,1681516799,1681516583,216,5,0x37bc7498f4ff12c19678ee8fe19d713b87f6a9e6,17048754,0x930decf18a47d8b42d2105970aa7aea257afe311842538b6d342c4360dfd0dfe,36,close
2023-04-15,2093.03000000,209303000000,8,1681603199,1681602923,276,5,0x37bc7498f4ff12c19678ee8fe19d713b87f6a9e6,17055770,0x2ff3d976b452daece0fbb9537f03c5f20dc50a07500a0e393e4f79e8a9165058,65,close
2023-04-16,2120.13000000,212013000000,8,1681689599,1681689347,252,5,0x37bc7498f4ff12c19678ee8fe19d713b87f6a9e6,17062812,0xa6e67baf7d7d76f61c7d663fa349d5abfeda105310108b11243ad7c1c69cbe8b,56,close
2023-04-17,2075.37000000,207537000000,8,1681775999,1681775735,264,5,0x37bc7498f4ff12c19678ee8fe19d713b87f6a9e6,17069877,0x9a14b1e87179451b6a7ea1af7cf146b83182a7cd3d746f81429105b38d027189,108,close
2023-04-18,2104.13000000,210413000000,8,1681862399,1681862147,252,5,0x37bc7498f4ff12c19678ee8fe19d713b87f6a9e6,17076945,0xcc97a4b2bc1519405167f77152e81e28d5899f6e4bb255fdaec0d98f1dd0f432,200,close
2023-04-19,1936.19969000,193619969000,8,1681948799,1681948535,264,5,0x37bc7498f4ff12c19678ee8fe19d713b87f6a9e6,17084025,0xd8cbe25aaa5a7615f7e3748171b1e30c07cce7ca692ee9a79873d1f3ca2a4db9,235,close
2023-04-20,1944.74060000,194474060000,8,1682035199,1682034947,252,5,0x37bc7498f4ff12c19678ee8fe19d713b87f6a9e6,17091053,0xf914d6bf2a1738c9fed9a18b9bfc28b7e05b8d2df76edd83d998c2f817b3ece2,110,close
2023-04-21,1849.11000000,184911000000,8,1682121599,1682121323,276,5,0x37bc7498f4ff12c19678ee8fe19d713b87f6a9e6,17098150,0x8faf72e32e659cffa26e91fc47e8b7a64148168a4f1932a4e456ae157a29bfe5,40,close
2023-04-22,1875.05925000,187505925000,8,1682207999,1682207723,276,5,0x37bc7498f4ff12c19678ee8fe19d713b87f6a9e6,17105286,0xd02c7ad7ed4d11dc50ffbbe4858ea4d79a31a4fde9538ad139e22dbd6e9d4e3f,98,close
2023-04-23,1862.39940000,186239940000,8,1682294399,1682294135,264,5,0x37bc7498f4ff12c19678ee8fe19d713b87f6a9e6,17112418,0x3cd7adcb5e69a9700f8a9bc017af3e5aac5da1645826c8e7b29e877a783c80f8,115,close
2023-04-24,1842.29110000,184229110000,8,1682380799,1682380523,276,5,0x37bc7498f4ff12c19678ee8fe19d713b87f6a9e6,17119549,0x3f39842e13ff638ecd07a9aaea0bc73d44e0cdfe1fe103cea0ac85474d7ef54b,99,close
2023-04-25,1867.58484000,186758484000,8,1682467199,1682466947,252,5,0x37bc7498f4ff12c19678ee8fe19d713b87f6a9e6,17126673,0x9d9667412e580345edb15e6d0dcaa0269c737b1d19d1c9cb0c3ba66578ad45d0,94,close
2023-04-26,1866.50000000,186650000000,8,1682553599,1682553335,264,5,0x37bc7498f4ff12c19678ee8fe19d713b87f6a9e6,17133797,0x8fab1f0a5d625197253dd5149d7b19c6937a418f7e2a5ad8f47ab66c50038908,126,close
2023-04-27,1909.39603650,190939603650,8,1682639999,1682639723,276,5,0x37bc7498f4ff12c19678ee8fe19d713b87f6a9e6,17140906,0xa34c80c175cb419b01cd6cd6c37a713d4063112312f7c7aeed953a44762fad12,92,close
2023-04-28,1892.98000000,189298000000,8,1682726399,1682726135,264,5,0x37bc7498f4ff12c19678ee8fe19d713b87f6a9e6,17148028,0xee37a6b0828486896b23476011ccd04ad47435100d299727792a4a771dcd0cba,200,close
2023-04-29,1907.17155000,190717155000,8,1682812799,1682812547,252,5,0x37bc7498f4ff12c19678ee8fe19d713b87f6a9e6,17155142,0xfb8867f9fcc8b186339aa8b3a589107a84652b985e1bf709018fc3afe444a1e8,154,close
2023-04-30,1881.08000000,188108000000,8,1682899199,1682898935,264,5,0x37bc7498f4ff12c19678ee8fe19d713b87f6a9e6,17162265,0x338e98f022f19809cd713cc89d55648636e5b12513ef739af3d42aefd6aea6b3,139,close
2023-05-01,1831.34000000,183134000000,8,1682985599,1682985323,276,5,0x37bc7498f4ff12c19678ee8fe19d713b87f6a9e6,17169372,0x2e459b1481f7bde2cfc1195c466344e3ef98684ef562ae9d2b72c98b7f818c70,145,close
2023-05-02,1870.46883900,187046883900,8,1683071999,1683071723,276,5,0x37bc7498f4ff12c19678ee8fe19d713b87f6a9e6,17176483,0xac7dc6512bac06f12366bf47ea57966bd7ecbade0393687b52ceee874b6ea823,116,close
2023-05-03,1904.10037443,190410037443,8,1683158399,1683158147,252,5,0x37bc7498f4ff12c19678ee8fe19d713b87f6a9e6,17183586,0x2e5c5a9061682ba995a65ebd52a2a402405943eacafccb95193d982851103da5,158,close
2023-05-04,1877.24723700,187724723700,8,1683244799,1683244523,276,5,0x37bc7498f4ff12c19678ee8fe19d713b87f6a9e6,17190707,0x4d34924cc2f59ec077aab58ec07add666c386ab5b8cbb7142735df992eae175f,212,close
2023-05-05,1994.50131429,199450131429,8,1683331199,1683330935,264,5,0x37bc7498f4ff12c19678ee8fe19d713b87f6a9e6,17197836,0x153ef1c6f03cfe1b1ec1ad759db0535cc999cc4a6092828ff3220351312cd15a,174,close
2023-05-06,1901.66000000,190166000000,8,1683417599,1683417323,276,5,0x37bc7498f4ff12c19678ee8fe19d713b87f6a9e6,17204944,0xbff0c2e1bbe0bc8f5ed362daaae821ca4e29c229546a945bb15129f8e76ed01d,158,close
2023-05-07,1878.68117000,187868117000,8,1683503999,1683503735,264,5,0x37bc7498f4ff12c19678ee8fe19d713b87f6a9e6,17212057,0xd8f8a46cffe1f32815de11894e913e4a6d0d760351a944ccbc8746726bda3ac6,366,close
2023-05-08,1850.08256000,185008256000,8,1683590399,1683590147,252,6,0xe62b71cf983019bff55bc83b48601ce8419650cc,17219173,0xbde501c04912a7c3fe583d1b56da1321ad53a998ff0c72720b1790e5f57fbc42,82,close
2023-05-09,1848.88000000,184888000000,8,1683676799,1683676535,264,6,0xe62b71cf983019bff55bc83b48601ce8419650cc,17226284,0x33aa3ebd235c3e28430f7deb63bb804428f8606f22d6715010d02ca7d20109b7,311,close
2023-05-10,1844.09500000,184409500000,8,1683763199,1683762935,264,6,0xe62b71cf983019bff55bc83b48601ce8419650cc,17233391,0x40b09393822bd3143041a806ac26bc075bd383fb30fb2060418ef9429f9bde79,238,close
2023-05-11,1798.10000000,179810000000,8,1683849599,1683849335,264,6,0xe62b71cf983019bff55bc83b48601ce8419650cc,17240434,0xc24b8eb12ab933f1d1d1450963578200d67bdf93547ea8b3086701ebe7bf508f,223,close
2023-05-12,1808.34320102,180834320102,8,1683935999,1683935747,252,6,0xe62b71cf983019bff55bc83b48601ce8419650cc,17247351,0x01f22a2df105e8ca42545ca59876d78f4e9b636900019eff0413d077ac6d9123,339,close
2023-05-13,1797.30000000,179730000000,8,1684022399,1684022231,168,6,0xe62b71cf983019bff55bc83b48601ce8419650cc,17254439,0xdd674ad9902603a730aafcdc6b40d1d4e13916245ffd7ebc0c80ccdc85916b1b,146,close
2023-05-14,1800.60000000,180060000000,8,1684108799,1684108547,252,6,0xe62b71cf983019bff55bc83b48601ce8419650cc,17261483,0x142aa43d6d05d3d23fb1acc052214dfe9daa70eb7bd242c72500bb79474d40aa,127,close
2023-05-15,1817.10000000,181710000000,8,1684195199,1684194935,264,6,0xe62b71cf983019bff55bc83b48601ce8419650cc,17268565,0xb8a1f5fc0ab2e78a058b11ec5d4b166faf8875c6a7483d06bafbaffe86394747,138,close
2023-05-16,1823.80000000,182380000000,8,1684281599,1684281347,252,6,0xe62b71cf983019bff55bc83b48601ce8419650cc,17275650,0x4a1ee691c52420746e451c6e32c95252d777976f967917d49f17658cb4b71db0,127,close
2023-05-17,1821.41060000,182141060000,8,1684367999,1684367735,264,6,0xe62b71cf983019bff55bc83b48601ce8419650cc,17282723,0xf91b24dbc545a5394d0a57fe4601c8e5aa69c1a6fdb29c1116ec38f4f31cf6a7,419,close
2023-05-18,1801.93000000,180193000000,8,1684454399,1684454123,276,6,0xe62b71cf983019bff55bc83b48601ce8419650cc,17289833,0x91f5c5d814ac92098bc7f7c22ab2fa41b8ba46e2a3841967241a7f6bafb68dfe,198,close
2023-05-19,1811.74897559,181174897559,8,1684540799,1684540535,264,6,0xe62b71cf983019bff55bc83b48601ce8419650cc,17296919,0xb5464b7ddf3419c36602a5129a4abdf896d65b5e2f389670352e45de4cb94ab8,58,close
2023-05-20,1820.05660155,182005660155,8,1684627199,1684626923,276,6,0xe62b71cf983019bff55bc83b48601ce8419650cc,17304027,0xde0e2047c9e56f28b7c2612a3ca3190b4490db7385357a4ce6022f8dc7a58264,39,close
2023-05-21,1804.62203291,180462203291,8,1684713599,1684713347,252,6,0xe62b71cf983019bff55bc83b48601ce8419650cc,17311125,0x767ee2e33f105fd53db49b49c461c6d28790d3f1c308254e5856b7b9eb348d2b,67,close
2023-05-22,1818.07037000,181807037000,8,1684799999,1684799735,264,6,0xe62b71cf983019bff55bc83b48601ce8419650cc,17318233,0xb5e920f7898ce062bfc2106448ac3a6b80efaf22917a212edd7278ff438ddd71,60,close
2023-05-23,1854.40000000,185440000000,8,1684886399,1684886147,252,6,0xe62b71cf983019bff55bc83b48601ce8419650cc,17325328,0x85bb60419185907d39388a5f9423b55c98341c80618889ccba5504e0296e698f,202,close
2023-05-24,1800.54000000,180054000000,8,1684972799,1684972535,264,6,0xe62b71cf983019bff55bc83b48601ce8419650cc,17332439,0x5af538ce9d17fd33d8a4eb1563bf8fbc3b0a87f4f7c7ff0eb030fedb4e10e7eb,49,close
2023-05-25,1805.83210023,180583210023,8,1685059199,1685058923,276,6,0xe62b71cf983019bff55bc83b48601ce8419650cc,17339548,0x3f7a8c5e045322897d44af7e7ba282d1511521e6be88f2357729003b7aa62cfb,2,close
2023-05-26,1829.10000000,182910000000,8,1685145599,1685145347,252,6,0xe62b71cf983019bff55bc83b48601ce8419650cc,17346670,0x5867676877f6945eda371db5b5b67348b3b472786adcbd235de45fbe648fdc2e,138,close
2023-05-27,1831.23633500,183123633500,8,1685231999,1685231735,264,6,0xe62b71cf983019bff55bc83b48601ce8419650cc,17353796,0xdaaa15c03a9f8c042ecbf17f8e2f94c3c0b9f4bdb8996ccc4fbf8a201f088c0f,39,close
2023-05-28,1914.05472776,191405472776,8,1685318399,1685318135,264,6,0xe62b71cf983019bff55bc83b48601ce8419650cc,17360925,0x7b4210bdf02c7b1d99f8ce5c973cafaa5c65fd55a79efce39a9aa022551358a4,149,close
2023-05-29,1893.30000000,189330000000,8,1685404799,1685404523,276,6,0xe62b71cf983019bff55bc83b48601ce8419650cc,17368037,0xa7b9de3428499b6033a581ce3c48c55b2e0697b86c145b06b22282f2d6635bb3,163,close
2023-05-30,1900.50000000,190050000000,8,1685491199,1685490947,252,6,0xe62b71cf983019bff55bc83b48601ce8419650cc,17375143,0x5c746d4eab121bc0ee20a2fa1e9ef685ab042f56b5fe63ce8c553d012809e578,167,close
2023-05-31,1874.20758000,187420758000,8,1685577599,1685577335,264,6,0xe62b71cf983019bff55bc83b48601ce8419650cc,17382243,0xd1233fe792a423f0acfc8fdf73f496f681a8ffcb3c4a88f119631799d7ab1ec1,45,close
2023-06-01,1861.16407940,186116407940,8,1685663999,1685663747,252,6,0xe62b71cf983019bff55bc83b48601ce8419650cc,17389343,0x5598d3616b68e33ee9f902a47eaaacad7c606505c1eeaed514edead87a3c165c,89,close
2023-06-02,1907.27745000,190727745000,8,1685750399,1685750135,264,6,0xe62b71cf983019bff55bc83b48601ce8419650cc,17396432,0x84f813ad01300cd2b25471b8791c9a5258c59cd7a365e765c69453abd153bba6,189,close
2023-06-03,1891.98000000,189198000000,8,1685836799,1685836535,264,6,0xe62b71cf983019bff55bc83b48601ce8419650cc,17403534,0x44f923aac94ee329d6310aab7028f0100e85e66aee582cc3443b2a84625eed65,116,close
2023-06-04,1890.25000000,189025000000,8,1685923199,1685922947,252,6,0xe62b71cf983019bff55bc83b48601ce8419650cc,17410625,0x77080948853c379f880d07bbb3cc3bc4aded9e51e3c1bd1691389142f999eb73,122,close
2023-06-05,1810.62000000,181062000000,8,1686009599,1686009347,252,6,0xe62b71cf983019bff55bc83b48601ce8419650cc,17417698,0xa16d7056c658cba8eb2209678217fc2a220fc1891421cbf4d45c3ed289e4fabc,110,close
2023-06-06,1882.90000000,188290000000,8,1686095999,1686095735,264,6,0xe62b71cf983019bff55bc83b48601ce8419650cc,17424792,0x2e64853d60bcb6c050c9e6881569a8902595958ba358a712cdabebd3e725c09a,158,close
2023-06-07,1833.20000000,183320000000,8,1686182399,1686182147,252,6,0xe62b71cf983019bff55bc83b48601ce8419650cc,17431883,0xcb2121dd8d30b143290c5b4910b84cd540d0445e984005007ed1e1c93bd64ba4,76,close
2023-06-08,1845.98323900,184598323900,8,1686268799,1686268535,264,6,0xe62b71cf983019bff55bc83b48601ce8419650cc,17438958,0xcb3d39cc99df1961fdbca25bd13417fd19831c0d9042d7f4cb2e9935e86f2a07,122,close
2023-06-09,1840.87120000,184087120000,8,1686355199,1686354923,276,6,0xe62b71cf983019bff55bc83b48601ce8419650cc,17446057,0xce4e66605ad3345383a8d18938794f61ed0ae7ffd48eabd8d23008d719788847,86,close
2023-06-10,1752.57500000,175257500000,8,1686441599,1686441347,252,6,0xe62b71cf983019bff55bc83b48601ce8419650cc,17453164,0xea616946d82f4b69d43ceb7d6dea30fe66e140e56b96bc20b4030584ed55451b,33,close
2023-06-11,1752.43460000,175243460000,8,1686527999,1686527735,264,6,0xe62b71cf983019bff55bc83b48601ce8419650cc,17460258,0x8d3d51e25afd0c42401c11a07a12c22e2bd447f9c39e1eca8ef2c7e85ee83459,47,close
2023-06-12,1741.82522436,174182522436,8,1686614399,1686614123,276,6,0xe62b71cf983019bff55bc83b48601ce8419650cc,17467361,0x85e9fb024c629ac006e9757db8a3ba749d22596f0dbb1641902a2645b71ada2a,381,close
2023-06-13,1738.63000000,173863000000,8,1686700799,1686700523,276,6,0xe62b71cf983019bff55bc83b48601ce8419650cc,17474473,0x7af49401a254872fb9784d13369b0eeba4ff03fd9ad7ef769aa0d9cf4e2b0f87,110,close
2023-06-14,1650.25000000,165025000000,8,1686787199,1686786947,252,6,0xe62b71cf983019bff55bc83b48601ce8419650cc,17481571,0x5867832ca5c24ecfe566c180e4dcb2ed06426768d3b4d613a86113418653d35b,77,close
2023-06-15,1664.71000000,166471000000,8,1686873599,1686873335,264,6,0xe62b71cf983019bff55bc83b48601ce8419650cc,17488677,0x3ef1e950571782331e9e9b20e90842c5e6ee018b93ebb892b234feeeb3183913,109,close
2023-06-16,1717.17350000,171717350000,8,1686959999,1686959903,96,6,0xe62b71cf983019bff55bc83b48601ce8419650cc,17495811,0xba3083ccb15f5ab7556699c8b4d003dc186eaecec6d4a4e913c17cc3d5286ffc,126,close
2023-06-17,1727.70000000,172770000000,8,1687046399,1687046135,264,6,0xe62b71cf983019bff55bc83b48601ce8419650cc,17502939,0xa8d9c1fe3a249d6147a7368bf6a7515087086af1f712a3c10e992c83f43755e2,109,close
2023-06-18,1720.16053000,172016053000,8,1687132799,1687132523,276,6,0xe62b71cf983019bff55bc83b48601ce8419650cc,17510064,0x85cb238ef3fd82f0e31464e3b8ac6b69bc6c6ccde7d53a16c78defdfd782307e,75,close
2023-06-19,1734.74648497,173474648497,8,1687219199,1687218947,252,6,0xe62b71cf983019bff55bc83b48601ce8419650cc,17517187,0x5765df45d796dcc28b76d84019787c4cfbeccb51e5107c849c1f3abee0d51a56,65,close
2023-06-20,1792.60000000,179260000000,8,1687305599,1687305347,252,6,0xe62b71cf983019bff55bc83b48601ce8419650cc,17524307,0x0540dbe2b5897b062b83bc16d7d6f87ecc9279e9eabbf756dd1036e408c3581a,176,close
2023-06-21,1891.60233848,189160233848,8,1687391999,1687391735,264,6,0xe62b71cf983019bff55bc83b48601ce8419650cc,17531441,0xf8ee0c02c1b4c6c1427e98cb6d8589e4ee7cc63c7dd005e164294a1e6b40ca84,89,close
2023-06-22,1872.80000000,187280000000,8,1687478399,1687478135,264,6,0xe62b71cf983019bff55bc83b48601ce8419650cc,17538555,0x0c81c1fc6a16d222099b8d9c04e745b04d7c3150ead7b6b3b2c21439e1065712,111,close
2023-06-23,1891.07000000,189107000000,8,1687564799,1687564523,276,6,0xe62b71cf983019bff55bc83b48601ce8419650cc,17545665,0x590db4195c9d5006e776ef6b03ede76c764cc055b0fc44bc9bc5170e99a9055e,109,close
2023-06-24,1877.43790000,187743790000,8,1687651199,1687650947,252,6,0xe62b71cf983019bff55bc83b48601ce8419650cc,17552777,0xc89f700ea756a98511c7a1b5d98bfb6ca2ce0ad9edb7b3ef636e9ca1e0962343,119,close
2023-06-25,1900.17000000,190017000000,8,1687737599,1687737347,252,6,0xe62b71cf983019bff55bc83b48601ce8419650cc,17559886,0x94fe75673a611294857eaf5d1e2531a8ba840cd392dcfddb835834baf82061ff,230,close
2023-06-26,1859.57000000,185957000000,8,1687823999,1687823747,252,6,0xe62b71cf983019bff55bc83b48601ce8419650cc,17566991,0xc085e0af4857d0d762437a8619bd57a7c9b0bacba447b11bbf399ab61192e7e8,34,close
2023-06-27,1890.34767000,189034767000,8,1687910399,1687910147,252,6,0xe62b71cf983019bff55bc83b48601ce8419650cc,17574088,0x14d458dc6f5f5981fdb5c5248f7f8754f338644192748d5e680e726086223b66,83,close
2023-06-28,1828.20000000,182820000000,8,1687996799,1687996547,252,6,0xe62b71cf983019bff55bc83b48601ce8419650cc,17581232,0xe249d457c79b367c4dd9542256ecf49259a6759e520b0ecda4e3b97b5d0634aa,199,close
2023-06-29,1852.83000000,185283000000,8,1688083199,1688082923,276,6,0xe62b71cf983019bff55bc83b48601ce8419650cc,17588362,0x7bcf248148e14d0894430fd5d39d05748ebd60ade1da9ccfb4a54abaafa0d139,185,close
2023-06-30,1934.15000000,193415000000,8,1688169599,1688169335,264,6,0xe62b71cf983019bff55bc83b48601ce8419650cc,17595487,0x87dc23ba78691a213918ca91233e675dacde0a4fd40690d09d8c7ebcb840e48f,103,close
2023-07-01,1924.99852872,192499852872,8,1688255999,1688255723,276,6,0xe62b71cf983019bff55bc83b48601ce8419650cc,17602596,0x7dad77a8b2ab050fc35686a09dbe976a885e3fec84939e87b64bb6c212fbd960,158,close
2023-07-02,1936.77500000,193677500000,8,1688342399,1688342147,252,6,0xe62b71cf983019bff55bc83b48601ce8419650cc,17609728,0xe26f6dae7fd32691d68f73a91181f89a7720eeb30c558806c35d2fead1eb4e36,258,close
2023-07-03,1954.42156673,195442156673,8,1688428799,1688428535,264,6,0xe62b71cf983019bff55bc83b48601ce8419650cc,17616839,0x14063776fc5c850bdfa61337a4e07eaade29a93d86ffd5768d72cdfc60209615,104,close
2023-07-04,1936.42151402,193642151402,8,1688515199,1688514935,264,6,0xe62b71cf983019bff55bc83b48601ce8419650cc,17623951,0x9619f2e34657e7d7db812774766c65588a31433d5fa1bbcc2387f0397e4b206c,33,close
2023-07-05,1910.67735000,191067735000,8,1688601599,1688601335,264,6,0xe62b71cf983019bff55bc83b48601ce8419650cc,17631085,0xb922ca6d10f5f6fc3e6740cfdb5e69a2d89e90261e79e53b9f81b01f4c4a9e8d,119,close
2023-07-06,1854.14210000,185414210000,8,1688687999,1688687735,264,6,0xe62b71cf983019bff55bc83b48601ce8419650cc,17638202,0x3c23625b84199a8a456eee9f0d4d56479724f2efc400cf5e6af2f3b232ebdb0d,364,close
2023-07-07,1870.02380000,187002380000,8,1688774399,1688774135,264,6,0xe62b71cf983019bff55bc83b48601ce8419650cc,17645324,0x3fb209f451c6dc58a0efe8a08dadf78ca554704332df19e016fb0039aa0a5724,86,close
2023-07-08,1864.20800000,186420800000,8,1688860799,1688860547,252,6,0xe62b71cf983019bff55bc83b48601ce8419650cc,17652438,0x4a073721577f60e5e8a8663ee49b2551562693cf85fafdb5c26aa4e9e4c9d71d,66,close
2023-07-09,1862.83913667,186283913667,8,1688947199,1688946935,264,6,0xe62b71cf983019bff55bc83b48601ce8419650cc,17659549,0xade7aa84ba9d0f251ea6487865efa4112eaa74a8e376a325ae64c448b9de9adf,105,close
2023-07-10,1880.44087000,188044087000,8,1689033599,1689033323,276,6,0xe62b71cf983019bff55bc83b48601ce8419650cc,17666652,0x84cb0b9462922090088eb9675404dc49798449093274390796b3b6b641e50cc4,270,close
2023-07-11,1878.00880000,187800880000,8,1689119999,1689119747,252,6,0xe62b71cf983019bff55bc83b48601ce8419650cc,17673767,0x22077bc5fbdf02e8cdafc2c0ab3a07a69627226316ea307badec96874504d184,10,close
2023-07-12,1871.88000000,187188000000,8,1689206399,1689206135,264,6,0xe62b71cf983019bff55bc83b48601ce8419650cc,17680876,0x4a43ee6b2922786ebc1c3798bc29de5bed37fe82fc10d09b21199bce5e176b25,150,close
2023-07-13,2004.13232090,200413232090,8,1689292799,1689292547,252,6,0xe62b71cf983019bff55bc83b48601ce8419650cc,17687981,0x6a72c03033e25bfddb05f01a513c0d5680984777b23c3c92b8ba2889b7f57911,265,close
2023-07-14,1938.29716997,193829716997,8,1689379199,1689378935,264,6,0xe62b71cf983019bff55bc83b48601ce8419650cc,17695089,0xff4d4093fcfbf5015eb4b6222ef9965e74a5a2770e411f47a515bf00b6c17f17,205,close
2023-07-15,1931.08000000,193108000000,8,1689465599,1689465335,264,6,0xe62b71cf983019bff55bc83b48601ce8419650cc,17702147,0x24ca055e1ba8b5407ec5fc020c9d56e39fdf3e75c372dd1087b961a01fd9fcf5,52,close
2023-07-16,1922.50000000,192250000000,8,1689551999,1689551747,252,6,0xe62b71cf983019bff55bc83b48601ce8419650cc,17709252,0x9f01838694b892f9a36c45d3e1e3a21532aa3ab89fa4fef534fc197fcf5a9d8e,198,close
2023-07-17,1913.11076473,191311076473,8,1689638399,1689638135,264,6,0xe62b71cf983019bff55bc83b48601ce8419650cc,17716387,0xa33a788fba3e90ff33751d159f083f71baac762dad40f0ca074e298397963b1e,51,close
2023-07-18,1897.47408178,189747408178,8,1689724799,1689724523,276,6,0xe62b71cf983019bff55bc83b48601ce8419650cc,17723514,0x09bdb07c1572cf8a725d3b73d4e9753630a4d3a5bcf7a9f74fdfd121132eb9cc,249,close
2023-07-19,1890.47694609,189047694609,8,1689811199,1689810947,252,6,0xe62b71cf983019bff55bc83b48601ce8419650cc,17730646,0x66d2a2a7728ef67509dd8b9c02243275c86c48eb2ef42a5bf83f3067e16772fd,169,close
2023-07-20,1890.80230000,189080230000,8,1689897599,1689897359,240,6,0xe62b71cf983019bff55bc83b48601ce8419650cc,17737790,0xd0a4a8657164cd497544b869f5fd5d4de4f293abff2635c667628ccf2f887964,300,close
2023-07-21,1892.15000000,189215000000,8,1689983999,1689983723,276,6,0xe62b71cf983019bff55bc83b48601ce8419650cc,17744927,0x7620c22021a00fc379f9850cf2244599f5ba710198949ef4339fcb1882b773f3,174,close
2023-07-22,1863.36000000,186336000000,8,1690070399,1690070135,264,6,0xe62b71cf983019bff55bc83b48601ce8419650cc,17752079,0x7cf28e85ecd4ae38299fff794425488e70c56a720751c10f5067eb8b0ee0c46e,201,close
2023-07-23,1889.22615162,188922615162,8,1690156799,1690156535,264,6,0xe62b71cf983019bff55bc83b48601ce8419650cc,17759228,0xf12c5314b704ab464aa3cf187b591b5d8589b618e2f80656ba8b646f513316ce,128,close
2023-07-24,1850.47000000,185047000000,8,1690243199,1690242947,252,6,0xe62b71cf983019bff55bc83b48601ce8419650cc,17766377,0x4c680d5ece4e276b1c0773580fd406c94859b930e3e684f4f9dbc3abeef6f019,126,close
2023-07-25,1857.87017000,185787017000,8,1690329599,1690329335,264,6,0xe62b71cf983019bff55bc83b48601ce8419650cc,17773516,0x6570c29e67dee6460e464c08100518f4becbed0081d353b86a4b48838e545646,153,close
2023-07-26,1871.37000000,187137000000,8,1690415999,1690415723,276,6,0xe62b71cf983019bff55bc83b48601ce8419650cc,17780668,0xcca080592894d2b3ce391cdc1e5523e9822dfa4ac5b99e1a2d754ebe5891ac16,264,close
2023-07-27,1860.36778200,186036778200,8,1690502399,1690502159,240,6,0xe62b71cf983019bff55bc83b48601ce8419650cc,17787817,0x32f3f4ff1c457e3301182812f3ede58e77c57518461f9d11ad1e099f870d7050,93,close
2023-07-28,1874.47106763,187447106763,8,1690588799,1690588547,252,6,0xe62b71cf983019bff55bc83b48601ce8419650cc,17794960,0x5987cb9f73f4f7d6ea6b89c5b6c09d48f27f105a27111d1e543c02ea54aa93a5,99,close
2023-07-29,1881.25932219,188125932219,8,1690675199,1690674935,264,6,0xe62b71cf983019bff55bc83b48601ce8419650cc,17802108,0xdf01d5814af3dbd675c4182be75d0ecfc6acf95b12f87c4d010d3d64c717858f,21,close
2023-07-30,1861.87518000,186187518000,8,1690761599,1690761335,264,6,0xe62b71cf983019bff55bc83b48601ce8419650cc,17809252,0x38c3464c0a4181472278cdbf8fa3bcfb8ec9dd920496ec77cd1d6a04b55ab8ac,164,close
2023-07-31,1855.92389000,185592389000,8,1690847999,1690847747,252,6,0xe62b71cf983019bff55bc83b48601ce8419650cc,17816412,0x5fc5fb7a54a2f7149ff70e446eef396bb49284f236e69429d96cb05cee89fa9f,250,close
2023-08-01,1870.25605222,187025605222,8,1690934399,1690934123,276,6,0xe62b71cf983019bff55bc83b48601ce8419650cc,17823571,0x0dbe3c336bbec665f836615dcd1b0c9e28fc8fbb6a937dcc45a54431076ab41f,200,close
2023-08-02,1837.37000000,183737000000,8,1691020799,1691020535,264,6,0xe62b71cf983019bff55bc83b48601ce8419650cc,17830733,0x48665fdec4821e61f73f89fdbae232ad046aa38c33391e5c040df1cfb4369f97,308,close
2023-08-03,1835.01000000,183501000000,8,1691107199,1691106923,276,6,0xe62b71cf983019bff55bc83b48601ce8419650cc,17837877,0xf6be0ac7a0ed37f45fa0b880baf58f6764238e6e45b64dbcd1e8e56495bb103b,85,close
2023-08-04,1827.94000000,182794000000,8,1691193599,1691193335,264,6,0xe62b71cf983019bff55bc83b48601ce8419650cc,17845030,0xa84c47fe61a197a2bcbe927f828ffe199bbed03465895ed304b7c3e0e0d27fd8,175,close
2023-08-05,1835.63753688,183563753688,8,1691279999,1691279723,276,6,0xe62b71cf983019bff55bc83b48601ce8419650cc,17852184,0x645cb0bd7eb3754a436c671d9c72fd74214be093a9944a16bde005ab3d8408c6,249,close
2023-08-06,1827.32770000,182732770000,8,1691366399,1691366147,252,6,0xe62b71cf983019bff55bc83b48601ce8419650cc,17859324,0xa63720972f497e5c0b4bab7c48c571cfce9f6d7f8687abf9e72cf9b07ae81442,902,close
2023-08-07,1826.95000000,182695000000,8,1691452799,1691452547,252,6,0xe62b71cf983019bff55bc83b48601ce8419650cc,17866466,0x9285c72316c32c84f93e30b411f864745850741fa6dc0e31fd59149a14d313c9,140,close
2023-08-08,1855.65548000,185565548000,8,1691539199,1691538935,264,6,0xe62b71cf983019bff55bc83b48601ce8419650cc,17873608,0x02608ae1344bbb3f710129ca2c08831ceafdcc94e483074401cd9db763869a28,242,close
2023-08-09,1855.37883514,185537883514,8,1691625599,1691625383,216,6,0xe62b71cf983019bff55bc83b48601ce8419650cc,17880758,0xa9fec895060e5cd3f8ab1006ffd2d48b243f01ca582f573ce0f81d003cc6c522,309,close
2023-08-10,1851.15979550,185115979550,8,1691711999,1691711747,252,6,0xe62b71cf983019bff55bc83b48601ce8419650cc,17887901,0x7dbceb1fdfe035407bff9aee78788304bb41d29941af84f66a57b1e5b6a6fead,224,close
2023-08-11,1847.64000000,184764000000,8,1691798399,1691798135,264,6,0xe62b71cf983019bff55bc83b48601ce8419650cc,17895048,0xe7d085836e0bf03b6daa5f52a60107db7a139b7b7577cda7e7b721b5a889a527,112,close
2023-08-12,1848.97000000,184897000000,8,1691884799,1691884523,276,6,0xe62b71cf983019bff55bc83b48601ce8419650cc,17902193,0x21f157097510ac7d8f117bf5c3fb5ad99b9996daf7067c372d08f4139b241cce,124,close
2023-08-13,1839.36252500,183936252500,8,1691971199,1691970947,252,6,0xe62b71cf983019bff55bc83b48601ce8419650cc,17909352,0xbd02a77e39b62187ab993724f364e6ad105bf82a8c8f6f6e994a673b3ef1d0aa,1030,close
2023-08-14,1844.00590000,184400590000,8,1692057599,1692057323,276,6,0xe62b71cf983019bff55bc83b48601ce8419650cc,17916502,0xdf65923282bf4a3258b677308e60cb9d9066ff34cd322baaebc9e8bda2bfbbb8,270,close
2023-08-15,1826.97523053,182697523053,8,1692143999,1692143783,216,6,0xe62b71cf983019bff55bc83b48601ce8419650cc,17923657,0x1021ad8a1d498cc198c0da037d80db8dd12e8f3aafd4154517201b820192ee73,136,close
2023-08-16,1806.41303008,180641303008,8,1692230399,1692230135,264,6,0xe62b71cf983019bff55bc83b48601ce8419650cc,17930805,0x64eaa9787032ad06581a0a93b2595060bb7010210db642e8de84b2323ff4ad48,67,close
2023-08-17,1683.55000000,168355000000,8,1692316799,1692316523,276,6,0xe62b71cf983019bff55bc83b48601ce8419650cc,17937944,0xc87eea4cc1028355f5427f84847233387e05a172c65f619f27692f9329066332,225,close
2023-08-18,1661.44000000,166144000000,8,1692403199,1692402935,264,6,0xe62b71cf983019bff55bc83b48601ce8419650cc,17945086,0xaef4e515a58431789039ac79deb0f3e4565a226cee72ec87892b6002f41317f9,83,close
2023-08-19,1668.70000000,166870000000,8,1692489599,1692489359,240,6,0xe62b71cf983019bff55bc83b48601ce8419650cc,17952231,0x219a17cb76a8728ae87fdf9ce6ff03dacdbf42fd7a710bead5497a8b52ed5b8e,115,close
2023-08-20,1684.01000000,168401000000,8,1692575999,1692575747,252,6,0xe62b71cf983019bff55bc83b48601ce8419650cc,17959372,0xf80791903bad7e2ec90eb3b931e3b8412b8ca4d428710247c38e99c2f7925939,102,close
2023-08-21,1667.12000000,166712000000,8,1692662399,1692662135,264,6,0xe62b71cf983019bff55bc83b48601ce8419650cc,17966515,0x2b44aa01a802deb250be52dffc0007d64f34e1f4089ade551313a08744dce4dd,166,close
2023-08-22,1634.26500000,163426500000,8,1692748799,1692748547,252,6,0xe62b71cf983019bff55bc83b48601ce8419650cc,17973670,0x548bec332f7fb5be203752f41c109728ed2cd3dbade6adf24c7babd6e43430dd,224,close
2023-08-23,1678.15000000,167815000000,8,1692835199,1692834935,264,6,0xe62b71cf983019bff55bc83b48601ce8419650cc,17980827,0x1c2cf8dee5646055b25125d0cf04718d6ceb282f77f5cce56191b35d45330a49,99,close
2023-08-24,1659.22481410,165922481410,8,1692921599,1692921335,264,6,0xe62b71cf983019bff55bc83b48601ce8419650cc,17987972,0x77da3a848cbe0cd59f937c9bda091a27a8f7b9047c7727a54f25770eb457a03d,284,close
2023-08-25,1653.26267000,165326267000,8,1693007999,1693007723,276,6,0xe62b71cf983019bff55bc83b48601ce8419650cc,17995116,0x36ee17f2b5ecc33d170e07c2f77ae120b06e64ef47252d207d92d895b6c704d2,140,close
2023-08-26,1646.09000000,164609000000,8,1693094399,1693094195,204,6,0xe62b71cf983019bff55bc83b48601ce8419650cc,18002267,0x7dc3f9e65d74494da7feb65cdb4af26dac85e942ef06ee5895815722212f9e8d,18,close
2023-08-27,1657.02000000,165702000000,8,1693180799,1693180523,276,6,0xe62b71cf983019bff55bc83b48601ce8419650cc,18009403,0xf1b278384e1e4067c6f40ab07af6d244fa011fd681ab0b12485bac20dfcd81b8,201,close
2023-08-28,1653.36747000,165336747000,8,1693267199,1693267007,192,6,0xe62b71cf983019bff55bc83b48601ce8419650cc,18016557,0xc6a5e51f756fbad3876c716b6c6bde60274ce205f1ed2109eba6a0dad38bf19c,193,close
2023-08-29,1728.05000000,172805000000,8,1693353599,1693353335,264,6,0xe62b71cf983019bff55bc83b48601ce8419650cc,18023681,0xdb404d41a2e11ba567f99d489d371fe03761b5bd485992d0feaae5573a7a4800,209,close
2023-08-30,1704.97176490,170497176490,8,1693439999,1693439723,276,6,0xe62b71cf983019bff55bc83b48601ce8419650cc,18030818,0x966f74ab907a3c30d0eba49bdc57327c5aa7d243ce69713dcd715ad18a267d7c,281,close
2023-08-31,1645.66500000,164566500000,8,1693526399,1693526195,204,6,0xe62b71cf983019bff55bc83b48601ce8419650cc,18037970,0x50f11c5764f4d1d9da5c4365abf7adc037a5531da4f91efbd58a632f2c20efcc,98,close
2023-09-01,1629.57000000,162957000000,8,1693612799,1693612535,264,6,0xe62b71cf983019bff55bc83b48601ce8419650cc,18045107,0x66f9b1c974c2ddcb12f7550098aeadb50a75ffc9dd41184d7bf98d0cadbd40bc,23,close
2023-09-02,1636.43040000,163643040000,8,1693699199,1693698947,252,6,0xe62b71cf983019bff55bc83b48601ce8419650cc,18052232,0x77e5fcebdcd1f697921c683e426b5dda31263bf20410730e1aa40d5383fa5d3d,234,close
2023-09-03,1635.90878000,163590878000,8,1693785599,1693785335,264,6,0xe62b71cf983019bff55bc83b48601ce8419650cc,18059376,0xbb0c0705c54a1cea0b68b5e2ba804620df1581d065499fdbd15af8f76f1424ff,908,close
2023-09-04,1630.59040000,163059040000,8,1693871999,1693871735,264,6,0xe62b71cf983019bff55bc83b48601ce8419650cc,18066538,0x4b3b4075f2514ab326e984fbab98ca9ceb498a36a544b0e755ced59333309b60,141,close
2023-09-05,1633.41898000,163341898000,8,1693958399,1693958123,276,6,0xe62b71cf983019bff55bc83b48601ce8419650cc,18073678,0x1196938d82e2cfbd3e794c50c5254b3a2a2bd30f07fe68d11c9fb4e0578e5ec8,164,close
2023-09-06,1632.75553200,163275553200,8,1694044799,1694044547,252,6,0xe62b71cf983019bff55bc83b48601ce8419650cc,18080813,0xb506febdc87eb0b24ff3f90a6b6df5fba8ea7da186107c2ce48b1091894e48a0,50,close
2023-09-07,1645.90403039,164590403039,8,1694131199,1694130923,276,6,0xe62b71cf983019bff55bc83b48601ce8419650cc,18087963,0x70abaa7bc7495548b57ad1a5d921c0e27987e0199b75d05314f0d7d654b2e833,162,close
2023-09-08,1635.99509577,163599509577,8,1694217599,1694217347,252,6,0xe62b71cf983019bff55bc83b48601ce8419650cc,18095104,0x7f1eda899c072141d4f56edb308448dadaedbe12db04ee370d5305a8489d9c99,24,close
2023-09-09,1634.85500000,163485500000,8,1694303999,1694303735,264,6,0xe62b71cf983019bff55bc83b48601ce8419650cc,18102240,0x1d987a61eccc7da158ccd2f5a4d87ad456442df5e92477c88ac6f972be5ed3b2,57,close
2023-09-10,1617.53000000,161753000000,8,1694390399,1694390123,276,6,0xe62b71cf983019bff55bc83b48601ce8419650cc,18109379,0xbfd110c442773e6f6c45789b0e032ab719d0b68fc4139f85e4ad486c35ebf016,265,close
2023-09-11,1549.79000000,154979000000,8,1694476799,1694476535,264,6,0xe62b71cf983019bff55bc83b48601ce8419650cc,18116521,0xa5dd6d1f95caa846fb513a6aff9c110970e16d92fbf727647b1f1d33dcaaac98,279,close
2023-09-12,1593.97000000,159397000000,8,1694563199,1694562935,264,6,0xe62b71cf983019bff55bc83b48601ce8419650cc,18123655,0x6509da0001a28e8e8f089d6bab55ae6b435279e30f6bd77ab534e9ff48e4cb02,473,close
2023-09-13,1607.94000000,160794000000,8,1694649599,1694649323,276,6,0xe62b71cf983019bff55bc83b48601ce8419650cc,18130785,0x22b1fb98192c27f2f9c584a1508915d1c027f34fccc275ac4924cc18bbbbe225,245,close
2023-09-14,1626.80190192,162680190192,8,1694735999,1694735795,204,6,0xe62b71cf983019bff55bc83b48601ce8419650cc,18137911,0xd2408f6de9e71c8e60701eafc120548f20a1403f1905e6a6e179568108059445,304,close
2023-09-15,1642.59000000,164259000000,8,1694822399,1694822123,276,6,0xe62b71cf983019bff55bc83b48601ce8419650cc,18144996,0x0d8f93725d6635ff226c60077bc4413f348ce783380691a8fdbab55a3c75c20f,204,close
2023-09-16,1634.92000000,163492000000,8,1694908799,1694908535,264,6,0xe62b71cf983019bff55bc83b48601ce8419650cc,18152079,0x0283cf637ca4ac0ded5f490aec07ef5d77f89b26fe42ed8a97e74863b2915588,198,close
2023-09-17,1623.19000000,162319000000,8,1694995199,1694994935,264,6,0xe62b71cf983019bff55bc83b48601ce8419650cc,18159120,0x7d785eac4c25a0cb327d257f31429f271b4d2fff40b6f93903131ebcc62cfcc3,193,close
2023-09-18,1636.97920371,163697920371,8,1695081599,1695081335,264,6,0xe62b71cf983019bff55bc83b48601ce8419650cc,18166232,0x564a1b2318dd8569d2a5970f6f01ff67b772109c8e761a968e03449b9d6e8bb5,53,close
2023-09-19,1643.74533000,164374533000,8,1695167999,1695167723,276,6,0xe62b71cf983019bff55bc83b48601ce8419650cc,18173368,0x42ee9c4d9bbcb80e68a4af455d6430c928e8aa07a4754b23a3a9cda6f192fd49,104,close
2023-09-20,1622.74295600,162274295600,8,1695254399,1695254135,264,6,0xe62b71cf983019bff55bc83b48601ce8419650cc,18180519,0xf59deba0eaf368ed03acf5f822bed1dcb49203b841183b052c80a4c353dc7ab8,71,close
2023-09-21,1583.83690000,158383690000,8,1695340799,1695340523,276,6,0xe62b71cf983019bff55bc83b48601ce8419650cc,18187658,0xfe8e6cf03786a51ac54fffe88f3f3d9730509be73906c6165ac5a20173ff62aa,73,close
2023-09-22,1593.19200000,159319200000,8,1695427199,1695426947,252,6,0xe62b71cf983019bff55bc83b48601ce8419650cc,18194787,0x11d512d0957bed987422bef65ae269eb008665e390db65f55f98096ad83eb642,29,close
2023-09-23,1593.93100000,159393100000,8,1695513599,1695513335,264,6,0xe62b71cf983019bff55bc83b48601ce8419650cc,18201928,0xeef9689e786ae350ecdb18b3fa03f85524f1904c459b76d9f7490f27c1b46cef,94,close
2023-09-24,1580.97494000,158097494000,8,1695599999,1695599747,252,6,0xe62b71cf983019bff55bc83b48601ce8419650cc,18209069,0xd83bd2a3982978a844502f30b7b9e549fe8c43c861e178d526375e025f256a5a,145,close
2023-09-25,1588.71221000,158871221000,8,1695686399,1695686135,264,6,0xe62b71cf983019bff55bc83b48601ce8419650cc,18216216,0x51cb8f0d91f3f27962a969d10fd9c630cc77cfaa63461d737a04dd76e4042f65,107,close
2023-09-26,1592.54976287,159254976287,8,1695772799,1695772523,276,6,0xe62b71cf983019bff55bc83b48601ce8419650cc,18223363,0x50aed1b76362af0344c153952f2ff7879c437d5f6bf69b8576256c44e60e2932,101,close
2023-09-27,1597.51633559,159751633559,8,1695859199,1695858935,264,6,0xe62b71cf983019bff55bc83b48601ce8419650cc,18230508,0x5fcfb9a629192a73365e94c73cddf9c563b1d55a5ac2af29dc72ce7e41c56341,286,close
2023-09-28,1652.40807731,165240807731,8,1695945599,1695945335,264,6,0xe62b71cf983019bff55bc83b48601ce8419650cc,18237643,0x7cde6c12cc185ec313c4743c7362c9687323049021ba80d4be054ffca4b4b636,255,close
2023-09-29,1667.63106387,166763106387,8,1696031999,1696031807,192,6,0xe62b71cf983019bff55bc83b48601ce8419650cc,18244788,0x3a4616c1480f8be48a745ef291509a37af7be4738b477888d8672eb99d15f1ce,107,close
2023-09-30,1671.36330000,167136330000,8,1696118399,1696118135,264,6,0xe62b71cf983019bff55bc83b48601ce8419650cc,18251942,0x54a71921cd0e3dba21f574aa11f42316f202bbbda500dc4e8d60efe718e0736d,109,close
2023-10-01,1733.18061000,173318061000,8,1696204799,1696204547,252,6,0xe62b71cf983019bff55bc83b48601ce8419650cc,18259102,0x5b140bbf2c35fb6c5570606d163d05fe4c243e4dd09fa92786b30a72ff399e5a,120,close
2023-10-02,1664.37143000,166437143000,8,1696291199,1696290935,264,6,0xe62b71cf983019bff55bc83b48601ce8419650cc,18266270,0x50f2cd9a95a26a3736d506d5ed5783c6697dab408eb254c997f425fda54ede28,122,close
2023-10-03,1656.34460290,165634460290,8,1696377599,1696377323,276,6,0xe62b71cf983019bff55bc83b48601ce8419650cc,18273413,0x3343934276e1eeb4424e34c02d4dfe05a9c66cb1eb26dfb1660f7617e8cdb10e,341,close
2023-10-04,1647.27309644,164727309644,8,1696463999,1696463747,252,6,0xe62b71cf983019bff55bc83b48601ce8419650cc,18280572,0x3e17cc393fbe9d24561cc8b900fc05e88a7a7fd17ee2409b378bd24fa82a7110,235,close
2023-10-05,1611.38320000,161138320000,8,1696550399,1696550135,264,6,0xe62b71cf983019bff55bc83b48601ce8419650cc,18287721,0xced0d4d70898c25e7911be2a2afa5a437e6ac9f8fcc792d79b4aa7f2109bd26c,28,close
2023-10-06,1645.67000000,164567000000,8,1696636799,1696636523,276,6,0xe62b71cf983019bff55bc83b48601ce8419650cc,18294871,0xd0a4a80830b7c255621e08080ff4fd0369a815bc7c993b0c3e9c36bb102bf567,156,close
2023-10-07,1634.56239197,163456239197,8,1696723199,1696722935,264,6,0xe62b71cf983019bff55bc83b48601ce8419650cc,18302026,0x27db00c4c93997103881145d989e854d4b358cd040a6744c5871d3a0af85e0f5,25,close
2023-10-08,1633.76338195,163376338195,8,1696809599,1696809323,276,6,0xe62b71cf983019bff55bc83b48601ce8419650cc,18309174,0xaca423f247b1120c057895f04808d3192c5ecbdb82fc38b0efae0471468abe30,69,close
2023-10-09,1580.67620000,158067620000,8,1696895999,1696895759,240,6,0xe62b71cf983019bff55bc83b48601ce8419650cc,18316319,0x95545b7ee2e4949015a0310e5f7b3675c6d79cdeb574c5b7294a1b9774d9d2aa,64,close
2023-10-10,1567.56000000,156756000000,8,1696982399,1696982147,252,6,0xe62b71cf983019bff55bc83b48601ce8419650cc,18323468,0xbf44c7d779318c6eb9526103803c74e48cce59af7b0526c8f91f8a91fead3173,53,close
2023-10-11,1564.45000000,156445000000,8,1697068799,1697068535,264,6,0xe62b71cf983019bff55bc83b48601ce8419650cc,18330602,0x57267788b99233d74aa06a1b4516201c4ef4f0fc77b4ab177344c14eb7bf184d,160,close
2023-10-12,1538.50000000,153850000000,8,1697155199,1697154995,204,6,0xe62b71cf983019bff55bc83b48601ce8419650cc,18337751,0xdddfc93a27737e735f5c642648f4317e6a8fe1f15b66fdf266e4e4377c6cd283,147,close
2023-10-13,1551.10000000,155110000000,8,1697241599,1697241323,276,6,0xe62b71cf983019bff55bc83b48601ce8419650cc,18344883,0x2d348d8da529a19047d8be6c10a68316693ad0a978b4becd27d115a2a6199711,121,close
2023-10-14,1555.42292810,155542292810,8,1697327999,1697327747,252,6,0xe62b71cf983019bff55bc83b48601ce8419650cc,18352037,0x5347ad681f78ad3550302b9367e0222fd950f1f6de9757b2046f24889a360c46,89,close
2023-10-15,1557.17451711,155717451711,8,1697414399,1697414159,240,6,0xe62b71cf983019bff55bc83b48601ce8419650cc,18359193,0x9e4cb8de4fdf60cced6dae0f5368f24251595628be66fe19a2c3e6a943751bb5,135,close
2023-10-16,1601.03125248,160103125248,8,1697500799,1697500523,276,6,0xe62b71cf983019bff55bc83b48601ce8419650cc,18366355,0x174c142089bcf74be261d39f34b9396d23981547a1d05f21ba2f97784b10fdaf,327,close
2023-10-17,1565.68720615,156568720615,8,1697587199,1697586947,252,6,0xe62b71cf983019bff55bc83b48601ce8419650cc,18373507,0x246dbea3024fcaa2ba2a14ca3c5dd457054ac4fca86ee44d5494b19f5fa8a5eb,2,close
2023-10-18,1563.80290000,156380290000,8,1697673599,1697673335,264,6,0xe62b71cf983019bff55bc83b48601ce8419650cc,18380649,0x31e2d0014f62e24d086ddff075a9c851091536e6a0e33ba1301fc796a53b2110,130,close
2023-10-19,1567.24293000,156724293000,8,1697759999,1697759735,264,6,0xe62b71cf983019bff55bc83b48601ce8419650cc,18387796,0x16155b7f1555643ca8d5aeba444d362fae90242b77e4f55ad6baf1dfcda8bb99,167,close
2023-10-20,1604.37240000,160437240000,8,1697846399,1697846123,276,6,0xe62b71cf983019bff55bc83b48601ce8419650cc,18394951,0x7106883d415b14b561fd3345460d9fd37eaf168e422c4e861951f89d155dbd18,239,close
2023-10-21,1628.99000000,162899000000,8,1697932799,1697932547,252,6,0xe62b71cf983019bff55bc83b48601ce8419650cc,18402100,0x5eee6221093866296c231b68edd8f11de10116a16db77a63c9ff65ac100edbf5,286,close
2023-10-22,1661.71026000,166171026000,8,1698019199,1698018935,264,6,0xe62b71cf983019bff55bc83b48601ce8419650cc,18409243,0x5d4af7467fec4ee929eda7e68edb10915cc4f2a52982c44b68a8869b5b595049,224,close
2023-10-23,1764.75709456,176475709456,8,1698105599,1698105347,252,6,0xe62b71cf983019bff55bc83b48601ce8419650cc,18416385,0x03aaaed87c11ab9a0824b5990b4d34b2eec5b04bf1575dc96c550cd8bdeb367e,16,close
2023-10-24,1782.69740000,178269740000,8,1698191999,1698191747,252,6,0xe62b71cf983019bff55bc83b48601ce8419650cc,18423528,0x01498f76a0f1f3ccd895509574cd296726d041e0b2434faaff687a6a50283031,157,close
2023-10-25,1786.50000000,178650000000,8,1698278399,1698278135,264,6,0xe62b71cf983019bff55bc83b48601ce8419650cc,18430654,0x37e7198ca059ad88b6165dbcfd7f9c5c3e1c0fd2482c8a7f7d33231aa53a41ee,144,close
2023-10-26,1802.19222473,180219222473,8,1698364799,1698364523,276,6,0xe62b71cf983019bff55bc83b48601ce8419650cc,18437802,0x1980d98d4aaa87e028a82e8c39a0e6e11b3357c24797bcdfa21a1e8f241a1831,141,close
2023-10-27,1780.93000000,178093000000,8,1698451199,1698450947,252,6,0xe62b71cf983019bff55bc83b48601ce8419650cc,18444961,0x6ba7aa31c07ecd0f8778ffb08aaf679673c98723a0a973d5cbcd0d99ae0c41b0,158,close
2023-10-28,1776.76000000,177676000000,8,1698537599,1698537347,252,6,0xe62b71cf983019bff55bc83b48601ce8419650cc,18452106,0x08d096dd23755bcef1b19ba59c10d55de1e43dea8e150167ef416f564d906346,246,close
2023-10-29,1795.59857000,179559857000,8,1698623999,1698623723,276,6,0xe62b71cf983019bff55bc83b48601ce8419650cc,18459245,0xb41c60881aa088200286cc1082a8cf16db42088c92594a184943459cc5e79ee8,167,close
2023-10-30,1810.04000000,181004000000,8,1698710399,1698710147,252,6,0xe62b71cf983019bff55bc83b48601ce8419650cc,18466386,0xfce6f852e117f715331e0298c42a20a4fa40f2685135ce2b6af1eb227b370d44,216,close
2023-10-31,1816.00970000,181600970000,8,1698796799,1698796547,252,6,0xe62b71cf983019bff55bc83b48601ce8419650cc,18473521,0x91f49f04da9f42758b306303817dc8b54b3f809d5e0245532b1f3cee2c585eff,192,close
2023-11-01,1845.95264639,184595264639,8,1698883199,1698882935,264,6,0xe62b71cf983019bff55bc83b48601ce8419650cc,18480671,0x8c9eda39d60a1cca7c2dc67b0ff019c58f46979475c1653e481033d273b04cbf,137,close
2023-11-02,1799.56116675,179956116675,8,1698969599,1698969335,264,6,0xe62b71cf983019bff55bc83b48601ce8419650cc,18487802,0x309238883cc53bd11941d1f3207dbfd44cd505cef1c29464de76fed20673ab36,128,close
2023-11-03,1834.54162627,183454162627,8,1699055999,1699055723,276,6,0xe62b71cf983019bff55bc83b48601ce8419650cc,18494940,0x034efe582ea862ffbdfccf06be33a98875281106fe15f4b9ce6be0eaea44182c,141,close
2023-11-04,1856.72674697,185672674697,8,1699142399,1699142147,252,6,0xe62b71cf983019bff55bc83b48601ce8419650cc,18502078,0x68cb3d7f978ea72c55c34991579fc95cde98cc03acd177d3a0068da33054e1e4,164,close
2023-11-05,1894.22220200,189422220200,8,1699228799,1699228535,264,6,0xe62b71cf983019bff55bc83b48601ce8419650cc,18509210,0xebdd79efa56f1b8f7bbdd1ce1d21a8b4f23513455ae187b79102bfd9b8561628,293,close
2023-11-06,1900.21000000,190021000000,8,1699315199,1699314947,252,6,0xe62b71cf983019bff55bc83b48601ce8419650cc,18516351,0x6f497d7926d2b9354090756f07a15cf2d3918b04b7639680eb3b87027fa703f3,44,close
2023-11-07,1887.85513500,188785513500,8,1699401599,1699401335,264,6,0xe62b71cf983019bff55bc83b48601ce8419650cc,18523500,0x26193799d50aaa1100021055e56c1217b8ba2d51fe22f02881b7bee0174cc16e,146,close
2023-11-08,1891.56000000,189156000000,8,1699487999,1699487747,252,6,0xe62b71cf983019bff55bc83b48601ce8419650cc,18530655,0xabfc7cec6f1d419acc713a96d0e368c8f858649cb48fec5eb07ca84ebb6d6401,132,close
2023-11-09,2130.26180000,213026180000,8,1699574399,1699574135,264,6,0xe62b71cf983019bff55bc83b48601ce8419650cc,18537804,0x1f080fb065841d8f7b738ef9b3d5e27146c55640d085c493baa878ccb503efbf,283,close
2023-11-10,2079.00000000,207900000000,8,1699660799,1699660523,276,6,0xe62b71cf983019bff55bc83b48601ce8419650cc,18544957,0x60ad3a67d62190f77fab8da7c0fa814727a3d99d83ad9742c36d57b3c91e1d19,69,close
2023-11-11,2051.06228000,205106228000,8,1699747199,1699746947,252,6,0xe62b71cf983019bff55bc83b48601ce8419650cc,18552101,0x46142e389a99a9e2b4046647e8e2e4da82ae35d9fe9e8df517285a7c029b6a9d,213,close
2023-11-12,2044.53776091,204453776091,8,1699833599,1699833359,240,6,0xe62b71cf983019bff55bc83b48601ce8419650cc,18559247,0x3d66f56da5236bbc27999f766420f57d12dd169e63b80d164816347c3ecd4a04,172,close
2023-11-13,2059.75000000,205975000000,8,1699919999,1699919807,192,6,0xe62b71cf983019bff55bc83b48601ce8419650cc,18566402,0x17792f798c85591c9b6f98dc670f571e0c126fad950b0103a86d430840cbd93c,106,close
2023-11-14,1980.33186226,198033186226,8,1700006399,1700006135,264,6,0xe62b71cf983019bff55bc83b48601ce8419650cc,18573556,0x7e73c03c659f347dc880682799baa56882c0dba2082b642292f78c390e2d5657,97,close
2023-11-15,2060.21530000,206021530000,8,1700092799,1700092523,276,6,0xe62b71cf983019bff55bc83b48601ce8419650cc,18580703,0x874a46489f12b035e71f6f0130e3a4eea2d58e6745ee83441e620bae844928b8,105,close
2023-11-16,1963.23728360,196323728360,8,1700179199,1700178935,264,6,0xe62b71cf983019bff55bc83b48601ce8419650cc,18587860,0x0415da83d00cf34a429f978053f94b5e5297781b3c1e9858bb57c7d587d28993,206,close
2023-11-17,1958.34000000,195834000000,8,1700265599,1700265347,252,6,0xe62b71cf983019bff55bc83b48601ce8419650cc,18595010,0x0dcd6f2f8b0e6d5f6d3d2877939ccd0276d79db4bc463726914d8bb2eefd50b8,61,close
2023-11-18,1962.78419663,196278419663,8,1700351999,1700351735,264,6,0xe62b71cf983019bff55bc83b48601ce8419650cc,18602122,0x870470cf34b2f2e4d5776d686b49ce510293d1445beccba1f62e470d38e9efd4,85,close
2023-11-19,2012.35870777,201235870777,8,1700438399,1700438123,276,6,0xe62b71cf983019bff55bc83b48601ce8419650cc,18609260,0x9f11b771715fb7b1db7fb43f395672ed208a8b49519d0a8c720c11a00a6febad,84,close
2023-11-20,2022.66000000,202266000000,8,1700524799,1700524595,204,6,0xe62b71cf983019bff55bc83b48601ce8419650cc,18616413,0x6f785b4a1ee1d4a4454986c6d747cda131aba6ee9addb69cd3ea1304214339c3,47,close
2023-11-21,1942.84173433,194284173433,8,1700611199,1700610923,276,6,0xe62b71cf983019bff55bc83b48601ce8419650cc,18623551,0x53524eba5776cf777d86f3f95b19c2ceff3ffa11ffb69c455f841e235f5006e9,159,close
2023-11-22,2064.35189626,206435189626,8,1700697599,1700697407,192,6,0xe62b71cf983019bff55bc83b48601ce8419650cc,18630699,0x47dae127d8efa4b6434510eb01c0b85e0242c647a0fffa4510155cef97e855b0,57,close
2023-11-23,2061.34860000,206134860000,8,1700783999,1700783735,264,6,0xe62b71cf983019bff55bc83b48601ce8419650cc,18637838,0x3361ceb6fb070be7294d656772bf8d873e65fdaac90215b0c24ab681c320730b,223,close
2023-11-24,2080.94000000,208094000000,8,1700870399,1700870123,276,6,0xe62b71cf983019bff55bc83b48601ce8419650cc,18644971,0x353fc540deaf8817dd1689f63b7ef4811f6ceea47e8f03d2c9c30bf346c46bb8,10,close
2023-11-25,2085.07000000,208507000000,8,1700956799,1700956535,264,6,0xe62b71cf983019bff55bc83b48601ce8419650cc,18652118,0x533314e4356e8fb871c2dd06fd2aabde1efb5f8beaf58aea7c081c8dd82cba0b,218,close
2023-11-26,2064.44605650,206444605650,8,1701043199,1701042923,276,6,0xe62b71cf983019bff55bc83b48601ce8419650cc,18659252,0xe1ef8412704122d455978eeaccfaedc7ebd4f4a31efca3df2414472bf4a4bb6a,235,close
2023-11-27,2027.82608300,202782608300,8,1701129599,1701129347,252,6,0xe62b71cf983019bff55bc83b48601ce8419650cc,18666389,0xa77bdd632c59528872e0d06a6bbc574c7ab3dee0f668a994a5b85921aa72a622,23,close
2023-11-28,2048.09540000,204809540000,8,1701215999,1701215735,264,6,0xe62b71cf983019bff55bc83b48601ce8419650cc,18673533,0x58d5531c39e1a957a0067bf9cc6cb1cd8e829793152a58caec9115b58f2dc647,83,close
2023-11-29,2028.04762922,202804762922,8,1701302399,1701302135,264,6,0xe62b71cf983019bff55bc83b48601ce8419650cc,18680683,0x67e6d3feac21e29f9b7887b86b0e18c9b5a038ded1d0c3f18f44a319805d7fab,86,close
2023-11-30,2053.12260515,205312260515,8,1701388799,1701388523,276,6,0xe62b71cf983019bff55bc83b48601ce8419650cc,18687827,0xb3bd5bb9d2a715a725c512c40b026f2ea81a5fbc01dafaa30969466df28932fb,249,close
2023-12-01,2085.33787100,208533787100,8,1701475199,1701474935,264,6,0xe62b71cf983019bff55bc83b48601ce8419650cc,18694979,0x270443b6ac28a7c5c88d93aedc4fa65fca2141659d38b83b7cce9f6d6450a101,168,close
2023-12-02,2165.66330000,216566330000,8,1701561599,1701561323,276,6,0xe62b71cf983019bff55bc83b48601ce8419650cc,18702135,0xed742dc16d0e47fe08a354342ca9fef40f9b444dfe5970c7b555751af6c44db7,157,close
2023-12-03,2192.70000000,219270000000,8,1701647999,1701647747,252,6,0xe62b71cf983019bff55bc83b48601ce8419650cc,18709267,0xc2a6f643e15f51891c76ed9759550260b2a4d1da3e70fd2900d246784c74352d,129,close
2023-12-04,2242.82696000,224282696000,8,1701734399,1701734195,204,6,0xe62b71cf983019bff55bc83b48601ce8419650cc,18716421,0xc2e56682c71f8b4cd7381afe6ebf07ce33d4f6e663821871c49579857e1cc13e,576,close
2023-12-05,2295.76599000,229576599000,8,1701820799,1701820547,252,6,0xe62b71cf983019bff55bc83b48601ce8419650cc,18723557,0xe0bea9180f4051c2bf43323e536ae7a7737ed0ff6decd6e1e311331b6f2bc172,95,close
2023-12-06,2230.10000000,223010000000,8,1701907199,1701906923,276,6,0xe62b71cf983019bff55bc83b48601ce8419650cc,18730678,0x93ddeab3b98b2a3db600fc1d46ff9fa9f5f8e2404d1b9bdb4259b3ab496f677e,160,close
2023-12-07,2355.03266400,235503266400,8,1701993599,1701993347,252,6,0xe62b71cf983019bff55bc83b48601ce8419650cc,18737809,0xd4d4422aa695a2718c0c160ba282b5df0a4cf91f5faff2ce00cf3f5eacb0c2fd,174,close
2023-12-08,2360.23532000,236023532000,8,1702079999,1702079723,276,6,0xe62b71cf983019bff55bc83b48601ce8419650cc,18744940,0xfc8e0b356c587f23d77e65e03167e655c5c4ffb05b3a41a4a6bfd9a2a45c6604,279,close
2023-12-09,2340.19445058,234019445058,8,1702166399,1702166111,288,6,0xe62b71cf983019bff55bc83b48601ce8419650cc,18752073,0x42829f7348a56ea274d66a18dc22a6a7032a0d8414609be1e69fa0d657de72a8,143,close
2023-12-10,2350.96576666,235096576666,8,1702252799,1702252535,264,6,0xe62b71cf983019bff55bc83b48601ce8419650cc,18759224,0x5c0f483360ffe2098c46cb8afe145ff1b7d8778e982143f5ece7d9b20c62d6fc,183,close
2023-12-11,2222.12000000,222212000000,8,1702339199,1702338935,264,6,0xe62b71cf983019bff55bc83b48601ce8419650cc,18766370,0xba186dced237f0194e60a7c5bb589c071dff807dbeb8a8018f59a09d4e79aa19,112,close
2023-12-12,2204.56000000,220456000000,8,1702425599,1702425347,252,6,0xe62b71cf983019bff55bc83b48601ce8419650cc,18773517,0xebe3a9de0ba569599f9c69db7a24fb1593de5deebb088a63c233db69366ee8e1,23,close
2023-12-13,2261.25643903,226125643903,8,1702511999,1702511735,264,6,0xe62b71cf983019bff55bc83b48601ce8419650cc,18780653,0x9891bcfa4f452b1c597a76936484f1e38938514b0fd3469ebbf95e93ebc5d168,142,close
2023-12-14,2314.27000000,231427000000,8,1702598399,1702598123,276,6,0xe62b71cf983019bff55bc83b48601ce8419650cc,18787780,0x5dec44cbdf488e70438ba581e072daaed40cfa8c343c08a78434c361fda237c5,96,close
2023-12-15,2218.01997000,221801997000,8,1702684799,1702684535,264,6,0xe62b71cf983019bff55bc83b48601ce8419650cc,18794915,0x20ff563f978949291268e27370fdc81f588d88a8dc26e0db78760f50ffc7df46,108,close
2023-12-16,2224.89797161,222489797161,8,1702771199,1702770923,276,6,0xe62b71cf983019bff55bc83b48601ce8419650cc,18802022,0x8a484a248ff61dd2d5ef13c391850222dffeba2d0311b831a1d58c17de43207c,142,close
2023-12-17,2197.82000000,219782000000,8,1702857599,1702857335,264,6,0xe62b71cf983019bff55bc83b48601ce8419650cc,18809145,0x3d5b9f0738e4af60fe5b2a13d65800dbb03b4105c1462898ad465a0888ebddb9,101,close
2023-12-18,2215.77000000,221577000000,8,1702943999,1702943723,276,6,0xe62b71cf983019bff55bc83b48601ce8419650cc,18816280,0x1d08a042208a6ce41ea8a10f43ef5f39ff77ac96acd797a1eb0ad844380a7fcc,98,close
2023-12-19,2178.20956018,217820956018,8,1703030399,1703030147,252,6,0xe62b71cf983019bff55bc83b48601ce8419650cc,18823396,0xa86aa19754f6f6bfd1320d73f3fa0b28fa76dfdc5361485879454555632e390e,114,close
2023-12-20,2199.70000000,219970000000,8,1703116799,1703116523,276,6,0xe62b71cf983019bff55bc83b48601ce8419650cc,18830511,0xb200e246a695b40217fc5d3cfea61a0f3bf2799fd610c6a119664080b85399e4,247,close
2023-12-21,2237.90000000,223790000000,8,1703203199,1703202935,264,6,0xe62b71cf983019bff55bc83b48601ce8419650cc,18837655,0x297526043e05ddd6ac3a23fb0a2c18b955487ac269ba4a7cf324a23dc11f763a,381,close
2023-12-22,2327.73520000,232773520000,8,1703289599,1703289323,276,6,0xe62b71cf983019bff55bc83b48601ce8419650cc,18844786,0xc2321af44ef1d7167792419520e8948f3a4f26538b1f9cb19d34cc0bf69f4cb0,101,close
2023-12-23,2309.50569000,230950569000,8,1703375999,1703375735,264,6,0xe62b71cf983019bff55bc83b48601ce8419650cc,18851913,0x872ba33a754218c7547169e41dea202798efe22bf54ee700fca1adc87112a9b8,141,close
2023-12-24,2268.19632000,226819632000,8,1703462399,1703462135,264,6,0xe62b71cf983019bff55bc83b48601ce8419650cc,18859028,0x0b3addb883b7d27dccce76c3ce0e19d7208fbee3e8ba7896f0ecaec708b84f9f,167,close
2023-12-25,2272.92937000,227292937000,8,1703548799,1703548523,276,6,0xe62b71cf983019bff55bc83b48601ce8419650cc,18866133,0x0137643c1098a95d564c83be9e80865a978f7b2e1268f65055856e1e4333c176,176,close
2023-12-26,2231.70000000,223170000000,8,1703635199,1703634947,252,6,0xe62b71cf983019bff55bc83b48601ce8419650cc,18873277,0x16a39c427f4974ea852c5e3e54df4ef91f9f07821631db8e3e440b82ae03313c,84,close
2023-12-27,2378.20012000,237820012000,8,1703721599,1703721323,276,6,0xe62b71cf983019bff55bc83b48601ce8419650cc,18880383,0x9ebd8deb1a28da79c7bebaeac2586aae2cd4b972af2d4a7fdca87de54203aa20,61,close
2023-12-28,2345.00272000,234500272000,8,1703807999,1703807735,264,6,0xe62b71cf983019bff55bc83b48601ce8419650cc,18887512,0x36a798664982493e0277d73db1c8aa3c5ac7f20688667651dd86c83d22367a50,165,close
2023-12-29,2298.89149000,229889149000,8,1703894399,1703894147,252,6,0xe62b71cf983019bff55bc83b48601ce8419650cc,18894628,0x0ec9b8b9b732b9441660f49ed03e58c6a409b7f58963f21cdc079a2eb6a15c22,407,close
2023-12-30,2293.16450000,229316450000,8,1703980799,1703980523,276,6,0xe62b71cf983019bff55bc83b48601ce8419650cc,18901735,0xf46ea219206d7b2385b49afb60f64ef570d12a7f62d35b899ef48141fabd118e,57,close
2023-12-31,2280.05656000,228005656000,8,1704067199,1704066911,288,6,0xe62b71cf983019bff55bc83b48601ce8419650cc,18908870,0x40f76bfd0b4ce46dcc8b524f3fbf56c3685eab297a1adae4c5f64843c0b4d711,83,close
2024-01-01,2350.60000000,235060000000,8,1704153599,1704153335,264,6,0xe62b71cf983019bff55bc83b48601ce8419650cc,18915979,0x9267512780785e8a1c629db8b29bc76c47548ede6ccd26578c7bbb5a3069fb28,188,close
2024-01-02,2358.45000000,235845000000,8,1704239999,1704239747,252,6,0xe62b71cf983019bff55bc83b48601ce8419650cc,18923102,0xbf6152610c0bc5d32aed620b15b10763a3ce2a8d915cd1844fa903c73f49a663,217,close
2024-01-03,2211.17780000,221117780000,8,1704326399,1704326135,264,6,0xe62b71cf983019bff55bc83b48601ce8419650cc,18930230,0x13a14e03661531c50097f6943f16394d0aaeaeed3ff15ed43e174ba845b67472,152,close
2024-01-04,2272.43580000,227243580000,8,1704412799,1704412523,276,6,0xe62b71cf983019bff55bc83b48601ce8419650cc,18937358,0x2ddf00297528593c12be9e28edd9a28ee54895137c6e491f5ad9f9fa9686c298,189,close
2024-01-05,2267.67370000,226767370000,8,1704499199,1704498935,264,6,0xe62b71cf983019bff55bc83b48601ce8419650cc,18944458,0xb382309d8051bf8267504821a56166cff679312d343008e2a2c58fe1158254f2,195,close
2024-01-06,2240.31770000,224031770000,8,1704585599,1704585323,276,6,0xe62b71cf983019bff55bc83b48601ce8419650cc,18951516,0x99d74b89551f5bd79bb9762307421134a7836fd57d4470bb18076eab66306509,63,close
2024-01-07,2221.53189113,222153189113,8,1704671999,1704671723,276,6,0xe62b71cf983019bff55bc83b48601ce8419650cc,18958598,0xbccd1fa081295bc548554786c3e783ab320dd68ca744407ff515cd6e8adece71,95,close
2024-01-08,2332.86746000,233286746000,8,1704758399,1704758123,276,6,0xe62b71cf983019bff55bc83b48601ce8419650cc,18965687,0x5a7b6d6111d174a50004656fcb67a321565ceae82f20bcc378da7f97faba56dc,131,close
2024-01-09,2341.64520000,234164520000,8,1704844799,1704844547,252,6,0xe62b71cf983019bff55bc83b48601ce8419650cc,18972816,0xe8d06fc0490bfdf0309290d76067820d8fcf17e5d3708a97df4ff6e386cb7a54,126,close
2024-01-10,2584.99000000,258499000000,8,1704931199,1704930923,276,6,0xe62b71cf983019bff55bc83b48601ce8419650cc,18979956,0x65f2c4fb6a4382e6c31b1b1c9fbc419ee39a8cedeee62f2497b0d22b39b5a89a,56,close
2024-01-11,2620.65170000,262065170000,8,1705017599,1705017335,264,6,0xe62b71cf983019bff55bc83b48601ce8419650cc,18987081,0x9dfd5393c7362c365d6e3150147a81604381b13c9a965a9ebcfb3c227c133e8e,161,close
2024-01-12,2526.12000000,252612000000,8,1705103999,1705103723,276,6,0xe62b71cf983019bff55bc83b48601ce8419650cc,18994231,0xc64c62dd99220ceb2e546eb7d476a8bce6e90ef0d5b37bb6b086f4a5d184cbdb,80,close
2024-01-13,2576.10258808,257610258808,8,1705190399,1705190147,252,6,0xe62b71cf983019bff55bc83b48601ce8419650cc,19001385,0xbf1c632c7bbfac0b04431495f72b87b8bda984a0f268f438f6a339d3d19a42e7,112,close
2024-01-14,2474.32565000,247432565000,8,1705276799,1705276523,276,6,0xe62b71cf983019bff55bc83b48601ce8419650cc,19008541,0xe5ab7b1735b025a452eb478d9e5ae0fbb7c75d1d69187e388b3dd90487e61bcc,129,close
2024-01-15,2514.58056000,251458056000,8,1705363199,1705362935,264,6,0xe62b71cf983019bff55bc83b48601ce8419650cc,19015701,0x5ef4547ee1b56251e660481b8dd327629f72813255d4561e8c4ed663284ebebf,69,close
2024-01-16,2589.05000000,258905000000,8,1705449599,1705449347,252,6,0xe62b71cf983019bff55bc83b48601ce8419650cc,19022868,0xcda2791135cb2990fec1cb7be5a259d901efaf7f96eba6f77ae5f29fcbdbdf2b,192,close
2024-01-17,2528.08000000,252808000000,8,1705535999,1705535735,264,6,0xe62b71cf983019bff55bc83b48601ce8419650cc,19030010,0x61378c47b7ba7a4381f73e7dd2043b9c48dfa6a3f8da5c698864102c79e41d9c,81,close
2024-01-18,2467.20968324,246720968324,8,1705622399,1705622123,276,6,0xe62b71cf983019bff55bc83b48601ce8419650cc,19037162,0x1748631942b5be25a58747d5ee52d412738fcd841c2cad97b2dc600423429cb8,202,close
2024-01-19,2489.54933269,248954933269,8,1705708799,1705708547,252,6,0xe62b71cf983019bff55bc83b48601ce8419650cc,19044327,0x94c8006f3d5bd108eca72b61ef748dcf24d0d86d5031f8f3e5b3c82c1f63822f,310,close
2024-01-20,2467.92812000,246792812000,8,1705795199,1705794923,276,6,0xe62b71cf983019bff55bc83b48601ce8419650cc,19051491,0xc3ae26589cc3b944039cd925f73a94a2e2697d547285959641cb27518c074993,109,close
2024-01-21,2452.79322594,245279322594,8,1705881599,1705881347,252,6,0xe62b71cf983019bff55bc83b48601ce8419650cc,19058565,0xafb3261570193a0704bebb6da1b9d37c33823481ba6136cd0a73a29de2c4a0f2,131,close
2024-01-22,2308.60630749,230860630749,8,1705967999,1705967747,252,6,0xe62b71cf983019bff55bc83b48601ce8419650cc,19065649,0xdbdb3d3b95d0d44539e8e7b51e878324595f849b23fd2430a7dde097586280fe,130,close
2024-01-23,2243.07000000,224307000000,8,1706054399,1706054123,276,6,0xe62b71cf983019bff55bc83b48601ce8419650cc,19072764,0xe0e549f2844c70f7d6e50507e79b4d47439a073dae584d5888eac852800a7096,176,close
2024-01-24,2235.86426180,223586426180,8,1706140799,1706140547,252,6,0xe62b71cf983019bff55bc83b48601ce8419650cc,19079907,0x510d57e7061ef750dbdaab4d73914fe77473e29894bf868e899a96f8d871cf97,203,close
2024-01-25,2218.22000000,221822000000,8,1706227199,1706226923,276,6,0xe62b71cf983019bff55bc83b48601ce8419650cc,19087043,0x7932eb44ce1245027f4fe7c8057d975676c7e1f80846146fe16fc6e42b70f94d,226,close
2024-01-26,2269.01011000,226901011000,8,1706313599,1706313335,264,6,0xe62b71cf983019bff55bc83b48601ce8419650cc,19094185,0x1da7ff0df49785def790a6450dcc97197aa364c3119b060b0fda21369a56dbb8,127,close
2024-01-27,2267.42930000,226742930000,8,1706399999,1706399723,276,6,0xe62b71cf983019bff55bc83b48601ce8419650cc,19101310,0x2c1cb26ad94f6fae9bee0285da2929df7d02ded77153bfeb6ce05c48e09e615d,181,close
2024-01-28,2257.29566747,225729566747,8,1706486399,1706486135,264,6,0xe62b71cf983019bff55bc83b48601ce8419650cc,19108449,0x41a7030c3ccf74c8ddbd23f124373311eb10fdc2804e3f69774d995ebf8b2c73,64,close
2024-01-29,2315.14677176,231514677176,8,1706572799,1706572535,264,6,0xe62b71cf983019bff55bc83b48601ce8419650cc,19115586,0xbfb9f216fde44385e8d8d3aca4f7c2257a7b9017c8d74b6a61204c837c8d3cae,256,close
2024-01-30,2345.59000000,234559000000,8,1706659199,1706658923,276,6,0xe62b71cf983019bff55bc83b48601ce8419650cc,19122736,0x497e31572cc36c413236787cc6ea73c2007fd09de2b33436b2026bd453bc04c4,124,close
2024-01-31,2283.14130000,228314130000,8,1706745599,1706745335,264,6,0xe62b71cf983019bff55bc83b48601ce8419650cc,19129867,0x2739615a8ef2a7c967cb5a255d5b55cdf0ab61d89d8a419ff8feac6fdbe1b444,91,close
2024-02-01,2302.91519365,230291519365,8,1706831999,1706831723,276,6,0xe62b71cf983019bff55bc83b48601ce8419650cc,19136993,0x9a2f90d81061aa7b359f07e72379932fa73bdb89e2f1cf6923126f1587dcc16f,47,close
2024-02-02,2307.33635166,230733635166,8,1706918399,1706918135,264,6,0xe62b71cf983019bff55bc83b48601ce8419650cc,19144116,0x02f3dd29dc0d7d6a4a98ffb40aa4a460e56ba42ea1c0eb952b61290dbdc2ace6,297,close
2024-02-03,2295.22330000,229522330000,8,1707004799,1707004547,252,6,0xe62b71cf983019bff55bc83b48601ce8419650cc,19151235,0x1983645028b729e57dfab55dc04411bd365d0a6b9ef975c2e18f7147f550b055,145,close
2024-02-04,2288.69748864,228869748864,8,1707091199,1707090959,240,6,0xe62b71cf983019bff55bc83b48601ce8419650cc,19158346,0x6b9e8d6a85a0fc9e3e29a0fcb9a8559b04dfa9bbc9c957ca637272bf85a52752,892,close
2024-02-05,2298.90833018,229890833018,8,1707177599,1707177347,252,6,0xe62b71cf983019bff55bc83b48601ce8419650cc,19165468,0x03d493102930b8537df621a5cb489b4b06c0b5165cb24d4a3df69b4f8da80c3a,106,close
2024-02-06,2372.67814498,237267814498,8,1707263999,1707263747,252,6,0xe62b71cf983019bff55bc83b48601ce8419650cc,19172593,0x4b6708d153765d101633db15a06941adb09352df3ad63478a1d2d46d68c53070,114,close
2024-02-07,2424.36439644,242436439644,8,1707350399,1707350123,276,6,0xe62b71cf983019bff55bc83b48601ce8419650cc,19179724,0x229cbd81095f01e0771380a41fe54ddcdf99d8bcf8b178acfbdeb58a454d9bd6,387,close
2024-02-08,2420.10230000,242010230000,8,1707436799,1707436547,252,6,0xe62b71cf983019bff55bc83b48601ce8419650cc,19186845,0x973f9a18401c5940bfeace1a112dfd0a361beee5bc7d5b08e62961837cb07a30,142,close
2024-02-09,2486.96000000,248696000000,8,1707523199,1707522935,264,6,0xe62b71cf983019bff55bc83b48601ce8419650cc,19193978,0xfc4e8708eed29568b0618e2c6352df3dd61180baa86afa09d9fd61a4d554f926,147,close
2024-02-10,2500.93627815,250093627815,8,1707609599,1707609335,264,6,0xe62b71cf983019bff55bc83b48601ce8419650cc,19201100,0xa6bfa17b10ff45a14efad45d5175975a706ef41ebe19e40bf7df7699185c0fdb,117,close
2024-02-11,2507.30397790,250730397790,8,1707695999,1707695747,252,6,0xe62b71cf983019bff55bc83b48601ce8419650cc,19208221,0xa7b21ea747f5d0cce39165e00b23dc025d28a034a94c81337dded8fe886cbc91,199,close
2024-02-12,2659.52937745,265952937745,8,1707782399,1707782135,264,6,0xe62b71cf983019bff55bc83b48601ce8419650cc,19215355,0xafd2a4df706695426415311c378e1b6c0add4b3d5317061c69bb3f6c5a23d847,384,close
2024-02-13,2643.64545309,264364545309,8,1707868799,1707868523,276,6,0xe62b71cf983019bff55bc83b48601ce8419650cc,19222484,0x198e22608d248ee85723965fbf096e5facf3e35fcaeb5c8f1613bbc2acbaabc8,69,close
2024-02-14,2777.95730471,277795730471,8,1707955199,1707954935,264,6,0xe62b71cf983019bff55bc83b48601ce8419650cc,19229602,0xae2747f7f6452be1479070bbbe70ac5b2fec1c078333be19433492caf6c02aac,67,close
2024-02-15,2823.43011038,282343011038,8,1708041599,1708041323,276,6,0xe62b71cf983019bff55bc83b48601ce8419650cc,19236731,0x1a900b1402964001d906c2c39abc3ac6ab73e072cf0d54ce396a9f52ed5c51be,92,close
2024-02-16,2803.79410000,280379410000,8,1708127999,1708127723,276,6,0xe62b71cf983019bff55bc83b48601ce8419650cc,19243861,0xaf26936d5e9d8cb6419744bcf901bbe5a9a69b8f65227684b1605b4c91684041,147,close
2024-02-17,2787.72000000,278772000000,8,1708214399,1708214135,264,6,0xe62b71cf983019bff55bc83b48601ce8419650cc,19250975,0x6c099f774632ad22e852a7463671a73087227d095b50fcd6db7bf827c8722338,120,close
2024-02-18,2874.74933698,287474933698,8,1708300799,1708300523,276,6,0xe62b71cf983019bff55bc83b48601ce8419650cc,19258071,0xb3e0be53bbcbf5193ba0d2f80679505a84bc0afa0a12bd531e622f3b3870274f,348,close
2024-02-19,2941.62000000,294162000000,8,1708387199,1708386935,264,6,0xe62b71cf983019bff55bc83b48601ce8419650cc,19265180,0x624aa463ca6e94019bb94126b5eb8316c0c6271c73e01d0dd42f761cc5ba8125,192,close
2024-02-20,3014.49497000,301449497000,8,1708473599,1708473335,264,6,0xe62b71cf983019bff55bc83b48601ce8419650cc,19272318,0x19e166d6c514625b8d97fd7f4b9bf90eb5da980f51b8e1c4046468a9eb2411fe,131,close
2024-02-21,2974.59000000,297459000000,8,1708559999,1708559735,264,6,0xe62b71cf983019bff55bc83b48601ce8419650cc,19279435,0x881e9bbc57c8298f10104860dabd48327b5e9b11ff724365a89aa82431b9b92a,71,close
2024-02-22,2969.27255002,296927255002,8,1708646399,1708646135,264,6,0xe62b71cf983019bff55bc83b48601ce8419650cc,19286560,0xd3075d33f77d01dea0313bc818400904f16548bf7d61a44e04bc3979b231bddb,93,close
2024-02-23,2926.32000000,292632000000,8,1708732799,1708732535,264,6,0xe62b71cf983019bff55bc83b48601ce8419650cc,19293700,0x8cad670c13a611bd42dae033b98840d16bce833fc169a178736d0b0a8b1d1ec7,125,close
2024-02-24,2990.19798974,299019798974,8,1708819199,1708818947,252,6,0xe62b71cf983019bff55bc83b48601ce8419650cc,19300862,0x2e21ef810b53052e6cd0be30aec4d1da3d62838934448262669a6504fbeef546,94,close
2024-02-25,3111.97479106,311197479106,8,1708905599,1708905335,264,6,0xe62b71cf983019bff55bc83b48601ce8419650cc,19308007,0x1ad93f3ca33b3994ab3c0a84fb7343298fbf839c4b8cf01e8e923ac96ac4b6d4,70,close
2024-02-26,3178.68279038,317868279038,8,1708991999,1708991747,252,6,0xe62b71cf983019bff55bc83b48601ce8419650cc,19315148,0xd47411124517d146dc93ed1ec68b15110707bcbee236d691f38d2f54d5a0d410,370,close
2024-02-27,3243.66410000,324366410000,8,1709078399,1709078123,276,6,0xe62b71cf983019bff55bc83b48601ce8419650cc,19322296,0xf055d741a5251b5e3369a4235e874482e3eb206df22c9c70109e2dff2efa2944,47,close
2024-02-28,3381.00367000,338100367000,8,1709164799,1709164547,252,6,0xe62b71cf983019bff55bc83b48601ce8419650cc,19329443,0x894c670528e21edce9a6f2a7289b6df2c697e3a833ee6899a9a9694d17fba22b,87,close
2024-02-29,3350.26046348,335026046348,8,1709251199,1709251019,180,6,0xe62b71cf983019bff55bc83b48601ce8419650cc,19336591,0xf22177ab85067451b2dbdc413f57e003bd82de95f18d196c8ef4d00b24793809,61,close
2024-03-01,3436.37010000,343637010000,8,1709337599,1709337335,264,6,0xe62b71cf983019bff55bc83b48601ce8419650cc,19343749,0xe18458f01e7731f94e4c8ebfaf8db5b33e09e6467004efc0a49a5c9c90e0427c,125,close
2024-03-02,3421.19510000,342119510000,8,1709423999,1709423747,252,6,0xe62b71cf983019bff55bc83b48601ce8419650cc,19350898,0x5ac766fccd2fa850922b50cd637fb23e162f1e0491aecdbed35233925c1e2d73,69,close
2024-03-03,3489.12873497,348912873497,8,1709510399,1709510135,264,6,0xe62b71cf983019bff55bc83b48601ce8419650cc,19358057,0x7fc2142e420ac7001ddbce79979d9177b8c8415bf19a802a73bc87cee60a7e7f,162,close
2024-03-04,3630.15000000,363015000000,8,1709596799,1709596535,264,6,0xe62b71cf983019bff55bc83b48601ce8419650cc,19365224,0xd5edbb3a1d04bc76e78e5553ff1ebeea02f90a18f22bb9fd50c5a3d5976646be,77,close
2024-03-05,3560.63745660,356063745660,8,1709683199,1709682947,252,6,0xe62b71cf983019bff55bc83b48601ce8419650cc,19372389,0x304ac4cf06a3979b0795bb69775ac87ffa2ead969d942ab596da6f5863548ca7,133,close
2024-03-06,3828.21126079,382821126079,8,1709769599,1709769335,264,6,0xe62b71cf983019bff55bc83b48601ce8419650cc,19379551,0x1d927f9dc7fedbe70fd370870d5c0481638e1c59273d1173c838207f45eb05da,239,close
2024-03-07,3871.60376698,387160376698,8,1709855999,1709855735,264,6,0xe62b71cf983019bff55bc83b48601ce8419650cc,19386711,0xf81c3b24d0352e66dc9e0e1cc245c9ba11f27a3738f6d86b23db4c8b85fc7969,377,close
2024-03-08,3894.56637122,389456637122,8,1709942399,1709942135,264,6,0xe62b71cf983019bff55bc83b48601ce8419650cc,19393800,0x72c7655bb71ec7598123918001d1137453f9d73b1c327a0aa27926dd58d265c4,54,close
2024-03-09,3915.16067506,391516067506,8,1710028799,1710028523,276,6,0xe62b71cf983019bff55bc83b48601ce8419650cc,19400960,0x2c6688c9b1bda3d0533eb5c8e7af32f20c9d1b28199bcd1ac6dc6d2293934364,170,close
2024-03-10,3886.82379390,388682379390,8,1710115199,1710114935,264,6,0xe62b71cf983019bff55bc83b48601ce8419650cc,19408111,0xc08a57a907a0f746210b01c438f6bd849403814fd3e4db34ba3ceabb2d7db5b4,146,close
2024-03-11,4068.00000000,406800000000,8,1710201599,1710201323,276,6,0xe62b71cf983019bff55bc83b48601ce8419650cc,19415262,0x907a63ef03b318a8c0c0ef568144a109a1c98d1a5d1733e868c261904aeac826,313,close
2024-03-12,3977.34769500,397734769500,8,1710287999,1710287723,276,6,0xe62b71cf983019bff55bc83b48601ce8419650cc,19422415,0x95daf7ac6d9d87d7372382ee3043d46383cb308f52a47292ef4760b197b1e186,94,close
2024-03-13,4013.36000000,401336000000,8,1710374399,1710374147,252,6,0xe62b71cf983019bff55bc83b48601ce8419650cc,19429534,0x6924ea02bbdeed71be7e1852ba21fcd8f80bfe9a1c4cf6aa59b3afe9a6162b28,215,close
2024-03-14,3881.86606000,388186606000,8,1710460799,1710460619,180,6,0xe62b71cf983019bff55bc83b48601ce8419650cc,19436629,0xca0c508c9338fc7775aea1a982524284294fb67d316971fa648221e52e2346ed,145,close
2024-03-15,3741.36310000,374136310000,8,1710547199,1710546935,264,6,0xe62b71cf983019bff55bc83b48601ce8419650cc,19443745,0xa9f4fd39684c95aee57df21af66ec33956e6c46fd0b544b0204a98242fdef457,172,close
2024-03-16,3521.77000000,352177000000,8,1710633599,1710633347,252,6,0xe62b71cf983019bff55bc83b48601ce8419650cc,19450849,0xfa72d89c98a0fece42746f8c44aeb41306f3fe196d1ba18e4e21ad991b5e61ed,108,close
2024-03-17,3649.53989095,364953989095,8,1710719999,1710719723,276,6,0xe62b71cf983019bff55bc83b48601ce8419650cc,19457960,0x34cf3c7fabf3e82756b82f1817d886c99a5796af0c185b697484691f45e389e8,34,close
2024-03-18,3523.40950000,352340950000,8,1710806399,1710806135,264,6,0xe62b71cf983019bff55bc83b48601ce8419650cc,19465073,0x412c3a9dc51ba8aeb3f4a9e67b1917c95b2411e3c450cc0a3f1d101d5fa15c28,151,close
2024-03-19,3157.71000000,315771000000,8,1710892799,1710892535,264,6,0xe62b71cf983019bff55bc83b48601ce8419650cc,19472192,0x5d7e49acd8eb6b7234cfb8ee2d0ed8bb388294568e14705aa609d2e26a09687d,336,close
2024-03-20,3512.82864298,351282864298,8,1710979199,1710978935,264,6,0xe62b71cf983019bff55bc83b48601ce8419650cc,19479318,0x2869c1b8ef491921a1134d5018b3b186e5caded647be7d1874416d30fd3cdd3c,87,close
2024-03-21,3488.93000000,348893000000,8,1711065599,1711065335,264,6,0xe62b71cf983019bff55bc83b48601ce8419650cc,19486434,0xfe4dbd95065d1cc457127064a205bae6805f2cb33df66583a8c89e21f3b982d7,47,close
2024-03-22,3322.80000000,332280000000,8,1711151999,1711151723,276,6,0xe62b71cf983019bff55bc83b48601ce8419650cc,19493567,0x00e0ec59fc9723f7424392d67e394bb2f025b72ccace563773e31d2c2770f1ca,57,close
2024-03-23,3348.95134363,334895134363,8,1711238399,1711238135,264,6,0xe62b71cf983019bff55bc83b48601ce8419650cc,19500688,0x0ca07425b0f91e361f6e45111349544f192f3800d473c31d565a59e1952835df,229,close
2024-03-24,3452.92855090,345292855090,8,1711324799,1711324547,252,6,0xe62b71cf983019bff55bc83b48601ce8419650cc,19507794,0xf137f2e54812efe77f4a2ac0d4bac9c1264052eb5e6a59d625a4b8fc146ddaaf,203,close
2024-03-25,3587.63484000,358763484000,8,1711411199,1711410947,252,6,0xe62b71cf983019bff55bc83b48601ce8419650cc,19514884,0xe2ec08b5f3d1369d67fb8b16dba31f77753313e2fbc94b876cb0f4e1b7072b94,166,close
2024-03-26,3590.60000000,359060000000,8,1711497599,1711497323,276,6,0xe62b71cf983019bff55bc83b48601ce8419650cc,19521980,0x2d391ed6ffa5e7fd53cdc9ed6ce91ec52d6f1764e00d923140b9aa738c6e120c,377,close
2024-03-27,3506.44000000,350644000000,8,1711583999,1711583735,264,6,0xe62b71cf983019bff55bc83b48601ce8419650cc,19528901,0x36721938997414cdcf301f321a4b1978b15742ddb2c73b80e33e21ccebcc3bdb,155,close
2024-03-28,3561.76400000,356176400000,8,1711670399,1711670147,252,6,0xe62b71cf983019bff55bc83b48601ce8419650cc,19535931,0xa0a6838f959274ccd1ba47db46b14d1ed86318f327f1d240f1271126fd28f9f6,114,close
2024-03-29,3513.79000000,351379000000,8,1711756799,1711756523,276,6,0xe62b71cf983019bff55bc83b48601ce8419650cc,19543051,0x1cba5211cd149f665969d2f52d866182d95f6d34a5214a86cf13e211f62406ec,50,close
2024-03-30,3509.47352000,350947352000,8,1711843199,1711842935,264,6,0xe62b71cf983019bff55bc83b48601ce8419650cc,19550160,0xeb26f7b7953932f6e13db77be7b8cc0a7be36010994f55279790610dde650dc6,177,close
2024-03-31,3645.95061933,364595061933,8,1711929599,1711929335,264,6,0xe62b71cf983019bff55bc83b48601ce8419650cc,19557266,0x08b4737406a393da3a758259ff22ebfe650995280f68e5d4298b7b1a6d8c4f0f,156,close
2024-04-01,3505.23276000,350523276000,8,1712015999,1712015735,264,6,0xe62b71cf983019bff55bc83b48601ce8419650cc,19564386,0x262b037cd303a75e84a86325f664f770b27e5d99711103bba83b3f54399ec0f4,248,close
2024-04-02,3275.34160000,327534160000,8,1712102399,1712102111,288,6,0xe62b71cf983019bff55bc83b48601ce8419650cc,19571507,0x9f5cbdbc0e4efefd3b24d3c5b70ef792447646a3f8a39a31208771d13c1e56bc,100,close
2024-04-03,3316.89185431,331689185431,8,1712188799,1712188535,264,6,0xe62b71cf983019bff55bc83b48601ce8419650cc,19578661,0x7d90af7602632c1208f427f9225a75ee37f1cc12c5747716fe5e8721f851cbae,136,close
2024-04-04,3328.82000000,332882000000,8,1712275199,1712274923,276,6,0xe62b71cf983019bff55bc83b48601ce8419650cc,19585805,0x9bb4d6cd44bb0fe37e9b543cfb02e843f22526281023a84c0ded8b930c2cb266,121,close
2024-04-05,3321.75000000,332175000000,8,1712361599,1712361335,264,6,0xe62b71cf983019bff55bc83b48601ce8419650cc,19592948,0xdc396bcf86bc294a9ec47b0dd0846a40818edb8f16ab209e58ae88d286ce5fbb,231,close
2024-04-06,3359.71000000,335971000000,8,1712447999,1712447735,264,6,0xe62b71cf983019bff55bc83b48601ce8419650cc,19600091,0x0af5d99add5c427d7c802d3e2cf3386adce705448d88ccbde8bed10c15158398,134,close
2024-04-07,3453.20000000,345320000000,8,1712534399,1712534123,276,6,0xe62b71cf983019bff55bc83b48601ce8419650cc,19607218,0x78ea1e13749c64a940122ad3575bc77da0ea3ee0f3e03698957909590361c75f,27,close
2024-04-08,3694.49730000,369449730000,8,1712620799,1712620535,264,6,0xe62b71cf983019bff55bc83b48601ce8419650cc,19614353,0x57d0647a22e77c24bccaaf4eda54d2f806c1e79064bba8cc468b02ed4c8cdece,126,close
2024-04-09,3503.26000000,350326000000,8,1712707199,1712706935,264,6,0xe62b71cf983019bff55bc83b48601ce8419650cc,19621495,0x0ae71c5294f1fa296decfd2171c870674679a513c4c4fb8755393b653e6fc9fb,181,close
2024-04-10,3540.97537000,354097537000,8,1712793599,1712793323,276,6,0xe62b71cf983019bff55bc83b48601ce8419650cc,19628646,0x01eb463c9ea5a82f01fb892c117da3144ed163ee3a2cec5e0f63f28b6c675db4,144,close
2024-04-11,3508.47272581,350847272581,8,1712879999,1712879735,264,6,0xe62b71cf983019bff55bc83b48601ce8419650cc,19635787,0x5709ddc0901d584dced746f069ae864ec5183d41ebddcf7d76f42a87c59ac19e,124,close
2024-04-12,3243.39000000,324339000000,8,1712966399,1712966159,240,6,0xe62b71cf983019bff55bc83b48601ce8419650cc,19642933,0x4b4ca981bf17e932b7f296f1d5376050c961bb0935e55fff118ed087712e80c4,120,close
2024-04-13,3019.56422277,301956422277,8,1713052799,1713052535,264,6,0xe62b71cf983019bff55bc83b48601ce8419650cc,19650045,0x54719f6eb344829e8bdb068d7bd3e45c21e9cc381c2968f789356d9f6bed75d2,42,close
2024-04-14,3154.53953871,315453953871,8,1713139199,1713138947,252,6,0xe62b71cf983019bff55bc83b48601ce8419650cc,19657179,0xcb0a9c717ae86cae3aa57168df312c260a7391008b408928e650543423bf8d6a,66,close
2024-04-15,3101.44000000,310144000000,8,1713225599,1713225323,276,6,0xe62b71cf983019bff55bc83b48601ce8419650cc,19664316,0x26f2aec3ad73e0526c8dc8131dfb4aa34a7d837f5a4af66220c6fb19268e550a,605,close
2024-04-16,3082.22000000,308222000000,8,1713311999,1713311723,276,6,0xe62b71cf983019bff55bc83b48601ce8419650cc,19671447,0x470533fa1acc21859416bfb2b76854f0bf56fb44e4f46400727e55a67879c62a,101,close
2024-04-17,2982.51480526,298251480526,8,1713398399,1713398159,240,6,0xe62b71cf983019bff55bc83b48601ce8419650cc,19678605,0xc0c3e4fe38345b737f8674cda7fe046f9b851826cd9bd99a6d194b0a1fa34cc1,211,close
2024-04-18,3065.30356252,306530356252,8,1713484799,1713484535,264,6,0xe62b71cf983019bff55bc83b48601ce8419650cc,19685755,0xc98bb71fe431361e1d15715e55695f2957050a809fbe2d606b35457df250f42e,48,close
2024-04-19,3065.33120000,306533120000,8,1713571199,1713570947,252,6,0xe62b71cf983019bff55bc83b48601ce8419650cc,19692892,0xfd0954fccc43e6b69f235521c2fe646b30ae78a7a1dd2c3a0896e0d8cac77f29,82,close
2024-04-20,3152.53000000,315253000000,8,1713657599,1713657359,240,6,0xe62b71cf983019bff55bc83b48601ce8419650cc,19700042,0xe9a32db8308b333cfbb36fcc3d1fd00cf008305bae9ddef504f0e99c4f7e61fa,371,close
2024-04-21,3147.47429638,314747429638,8,1713743999,1713743735,264,6,0xe62b71cf983019bff55bc83b48601ce8419650cc,19707200,0x3a79cdf7c553f799703556fc6e39f1608156e9dda2450637c67c4ac40474e428,144,close
2024-04-22,3201.77003619,320177003619,8,1713830399,1713830111,288,6,0xe62b71cf983019bff55bc83b48601ce8419650cc,19714348,0x062c608c7ccf21765061af0b6855b6f70c7cccf0a063c9ef43d68eb683449aa7,443,close
2024-04-23,3218.35076000,321835076000,8,1713916799,1713916559,240,6,0xe62b71cf983019bff55bc83b48601ce8419650cc,19721508,0x813cfd6fde088ccda87aa5d873ad3f95a3595fb3936ac9a00c4594ba3c28e888,57,close
2024-04-24,3138.88807267,313888807267,8,1714003199,1714002935,264,6,0xe62b71cf983019bff55bc83b48601ce8419650cc,19728642,0x9c50631a7ef35c263091bd146a45231032517bc1c7d440201ca07c7184d732c9,184,close
2024-04-25,3156.74345256,315674345256,8,1714089599,1714089347,252,6,0xe62b71cf983019bff55bc83b48601ce8419650cc,19735800,0x3326b8baf458f3617984f0a6dab19eac4ad6a32584baca580ab7d3348ea00edc,216,close
2024-04-26,3131.69773313,313169773313,8,1714175999,1714175723,276,6,0xe62b71cf983019bff55bc83b48601ce8419650cc,19742932,0x2b3d1bce372b8ee1ac067cd4facf4eb3881f1e30b08251b16b7115020fa240e3,15,close
2024-04-27,3260.40690468,326040690468,8,1714262399,1714262123,276,6,0xe62b71cf983019bff55bc83b48601ce8419650cc,19750079,0x71297dc21f6e636145b3307255ab1c0919ab998a26d701e6c94d3884147ab0b4,83,close
2024-04-28,3258.44671262,325844671262,8,1714348799,1714348535,264,6,0xe62b71cf983019bff55bc83b48601ce8419650cc,19757228,0x644249e4dde3e6f7053b4895e1378a514ad852c151a9b506709a387a7dd47ba7,89,close
2024-04-29,3213.51007761,321351007761,8,1714435199,1714434935,264,6,0xe62b71cf983019bff55bc83b48601ce8419650cc,19764378,0x93f52ebf85065e8ecad8f050a5e1cc416fe2da4aa30a10ff3b51b9448871262c,68,close
2024-04-30,3017.94823580,301794823580,8,1714521599,1714521347,252,6,0xe62b71cf983019bff55bc83b48601ce8419650cc,19771538,0xf1d83be5ca647e9f2bb440dd43a5495531fb1509273207051f6691122af8f8ee,121,close
2024-05-01,2971.26520800,297126520800,8,1714607999,1714607723,276,6,0xe62b71cf983019bff55bc83b48601ce8419650cc,19778702,0x1ffe3a0328d8347ac3b9b463eb07643352dca72000b48b2fee38e0976007b478,69,close
2024-05-02,2989.80927200,298980927200,8,1714694399,1714694135,264,6,0xe62b71cf983019bff55bc83b48601ce8419650cc,19785847,0x601aa73ef0e0d1d593aadbb1a5ee1a28d1fc4a5821c9ca425349561d02428d50,250,close
2024-05-03,3102.32000000,310232000000,8,1714780799,1714780547,252,6,0xe62b71cf983019bff55bc83b48601ce8419650cc,19793001,0xbc1f45f9a13fbd187ffc6d9d835584b73d2a4a4f36dacc59ac8f9fe162057bf2,121,close
2024-05-04,3117.38780000,311738780000,8,1714867199,1714866923,276,6,0xe62b71cf983019bff55bc83b48601ce8419650cc,19800156,0x446f94f32f4915d42c6edcf591d000be13f9972083054ed370704f0871d8524f,160,close
2024-05-05,3138.55000000,313855000000,8,1714953599,1714953323,276,6,0xe62b71cf983019bff55bc83b48601ce8419650cc,19807307,0x32bbbb47b08e6cbc3282ccc2012ffd9dc043148dda65ed9afb571ecf41ca5c0d,292,close
2024-05-06,3065.60540000,306560540000,8,1715039999,1715039723,276,6,0xe62b71cf983019bff55bc83b48601ce8419650cc,19814455,0x6d23ac8b12f6550e2bf7653d53208b8115d5658c942e607e69a174bfcf619364,179,close
2024-05-07,3013.26000000,301326000000,8,1715126399,1715126123,276,6,0xe62b71cf983019bff55bc83b48601ce8419650cc,19821600,0x26e2b88721577079d3b47d105cf91e70de1f27fe4fd74a051ddf730499b202d8,186,close
2024-05-08,2973.22000000,297322000000,8,1715212799,1715212547,252,6,0xe62b71cf983019bff55bc83b48601ce8419650cc,19828749,0x2947aeece02122a8b991afbc6e3aae0b6fcd770dcab30658a58e90a262e62259,127,close
2024-05-09,3037.30000000,303730000000,8,1715299199,1715298923,276,6,0xe62b71cf983019bff55bc83b48601ce8419650cc,19835899,0x7e57b26686f97a82a313717d2fee30a3e7347f9bbfce070484a3c071bb95785f,27,close
2024-05-10,2909.62041000,290962041000,8,1715385599,1715385419,180,6,0xe62b71cf983019bff55bc83b48601ce8419650cc,19843060,0x46ebca5cfd228f00f1fe977534668fa154951ac9b39cd294a1a96cdf3347a843,95,close
2024-05-11,2909.32998146,290932998146,8,1715471999,1715471747,252,6,0xe62b71cf983019bff55bc83b48601ce8419650cc,19850208,0xbe0c1fbcf3efa023f2edf652a4537193d6defd2d9bf8d479bdd38743a470dfa6,33,close
2024-05-12,2930.25000000,293025000000,8,1715558399,1715558123,276,6,0xe62b71cf983019bff55bc83b48601ce8419650cc,19857355,0xf9f283fe4abc81b7ae8adb461c180f159f9e4f256f7791e6327242e913fbbe32,36,close
2024-05-13,2948.60704523,294860704523,8,1715644799,1715644535,264,6,0xe62b71cf983019bff55bc83b48601ce8419650cc,19864511,0xa6b1def1a5bb74ac4a1198f055fec8f02a9db2d609e691587c19cf8a2f4b647f,135,close
2024-05-14,2880.87222924,288087222924,8,1715731199,1715730947,252,6,0xe62b71cf983019bff55bc83b48601ce8419650cc,19871631,0x0a243751d0269eb59abeae107f4366d7044129affaf61620fd93fe48299194eb,2,close
2024-05-15,3040.02494000,304002494000,8,1715817599,1715817323,276,6,0xe62b71cf983019bff55bc83b48601ce8419650cc,19878798,0x3d97e8a9f8f13af8b022213823f8ecb8afa8d1caf730c5853efe8b323bb57214,193,close
2024-05-16,2945.56213000,294556213000,8,1715903999,1715903711,288,6,0xe62b71cf983019bff55bc83b48601ce8419650cc,19885952,0xe4cdb7a67773445dcb1463c856d56044ede6d8b79fc59aff7d437012d8f39598,115,close
2024-05-17,3094.19000000,309419000000,8,1715990399,1715990135,264,6,0xe62b71cf983019bff55bc83b48601ce8419650cc,19893099,0x978c0176907055499b7f63eaf3e5a619d7072a1debfa1732ef136f66c112c2cb,107,close
2024-05-18,3122.81484453,312281484453,8,1716076799,1716076547,252,6,0xe62b71cf983019bff55bc83b48601ce8419650cc,19900246,0x23bb6aa2f7acddf94c983fa1d960d63cc38f4c94634dc042179083e1bc349d50,140,close
2024-05-19,3072.84000000,307284000000,8,1716163199,1716162959,240,6,0xe62b71cf983019bff55bc83b48601ce8419650cc,19907399,0xb26f3c3fe81f083cf412082e4f79bea3d7f67803cafb2ec15dd06e27bfea247a,15,close
2024-05-20,3653.65430000,365365430000,8,1716249599,1716249335,264,6,0xe62b71cf983019bff55bc83b48601ce8419650cc,19914542,0x2abd10853b77315b2eda71a563734403ee057cabccd93a7849136ba6871ee0f6,215,close
2024-05-21,3791.10000000,379110000000,8,1716335999,1716335807,192,6,0xe62b71cf983019bff55bc83b48601ce8419650cc,19921704,0x491a236c8d82490232dcf73f4fae5868d0225446117e9aeef0e79411c518aaa4,227,close
2024-05-22,3738.60962457,373860962457,8,1716422399,1716422135,264,6,0xe62b71cf983019bff55bc83b48601ce8419650cc,19928839,0xf22792c4468569a9150271d6bc1286a510d7b33487c11787ea547d24a85c9c97,212,close
2024-05-23,3765.54852000,376554852000,8,1716508799,1716508583,216,6,0xe62b71cf983019bff55bc83b48601ce8419650cc,19936000,0x3eef9dd62d71c5120216305e4a61fb2df6bda32b6924ae0f22cffb37b8a20c33,82,close
2024-05-24,3726.48940000,372648940000,8,1716595199,1716594935,264,6,0xe62b71cf983019bff55bc83b48601ce8419650cc,19943155,0x24f778d063aa92005d75f86273fbd10ee6cb8035740928bd472d92e7ab23ff83,39,close
2024-05-25,3750.48978686,375048978686,8,1716681599,1716681347,252,6,0xe62b71cf983019bff55bc83b48601ce8419650cc,19950308,0xba67312e66a9a1954692427ef0c8221b8ada0a4cd4bcbb79a4828cb05907329f,270,close
2024-05-26,3825.37750688,382537750688,8,1716767999,1716767747,252,6,0xe62b71cf983019bff55bc83b48601ce8419650cc,19957468,0x0dd938e27427ab675fb11a1ae420a19f540f2d5ee88414006d31104dad128d5d,29,close
2024-05-27,3894.62081700,389462081700,8,1716854399,1716854123,276,6,0xe62b71cf983019bff55bc83b48601ce8419650cc,19964620,0xe4c45dfbc304ad84ba7a8b8fd9f19352ed6a54242cb88657d3d762bd968ecd43,17,close
2024-05-28,3838.91303736,383891303736,8,1716940799,1716940535,264,6,0xe62b71cf983019bff55bc83b48601ce8419650cc,19971780,0xfc9f8e94d76cd425b1bb7d4f1ef0d11ddfff3f8205c4dc63813e4ae7872243b7,526,close
2024-05-29,3763.29000000,376329000000,8,1717027199,1717026923,276,6,0xe62b71cf983019bff55bc83b48601ce8419650cc,19978923,0x83b2b40b99167798dbaea9b72c2a5d1303bd3e1d5f8674309f3b6f79ce8d06bf,313,close
2024-05-30,3749.91000000,374991000000,8,1717113599,1717113323,276,6,0xe62b71cf983019bff55bc83b48601ce8419650cc,19986069,0x61b13e1588ff29bc6216b2d46ab5a96b1224832676eb1de30f4bba938ccec48b,147,close
2024-05-31,3762.17000000,376217000000,8,1717199999,1717199735,264,6,0xe62b71cf983019bff55bc83b48601ce8419650cc,19993227,0x5179a58fb38da4b136dca68145b7e1f2cf81817a192fab8fa4403b9c8d3d7d5c,199,close
2024-06-01,3813.33852792,381333852792,8,1717286399,1717286123,276,6,0xe62b71cf983019bff55bc83b48601ce8419650cc,20000392,0xf96e6661e07b63c2a09be7279f1d3f5539ff5448e04996e4baec4fae680bf96b,122,close
2024-06-02,3783.39920407,378339920407,8,1717372799,1717372523,276,6,0xe62b71cf983019bff55bc83b48601ce8419650cc,20007553,0xa408a0e5e9a36279d03a82c26fa214948d3fd2ff7c0404160324917a3635f23d,255,close
2024-06-03,3766.51650137,376651650137,8,1717459199,1717458935,264,6,0xe62b71cf983019bff55bc83b48601ce8419650cc,20014710,0x2064af64791b8a3a62f94eca8842c5a51105d5bbe4f7e02fc74ba2ead4d8f469,103,close
2024-06-04,3813.75000000,381375000000,8,1717545599,1717545323,276,6,0xe62b71cf983019bff55bc83b48601ce8419650cc,20021878,0x05d63a17266d8db31b5e3c3721ce92cbefbddecd76740f0224016ae8c482f531,237,close
2024-06-05,3869.00000000,386900000000,8,1717631999,1717631807,192,6,0xe62b71cf983019bff55bc83b48601ce8419650cc,20029053,0x4e0d7e9a29e34641b7eaade9bfa1cb93c822beb0e1d1403c3a75a327ac412a4f,210,close
2024-06-06,3812.96079421,381296079421,8,1717718399,1717718123,276,6,0xe62b71cf983019bff55bc83b48601ce8419650cc,20036204,0x21f65653e58d35e18b877b76d9305bb69f2e0c454b3754ca5a1587dd27b5b9a4,363,close
2024-06-07,3678.88362538,367888362538,8,1717804799,1717804547,252,6,0xe62b71cf983019bff55bc83b48601ce8419650cc,20043367,0xd07f1b2fe4d8efa3c5937666c10d0a5479c3a69506365d4507b9e8c1d5e93bcb,98,close
2024-06-08,3682.46936000,368246936000,8,1717891199,1717890923,276,6,0xe62b71cf983019bff55bc83b48601ce8419650cc,20050529,0xb65e7413b5d350f03e03f71d641d02f9fac34dd9eff505e27b4007e145cbcc17,289,close
2024-06-09,3705.76818750,370576818750,8,1717977599,1717977347,252,6,0xe62b71cf983019bff55bc83b48601ce8419650cc,20057687,0x973584a364b4c5ce76ddfcc350246aca9381cb03a7743a6fa3f0550d7746e752,258,close
2024-06-10,3665.21136543,366521136543,8,1718063999,1718063723,276,6,0xe62b71cf983019bff55bc83b48601ce8419650cc,20064844,0x69335d9153c069dc124d1ce0983fca220fb4a13700cd348520f52e169ecd48c2,36,close
2024-06-11,3498.88397847,349888397847,8,1718150399,1718150147,252,6,0xe62b71cf983019bff55bc83b48601ce8419650cc,20072007,0xafe23a39d99d5d0493c9e1612bdea34637421280e10cd6fbc01424a9b05ab99f,199,close
2024-06-12,3559.59898833,355959898833,8,1718236799,1718236523,276,6,0xe62b71cf983019bff55bc83b48601ce8419650cc,20079162,0x5f06544704418a78718c0bffcd2efefdf11d357ba2ad99e7fea7b633e42e11ae,185,close
2024-06-13,3465.85933105,346585933105,8,1718323199,1718322947,252,6,0xe62b71cf983019bff55bc83b48601ce8419650cc,20086306,0x5e8fdcd92129c306893945dd7a974ec4a23119eabf9507007bf9d1c08aa4d2f4,319,close
2024-06-14,3481.07487033,348107487033,8,1718409599,1718409347,252,6,0xe62b71cf983019bff55bc83b48601ce8419650cc,20093468,0x7e1bf47ef36a56ea46449ddac9be07e82cae1052816c8145ec7d7fed29e559e3,136,close
2024-06-15,3564.16144692,356416144692,8,1718495999,1718495735,264,6,0xe62b71cf983019bff55bc83b48601ce8419650cc,20100604,0x9caf280dbbb20f05619d0d866425fac5413e5d6d9b40c4b437a7921ebeed5d07,124,close
2024-06-16,3619.54810000,361954810000,8,1718582399,1718582147,252,6,0xe62b71cf983019bff55bc83b48601ce8419650cc,20107768,0x8d11643663c3dc5025eecc30f7603d7880ec03c97610ccc432b103ee1a9f1f39,119,close
2024-06-17,3505.91766057,350591766057,8,1718668799,1718666987,1812,6,0xe62b71cf983019bff55bc83b48601ce8419650cc,20114788,0x2f3b63a264fe01e9a03ccc4aab5738e7bdb0f9b9d73cd05db48de74a319e2574,138,close
2024-06-18,3478.62660000,347862660000,8,1718755199,1718752643,2556,6,0xe62b71cf983019bff55bc83b48601ce8419650cc,20121864,0x6af5540f92b6b048bdfaf7b5d52a6a60962ce25de5bd1ac127d19cc0ef7df15a,330,close
2024-06-19,3555.35840000,355535840000,8,1718841599,1718841311,288,6,0xe62b71cf983019bff55bc83b48601ce8419650cc,20129200,0x58dd32b9ebe01bbc37b505d8cfea8e46c8661f88c0746058b2a4d13498126ab9,117,close
2024-06-20,3512.13610709,351213610709,8,1718927999,1718927735,264,6,0xe62b71cf983019bff55bc83b48601ce8419650cc,20136350,0x67b9e6902969659b68b5868d5e996731b9de8bc3ccf78c3ce826182f33e6daba,158,close
2024-06-21,3515.83000000,351583000000,8,1719014399,1719014207,192,6,0xe62b71cf983019bff55bc83b48601ce8419650cc,20143514,0x73ddef1fb003a63103524015fd60802a98ca044969fceadcdd284591f1abfc3d,234,close
2024-06-22,3495.26412209,349526412209,8,1719100799,1719100535,264,6,0xe62b71cf983019bff55bc83b48601ce8419650cc,20150654,0x88b981f15fafb4808ae29b91681f68383ad4eea4af26774c070bdcd79d1ead0b,81,close
2024-06-23,3418.23895975,341823895975,8,1719187199,1719186923,276,6,0xe62b71cf983019bff55bc83b48601ce8419650cc,20157802,0xb75ee267c9c4d6d070ddf524739f39b820b45910db233324791ccbc5bae0eda9,339,close
2024-06-24,3356.14626759,335614626759,8,1719273599,1719273335,264,6,0xe62b71cf983019bff55bc83b48601ce8419650cc,20164955,0xa9ea44876477fbe8a9277f53575642bdeb0749df35c4445138adbed88e069c6f,309,close
2024-06-25,3394.99849933,339499849933,8,1719359999,1719359723,276,6,0xe62b71cf983019bff55bc83b48601ce8419650cc,20172116,0x06b4716bd746411857bb2a3f17e255be9332c80fe5ebec2986acf84b39c15d7e,190,close
2024-06-26,3366.39721384,336639721384,8,1719446399,1719446135,264,6,0xe62b71cf983019bff55bc83b48601ce8419650cc,20179278,0x63b09b5fff3b12214957e736b1a86ff2f4be228ae7a3f46955fc5005acb5f092,72,close
2024-06-27,3443.39920000,344339920000,8,1719532799,1719532547,252,6,0xe62b71cf983019bff55bc83b48601ce8419650cc,20186441,0xe5cef275eb43ffb67c02eaa03a588136b38d74ec0c21043ce76cafa590c1f92e,306,close
2024-06-28,3372.67080679,337267080679,8,1719619199,1719618947,252,6,0xe62b71cf983019bff55bc83b48601ce8419650cc,20193605,0xe8a27c9c75ec99e30a7d438575e30239d5fd0306aa7e91ca315b50c1c2a6b71f,152,close
2024-06-29,3371.90000000,337190000000,8,1719705599,1719705323,276,6,0xe62b71cf983019bff55bc83b48601ce8419650cc,20200759,0xcafb1f374f8b1a8366fef51895f3e7331024534ac71c6ae2fb87982820827dd3,143,close
2024-06-30,3436.00290000,343600290000,8,1719791999,1719791735,264,6,0xe62b71cf983019bff55bc83b48601ce8419650cc,20207926,0xef498d320c31311b857ddd20eca1b6140efb1a5ce0d61d8d6fac1710a3fe3391,142,close
2024-07-01,3440.03234370,344003234370,8,1719878399,1719878387,12,6,0xe62b71cf983019bff55bc83b48601ce8419650cc,20215111,0x691e88aae3f3507f13921c2364c1d005065d868b860716d6b3f4ee13d1b3806d,147,close
2024-07-02,3416.57777100,341657777100,8,1719964799,1719964535,264,6,0xe62b71cf983019bff55bc83b48601ce8419650cc,20222243,0xd59d98e0358ed41bef99275f9dc473cc7932974d0fca1dbf1f1d9f57dc482f03,223,close
2024-07-03,3295.57823843,329557823843,8,1720051199,1720050923,276,6,0xe62b71cf983019bff55bc83b48601ce8419650cc,20229403,0xee0095c2c04ebfae04d370a614986c1b58a3c10020113db33daad657395ea42d,21,close
2024-07-04,3052.65000000,305265000000,8,1720137599,1720137527,72,6,0xe62b71cf983019bff55bc83b48601ce8419650cc,20236575,0x7fc0afa9701bb5dc63c4bc060b288245668583729d8903ed10a781890f5eeca6,2,close
2024-07-05,2983.55500000,298355500000,8,1720223999,1720223735,264,6,0xe62b71cf983019bff55bc83b48601ce8419650cc,20243725,0x21799da65dff36705526f05760c5a7dcafc972df6f1f612b9e0a85c85deab5fa,139,close
2024-07-06,3066.14358128,306614358128,8,1720310399,1720310123,276,6,0xe62b71cf983019bff55bc83b48601ce8419650cc,20250890,0xa34c52d064305f6c3fffe1306a828e6b2d8e1fcb8df6d748800aa8384fa0e5a8,39,close
2024-07-07,2930.03000000,293003000000,8,1720396799,1720396535,264,6,0xe62b71cf983019bff55bc83b48601ce8419650cc,20258051,0x3a04a1376199a95f26ece98d68e0d8759550cd17eaa70f0b5a1cfe9a80a43c49,61,close
2024-07-08,3017.62770987,301762770987,8,1720483199,1720482923,276,6,0xe62b71cf983019bff55bc83b48601ce8419650cc,20265194,0xa8fcbd2de6d714a625b657ad7e637c9930e19ebc030b6a5a8ab1462f409655f4,239,close
2024-07-09,3064.17750214,306417750214,8,1720569599,1720569335,264,6,0xe62b71cf983019bff55bc83b48601ce8419650cc,20272352,0xed7b44e4bfcafaa0b678efa52ae957e0362728d8af804c49e6773b2a1089a7b7,97,close
2024-07-10,3100.54597808,310054597808,8,1720655999,1720655735,264,6,0xe62b71cf983019bff55bc83b48601ce8419650cc,20279517,0x1cc04ccccee827081ab8a17fd22c648d7ec76d776878f185f3eabaf22f5559aa,148,close
2024-07-11,3101.66197587,310166197587,8,1720742399,1720742135,264,6,0xe62b71cf983019bff55bc83b48601ce8419650cc,20286684,0x8cc407719733821d0f88758f35f98b5914b57cbfd5f164c0073b242afed9fae2,199,close
2024-07-12,3134.96000000,313496000000,8,1720828799,1720828523,276,6,0xe62b71cf983019bff55bc83b48601ce8419650cc,20293845,0x228ea1ba9f4895885e894ccdcafc91cdef5ae77be7fc0e6af7076c262f59a590,115,close
2024-07-13,3175.49276000,317549276000,8,1720915199,1720914935,264,6,0xe62b71cf983019bff55bc83b48601ce8419650cc,20300999,0xe59d5809af41bb2905bcb9fbc2e8b53bec31bd3f7b7a0c4c6390ccb6eb389867,120,close
2024-07-14,3254.09328000,325409328000,8,1721001599,1721001347,252,6,0xe62b71cf983019bff55bc83b48601ce8419650cc,20308165,0x8df17449d7ca962aa2b0315676b208e3685a355f8052590d45155d320c2a4c7c,373,close
2024-07-15,3488.45000000,348845000000,8,1721087999,1721087735,264,6,0xe62b71cf983019bff55bc83b48601ce8419650cc,20315326,0xdf7521d8260517f6d2ca6afeed2a4c12a6082841ff98a8ccd4fd40a871b0aa7d,555,close
2024-07-16,3446.48587759,344648587759,8,1721174399,1721174147,252,6,0xe62b71cf983019bff55bc83b48601ce8419650cc,20322499,0x8f1ac101e23e94c9edc8f9e9f1d8b1d87227573cc2221a3946f3071a69434b57,122,close
2024-07-17,3387.35117947,338735117947,8,1721260799,1721260535,264,6,0xe62b71cf983019bff55bc83b48601ce8419650cc,20329667,0x407fbb96f664e20255f2649dffab9dea18b32b53978c800dd2528bd816e83c6c,244,close
2024-07-18,3426.27696614,342627696614,8,1721347199,1721346923,276,6,0xe62b71cf983019bff55bc83b48601ce8419650cc,20336827,0xc7ee6c47f01b8dd8648d0836395e16bf2b1b392ac3da9e1b5da57658989905bf,31,close
2024-07-19,3504.66000000,350466000000,8,1721433599,1721433335,264,6,0xe62b71cf983019bff55bc83b48601ce8419650cc,20344000,0xa119c62361f9915609460903b2d1555965f173095308e36600b25e78aaa6276f,100,close
2024-07-20,3522.35000000,352235000000,8,1721519999,1721519759,240,6,0xe62b71cf983019bff55bc83b48601ce8419650cc,20351165,0x1689778566853d039d339634e9fdec0f5c020dd3bea5620324fdc8a029358b66,187,close
2024-07-21,3533.70389000,353370389000,8,1721606399,1721606135,264,6,0xe62b71cf983019bff55bc83b48601ce8419650cc,20358329,0xa98e6cb7bd53fe03dfaa6d90efce93b447e21cca789d6918644d62f00fea32ba,308,close
2024-07-22,3441.44490000,344144490000,8,1721692799,1721692535,264,6,0xe62b71cf983019bff55bc83b48601ce8419650cc,20365488,0xa82f5a70ebde58df674fd0ce915e659592b4e8c95b4e1063407dcee5d566b928,195,close
2024-07-23,3483.60000000,348360000000,8,1721779199,1721778923,276,6,0xe62b71cf983019bff55bc83b48601ce8419650cc,20372652,0xf7a2da24773a06d1ccce0bbed889d58a9b8cf8a7ec41427c4a981df3be512293,239,close
2024-07-24,3336.50000000,333650000000,8,1721865599,1721865347,252,6,0xe62b71cf983019bff55bc83b48601ce8419650cc,20379818,0xbf4e325e9a962ac8ef78117a2f508d99ff8ece023e927f3b58ee8fedc635df87,77,close
2024-07-25,3172.11000000,317211000000,8,1721951999,1721951747,252,6,0xe62b71cf983019bff55bc83b48601ce8419650cc,20386979,0x79c3848ae7d92e9513e96af875a7bfc8c9189c59eefdd6ec27e4c76ffc793e46,160,close
2024-07-26,3277.95537000,327795537000,8,1722038399,1722038135,264,6,0xe62b71cf983019bff55bc83b48601ce8419650cc,20394139,0xf01583ce90275aff274f133b0a534c96ae55fcc22409ae0961a8089bca48f0d8,136,close
2024-07-27,3254.70740736,325470740736,8,1722124799,1722124547,252,6,0xe62b71cf983019bff55bc83b48601ce8419650cc,20401301,0xf1bcd9a8bbf83f93bbe1a0678f14d35d30b0a41bccc45922e8603e87f08f077c,126,close
2024-07-28,3272.71118740,327271118740,8,1722211199,1722210935,264,6,0xe62b71cf983019bff55bc83b48601ce8419650cc,20408476,0xf81a9caee27a58dd387cd80618bb33d61f256c7993f5beb918aa37cb849907a8,133,close
2024-07-29,3318.14000000,331814000000,8,1722297599,1722297347,252,6,0xe62b71cf983019bff55bc83b48601ce8419650cc,20415648,0x5a98281a549d425ff5029949252e9f75bd8dc2c9296bf4c26cd04d6482161819,49,close
2024-07-30,3277.59097121,327759097121,8,1722383999,1722383735,264,6,0xe62b71cf983019bff55bc83b48601ce8419650cc,20422786,0x008e401e396f63991662bfd639f4b81b528c1223adb1f55697aae8430f23c33e,202,close
2024-07-31,3232.46657464,323246657464,8,1722470399,1722470135,264,6,0xe62b71cf983019bff55bc83b48601ce8419650cc,20429951,0xc06aba08b706a48b9c4575396d78f86469509ff9c89ac7b8b822f2d0070a3e0c,15,close
2024-08-01,3204.62000000,320462000000,8,1722556799,1722556523,276,6,0xe62b71cf983019bff55bc83b48601ce8419650cc,20437114,0x071c47b9fee82becdf7bdb48d196c79b33873d31b5fad7c2fe63243d160368ce,454,close
2024-08-02,2983.35849869,298335849869,8,1722643199,1722642935,264,6,0xe62b71cf983019bff55bc83b48601ce8419650cc,20444272,0x92bd58fc9f3d2cb0ee00a760a310644b381b01644abd9101c5b7d23272243ae3,172,close
2024-08-03,2906.31409000,290631409000,8,1722729599,1722729359,240,6,0xe62b71cf983019bff55bc83b48601ce8419650cc,20451439,0x0898966eed9b8a4a41e21864eba445f049cc100c59a782da3c71b21c2873f3b0,289,close
2024-08-04,2683.30510000,268330510000,8,1722815999,1722815747,252,6,0xe62b71cf983019bff55bc83b48601ce8419650cc,20458616,0xc88e8fcff046af738a8bbd2d82725c09898e2fa8b8770b75ac204f7a871b2bcd,98,close
2024-08-05,2418.03561829,241803561829,8,1722902399,1722902123,276,6,0xe62b71cf983019bff55bc83b48601ce8419650cc,20465783,0xb6aa70dacb818e2a0ae5467ac9862c315635fab8833a6ce03222a12ee9e11a13,127,close
2024-08-06,2456.46702860,245646702860,8,1722988799,1722988535,264,6,0xe62b71cf983019bff55bc83b48601ce8419650cc,20472948,0x71093a56193fe267b2111dc1f70ab11f89375691cbe089dde49ab656c1a1a0b3,101,close
2024-08-07,2336.40480259,233640480259,8,1723075199,1723074923,276,6,0xe62b71cf983019bff55bc83b48601ce8419650cc,20480118,0xb40e8709cf9a7dfc94ef2da5d82f505c5fe5b0ccc8849e1e878fd1cffa7f6b72,28,close
2024-08-08,2683.88001553,268388001553,8,1723161599,1723161347,252,6,0xe62b71cf983019bff55bc83b48601ce8419650cc,20487295,0x03f6c9c85b18ed260c64a5c1eabb6a53515a266e817ce4e4f7c091b38a6cb0ca,77,close
2024-08-09,2598.46556000,259846556000,8,1723247999,1723247723,276,6,0xe62b71cf983019bff55bc83b48601ce8419650cc,20494461,0x23939a7da134b490cbbc8fca47597188646fab47c303f383caaa83285a04d762,156,close
2024-08-10,2607.56000000,260756000000,8,1723334399,1723334135,264,6,0xe62b71cf983019bff55bc83b48601ce8419650cc,20501632,0x8a1af65b228194e665133c93dd79ecd36f5d411f72438bb2637b0b7b235accc6,244,close
2024-08-11,2558.34000000,255834000000,8,1723420799,1723420535,264,6,0xe62b71cf983019bff55bc83b48601ce8419650cc,20508791,0x6a45fd770f0d4d52b347425707acb6b6f983323bcb049b8efd7811ac5cc84afe,75,close
2024-08-12,2724.66140000,272466140000,8,1723507199,1723506923,276,6,0xe62b71cf983019bff55bc83b48601ce8419650cc,20515957,0x305453fec774e02681bc5eb1296b66a031b1409b2f8ed3e0f929f922bf5a26cc,310,close
2024-08-13,2703.30000000,270330000000,8,1723593599,1723593335,264,6,0xe62b71cf983019bff55bc83b48601ce8419650cc,20523125,0xb40320cef0e2e55042d75b558a376fe4e4cd35b04ba6f354dc2638a24c184390,160,close
2024-08-14,2663.98727030,266398727030,8,1723679999,1723679735,264,6,0xe62b71cf983019bff55bc83b48601ce8419650cc,20530287,0xf3789b6fc04864ecf9f6bcb8e92d908ea69901cb3a246f9acd77fab39c7435d7,212,close
2024-08-15,2571.58781866,257158781866,8,1723766399,1723766123,276,6,0xe62b71cf983019bff55bc83b48601ce8419650cc,20537439,0xa2912cb8bb060b76f60671ae7e901a34f9371f802f161fb8143df2884fce33b2,178,close
2024-08-16,2592.16000000,259216000000,8,1723852799,1723852523,276,6,0xe62b71cf983019bff55bc83b48601ce8419650cc,20544605,0x21530d5975fb1e58bd4c0fd4683ad3bf95e1a4eb3ec8479006b1b36449e843ac,209,close
2024-08-17,2613.28782666,261328782666,8,1723939199,1723938935,264,6,0xe62b71cf983019bff55bc83b48601ce8419650cc,20551762,0xc1da42f088326e2945d6f487341564f91f482daf9eaaac7abec3752ab650da7c,268,close
2024-08-18,2615.55350000,261555350000,8,1724025599,1724025335,264,6,0xe62b71cf983019bff55bc83b48601ce8419650cc,20558935,0xdb54acd9edb80e21620024426d2c62d54c43b1907dae3412dbc46aacbd40c827,267,close
2024-08-19,2638.47520000,263847520000,8,1724111999,1724111735,264,6,0xe62b71cf983019bff55bc83b48601ce8419650cc,20566092,0xf4f840f7c935b2a712b91c957a4256e3dccf533659cef4b68e4eefd99a2f8d1b,187,close
2024-08-20,2574.49000000,257449000000,8,1724198399,1724198147,252,6,0xe62b71cf983019bff55bc83b48601ce8419650cc,20573250,0xa599bc6ca04d107d65c089ecc4a8097e391327f8ae55bf203c837c46294f9bb7,262,close
2024-08-21,2631.93015200,263193015200,8,1724284799,1724284535,264,6,0xe62b71cf983019bff55bc83b48601ce8419650cc,20580407,0xa38e9c2b5c3fd3704a4d1cb15de0be0617ee65da2a8b3e5e3c626cc8e641c7ba,285,close
2024-08-22,2623.26208274,262326208274,8,1724371199,1724370983,216,6,0xe62b71cf983019bff55bc83b48601ce8419650cc,20587570,0x3ec7afb718f5780918a6d38086a0f05e5725d6f6dde3aace76355295a406a19c,283,close
2024-08-23,2760.03910000,276003910000,8,1724457599,1724457323,276,6,0xe62b71cf983019bff55bc83b48601ce8419650cc,20594719,0x86463d820619ad52d07a4271333c8f02e5037f7a4ecbeb624894a9d767ea35b1,133,close
2024-08-24,2768.60000000,276860000000,8,1724543999,1724543747,252,6,0xe62b71cf983019bff55bc83b48601ce8419650cc,20601870,0x466ec102fc527169cf29c2fdad539720c060e66c33cf1fa8de89820671118be6,341,close
2024-08-25,2746.29530000,274629530000,8,1724630399,1724630123,276,6,0xe62b71cf983019bff55bc83b48601ce8419650cc,20609023,0x7ea96339dbdcf301de0d243ff397a83836ed96d11cbe9de1dc9e8f3f4d8abce5,229,close
2024-08-26,2680.31940000,268031940000,8,1724716799,1724716535,264,6,0xe62b71cf983019bff55bc83b48601ce8419650cc,20616180,0x8fcd2a1ad08fcb492a2267079293bb1065897bb40abe6547261654f32ff1fa93,71,close
2024-08-27,2458.81490000,245881490000,8,1724803199,1724802923,276,6,0xe62b71cf983019bff55bc83b48601ce8419650cc,20623344,0x760e41038d961c61ab3d18f1c640e38ce05e08c65b1eee41731232229c6faab6,206,close
2024-08-28,2528.04000000,252804000000,8,1724889599,1724889347,252,6,0xe62b71cf983019bff55bc83b48601ce8419650cc,20630505,0xbb95c3475d2ef21f7e08bd0b02a7f9f21e206778580df883cba763f4f88aa5e2,117,close
2024-08-29,2526.80503218,252680503218,8,1724975999,1724975747,252,6,0xe62b71cf983019bff55bc83b48601ce8419650cc,20637654,0x1f3ef7f8ddc03f4fbf4926b1f42c0c2fe7160fa1923dd6337a188230f26a767c,181,close
2024-08-30,2526.78838667,252678838667,8,1725062399,1725062135,264,6,0xe62b71cf983019bff55bc83b48601ce8419650cc,20644810,0x8e63e4f86a6f9fff3a93abb472f325f837ce1e2dc6a70c4dc7f2031fff9fb222,49,close
2024-08-31,2513.89393700,251389393700,8,1725148799,1725148523,276,6,0xe62b71cf983019bff55bc83b48601ce8419650cc,20651970,0x8cd653cf31fc48a323bd60fbd43b6c16c33e75ae2c3fcb2b51b3167ae934de07,154,close
2024-09-01,2427.70970000,242770970000,8,1725235199,1725234935,264,6,0xe62b71cf983019bff55bc83b48601ce8419650cc,20659135,0xf12d3704e04ca049bbff22a6d21e89bf0de506192c192e719ed4090f98fa14ee,33,close
2024-09-02,2535.06000000,253506000000,8,1725321599,1725321347,252,6,0xe62b71cf983019bff55bc83b48601ce8419650cc,20666306,0x2ba85fb75f173154354fa830ce7bd971ca1743c08aacec1ff74b4376b051033d,68,close
2024-09-03,2426.58995924,242658995924,8,1725407999,1725407735,264,6,0xe62b71cf983019bff55bc83b48601ce8419650cc,20673475,0x01e19f38010e009a2dc484ed0c13fce346dc0e728ae138378e1cb9d205157b8a,141,close
2024-09-04,2448.48075483,244848075483,8,1725494399,1725494147,252,6,0xe62b71cf983019bff55bc83b48601ce8419650cc,20680642,0xe9747890f6f66b724ec04b5fd3da051db96ac8b6569f385550cd6dde044da6a6,202,close
2024-09-05,2366.53608927,236653608927,8,1725580799,1725580523,276,6,0xe62b71cf983019bff55bc83b48601ce8419650cc,20687807,0x11460b34f57b68f2bbc18f4231e2aeeed2141366cbf4ba1b25d29a6978f0a641,96,close
2024-09-06,2222.62530849,222262530849,8,1725667199,1725666947,252,6,0xe62b71cf983019bff55bc83b48601ce8419650cc,20694970,0xe0089ccb3aed1581479d9a7c4e957541a35233858f77ca4edd59fb24c57590d5,174,close
2024-09-07,2274.45000000,227445000000,8,1725753599,1725753335,264,6,0xe62b71cf983019bff55bc83b48601ce8419650cc,20702150,0xb840cf82cedc68fc1bdfd2940bd0b85681760e478c16b351c48d097bfc35ade4,656,close
2024-09-08,2298.03500000,229803500000,8,1725839999,1725839747,252,6,0xe62b71cf983019bff55bc83b48601ce8419650cc,20709309,0xf9a001d1404ed1c105b42df429f9c03bb08240480db2706ea92e75e118cffb63,195,close
2024-09-09,2359.79820000,235979820000,8,1725926399,1725926135,264,6,0xe62b71cf983019bff55bc83b48601ce8419650cc,20716475,0xe6ac08c58f2b37e4a1391586a95592b067d71cd3eeaed6630d8da2722827af10,195,close
2024-09-10,2390.65505700,239065505700,8,1726012799,1726012523,276,6,0xe62b71cf983019bff55bc83b48601ce8419650cc,20723626,0x82a13e33c03abeaa1da42ffcc6da45ae0eea0e2233c73135e8b8a9726a9c326f,104,close
2024-09-11,2342.94500000,234294500000,8,1726099199,1726098947,252,6,0xe62b71cf983019bff55bc83b48601ce8419650cc,20730790,0x06b15f9be642795e2cea82d93dff5ad96af0219b584cfe2266179e81e6961f53,28,close
2024-09-12,2362.46684635,236246684635,8,1726185599,1726185323,276,6,0xe62b71cf983019bff55bc83b48601ce8419650cc,20737942,0x77ede15e0e00386ec4bdaa83215ae3ae9d9f447ebbfaa36582e0dc1495b70edb,148,close
2024-09-13,2442.77512647,244277512647,8,1726271999,1726271735,264,6,0xe62b71cf983019bff55bc83b48601ce8419650cc,20745111,0x0679828c01c198f0b7e8f7419503e8641c6fe0d227b209c10104919838b2d9dd,329,close
2024-09-14,2417.89000000,241789000000,8,1726358399,1726358123,276,6,0xe62b71cf983019bff55bc83b48601ce8419650cc,20752264,0xae98a6ae3435acddb0b863374d11a976ce304dcbfbbe9796ec2ccbfe15230e75,595,close
2024-09-15,2319.85775399,231985775399,8,1726444799,1726444535,264,6,0xe62b71cf983019bff55bc83b48601ce8419650cc,20759442,0x2c36f6cd7a63d5df2c02dc48a5aa7fbc3e6c423ff672ea3d7044c5c085155b72,247,close
2024-09-16,2295.44000000,229544000000,8,1726531199,1726530935,264,6,0xe62b71cf983019bff55bc83b48601ce8419650cc,20766595,0xc89f6ad99f5a8d5f6a1e13b931984bfa10184f4d150937e9355cebaec7fd9d84,224,close
2024-09-17,2341.29761456,234129761456,8,1726617599,1726617335,264,6,0xe62b71cf983019bff55bc83b48601ce8419650cc,20773739,0xe6c97916632c6cce33df9ed4defa4a34c94bc25524cb4dd63efeb832bf638d8e,132,close
2024-09-18,2363.80197816,236380197816,8,1726703999,1726703747,252,6,0xe62b71cf983019bff55bc83b48601ce8419650cc,20780895,0x4bf1cf6892bb00ee535330eeb1c611da6e3012126867101a09439d71179cd692,131,close
2024-09-19,2465.25759399,246525759399,8,1726790399,1726790135,264,6,0xe62b71cf983019bff55bc83b48601ce8419650cc,20788062,0x649315e668fff7c9afc231c552f7b805a16b9ab51cd79820268015e3046917c4,11,close
2024-09-20,2558.18537496,255818537496,8,1726876799,1726876547,252,6,0xe62b71cf983019bff55bc83b48601ce8419650cc,20795218,0x12c7586f78e71cd524d5a514fc47f3c9d77610fa018e8f6de8d2e9239b7e701e,207,close
2024-09-21,2614.64683463,261464683463,8,1726963199,1726962935,264,6,0xe62b71cf983019bff55bc83b48601ce8419650cc,20802367,0xda065763edeab5425d7f944f84ad923bccb6d96f1b13c83d887d3f2e886c5e44,258,close
2024-09-22,2580.84430000,258084430000,8,1727049599,1727049347,252,6,0xe62b71cf983019bff55bc83b48601ce8419650cc,20809541,0x459c2581f6fb2d854ba81e520bbc85f7d7f12dcc6aa5f9f7c5ca0548ed0c255a,128,close
2024-09-23,2647.84451100,264784451100,8,1727135999,1727135735,264,6,0xe62b71cf983019bff55bc83b48601ce8419650cc,20816703,0x129a4f874e3a70ff840ce0b3c1c59c0aec3244ee128cafb7d924c94dd8e44919,99,close
2024-09-24,2654.31374549,265431374549,8,1727222399,1727220779,1620,7,0x7d4e742018fb52e48b08be73d041c18b21de6fb5,20823767,0x5d3dd59484c0ce235b73e13cbf87f719601096451c366c6798edfd70f2ffcc91,549,close
2024-09-25,2576.28060000,257628060000,8,1727308799,1727308451,348,7,0x7d4e742018fb52e48b08be73d041c18b21de6fb5,20831031,0xd0e692f0ebfc85242fe6379d11371cf69e50f4bcd7d006fe013f7c88382f662e,151,close
2024-09-26,2623.93000000,262393000000,8,1727395199,1727392703,2496,7,0x7d4e742018fb52e48b08be73d041c18b21de6fb5,20838025,0xd240ed43c566ba2a6f1eb5103ffef3aceaee01919c26a40157c4d34ef6db04c7,225,close
2024-09-27,2703.37350000,270337350000,8,1727481599,1727478767,2832,7,0x7d4e742018fb52e48b08be73d041c18b21de6fb5,20845171,0x8875058fe8c29b17b0f65ef0537d09fc5256e415afed368f35ed653cb0157592,183,close
2024-09-28,2674.26040000,267426040000,8,1727567999,1727565635,2364,7,0x7d4e742018fb52e48b08be73d041c18b21de6fb5,20852377,0x747883005f9f42d871be0dd4f3b1c07d909473df00eb0689113aa5304f244d04,239,close
2024-09-29,2656.32010000,265632010000,8,1727654399,1727651963,2436,7,0x7d4e742018fb52e48b08be73d041c18b21de6fb5,20859537,0x0cfa92b4f601bcd7c6c79421a442747643c4f8e77e7ad9accc5429b1d1c78244,206,close
2024-09-30,2592.59640356,259259640356,8,1727740799,1727740031,768,7,0x7d4e742018fb52e48b08be73d041c18b21de6fb5,20866854,0x183de3971f874ac3107c9eeff5ebf5dbcb9c2a9c5cc596cd0c47798bdabad332,107,close
2024-10-01,2453.98000000,245398000000,8,1727827199,1727826035,1164,7,0x7d4e742018fb52e48b08be73d041c18b21de6fb5,20873988,0x0a25f2597ac1d5ffea32de932963c570b3a80a058345bd3016eb22e99b070432,89,close
2024-10-02,2365.61192737,236561192737,8,1727913599,1727912579,1020,7,0x7d4e742018fb52e48b08be73d041c18b21de6fb5,20881176,0x5d157db315e7db4516ef185c5519319da203e9644504a98edacadfb2d12f48e9,427,close
2024-10-03,2347.37610000,234737610000,8,1727999999,1727997815,2184,7,0x7d4e742018fb52e48b08be73d041c18b21de6fb5,20888243,0x7e56246c0a5ac81ed6bca6736b98637731223bf8fce7884176b026ed352ef531,195,close
2024-10-04,2415.46350375,241546350375,8,1728086399,1728085139,1260,7,0x7d4e742018fb52e48b08be73d041c18b21de6fb5,20895502,0x7fdcb86702f9ce59f76df2ee671077871ca037d2be23dcd6ce0d138ba5590631,234,close
2024-10-05,2413.02054800,241302054800,8,1728172799,1728170483,2316,7,0x7d4e742018fb52e48b08be73d041c18b21de6fb5,20902591,0x9a40706576caa9b0bed389fcdde44090a0cd373b025b15befbc87cf7845b38dd,137,close
2024-10-06,2442.91000000,244291000000,8,1728259199,1728255815,3384,7,0x7d4e742018fb52e48b08be73d041c18b21de6fb5,20909675,0x5eaee4d9c45f2a6b54c52f6deedb6c58f64cb09a2c64d20d73ff9db9d35a4025,216,close
2024-10-07,2428.82020773,242882020773,8,1728345599,1728342635,2964,7,0x7d4e742018fb52e48b08be73d041c18b21de6fb5,20916883,0xbd432eaf4497103dfdc7ccbe6596fc66005476bd454937e9dd4ea2b9b9e49f42,218,close
2024-10-08,2438.50584608,243850584608,8,1728431999,1728428459,3540,7,0x7d4e742018fb52e48b08be73d041c18b21de6fb5,20924010,0xab0f1681ce6138468b618b46cee47054aa5ab7f169deeb9995efa88a25947792,434,close
2024-10-09,2370.07226932,237007226932,8,1728518399,1728517847,552,7,0x7d4e742018fb52e48b08be73d041c18b21de6fb5,20931436,0xf6aa6997d5fdd89cb8d3171db71e005acb484831163a7dea64c6b4812b5db0dc,384,close
2024-10-10,2383.97000000,238397000000,8,1728604799,1728604559,240,7,0x7d4e742018fb52e48b08be73d041c18b21de6fb5,20938638,0xfc8bc6b76ff79db4770d2f7a41bea9face827660d8541c320686928af1a0c39c,305,close
2024-10-11,2442.25882240,244225882240,8,1728691199,1728688439,2760,7,0x7d4e742018fb52e48b08be73d041c18b21de6fb5,20945582,0xcf47dcaba9ca497bf66b165d57310cc39aaa5dd471cc59d8de1b174fa65c4084,137,close
2024-10-12,2476.32671585,247632671585,8,1728777599,1728777107,492,7,0x7d4e742018fb52e48b08be73d041c18b21de6fb5,20952917,0xa6bfbbec0d412ba37e4da638d51d55b50e9d4aef524ba014cdd0dd5b05b0f3b0,240,close
2024-10-13,2461.51770000,246151770000,8,1728863999,1728862103,1896,7,0x7d4e742018fb52e48b08be73d041c18b21de6fb5,20959932,0x054358551d5320bc7a669c6aa8c74a8828e1ba17a010071b8be1a18dde8536ce,181,close
2024-10-14,2633.67876478,263367876478,8,1728950399,1728947795,2604,7,0x7d4e742018fb52e48b08be73d041c18b21de6fb5,20967028,0xddc991d02afebbc7b767660e967cf0007550287d948bd3ae70502835e640943e,210,close
2024-10-15,2594.48123527,259448123527,8,1729036799,1729034771,2028,7,0x7d4e742018fb52e48b08be73d041c18b21de6fb5,20974233,0x68a6d0d02be9870558a642b769aabcf0a2d983255bf0d9b410eeb0034db9c94a,86,close
2024-10-16,2610.50000000,261050000000,8,1729123199,1729121315,1884,7,0x7d4e742018fb52e48b08be73d041c18b21de6fb5,20981403,0xaa7da20a4dbeaad73b9be19445320476b16eff8bee1d0b8f33f7ecd08d0eb0a1,165,close
2024-10-17,2604.20652214,260420652214,8,1729209599,1729208675,924,7,0x7d4e742018fb52e48b08be73d041c18b21de6fb5,20988647,0x34588161552d367113800edfbf202e2b937185d8fa5b6da200b5a13f3cf3e59d,318,close
2024-10-18,2640.00000000,264000000000,8,1729295999,1729293107,2892,7,0x7d4e742018fb52e48b08be73d041c18b21de6fb5,20995651,0x0ba3f4f6df67ce299a981cdd1ed70ed34be543b5d9cf515a135be2700e371ba2,325,close
2024-10-19,2649.31000000,264931000000,8,1729382399,1729379135,3264,7,0x7d4e742018fb52e48b08be73d041c18b21de6fb5,21002791,0x2ec0b5c9df3e275ed15d64d4025aab2db019498cbab95a10ec1bc8288fa6835d,321,close
2024-10-20,2741.36996398,274136996398,8,1729468799,1729468307,492,7,0x7d4e742018fb52e48b08be73d041c18b21de6fb5,21010189,0x882034fc8e3ae5d8bbed923bf02571c4928378f6741e97762de23a6c2f77a328,56,close
2024-10-21,2670.02613979,267002613979,8,1729555199,1729552163,3036,7,0x7d4e742018fb52e48b08be73d041c18b21de6fb5,21017148,0xba6638cb9ca4cbf35ab1e46e480ed3a1aec115311154c1140a9861be6cde851d,257,close
2024-10-22,2629.04974230,262904974230,8,1729641599,1729639451,2148,7,0x7d4e742018fb52e48b08be73d041c18b21de6fb5,21024380,0x88bf56007640141539d07bab65e704f53bc54a0644e2182646678ab943d9218f,188,close
2024-10-23,2517.21000000,251721000000,8,1729727999,1729725491,2508,7,0x7d4e742018fb52e48b08be73d041c18b21de6fb5,21031526,0x19704f2a26306141a98d9d95c1af0ce32c419775a88f5f24e0696e5c5b2acd76,145,close
2024-10-24,2532.72000000,253272000000,8,1729814399,1729813115,1284,7,0x7d4e742018fb52e48b08be73d041c18b21de6fb5,21038798,0xb2226c98ef64e08e507cd9ecf28f3ec92b4b1c2d5e2fa097e4225424c3a0839b,429,close
2024-10-25,2425.22000000,242522000000,8,1729900799,1729900583,216,7,0x7d4e742018fb52e48b08be73d041c18b21de6fb5,21046058,0x71738cc8fb9eb6568fef74939436578418aefb6b95cf299b082e3faf26c5c508,200,close
2024-10-26,2483.02247837,248302247837,8,1729987199,1729984739,2460,7,0x7d4e742018fb52e48b08be73d041c18b21de6fb5,21053033,0xcf27155eb37a74db49190b4e7b451662fce55951f24c6a4c618310daea857ba4,585,close
2024-10-27,2506.28000000,250628000000,8,1730073599,1730072891,708,7,0x7d4e742018fb52e48b08be73d041c18b21de6fb5,21060353,0xa965d09ac5019a1da0b42960d0c757418ece0b71a0124357ca5b9d421f809b45,177,close
2024-10-28,2563.64820399,256364820399,8,1730159999,1730158343,1656,7,0x7d4e742018fb52e48b08be73d041c18b21de6fb5,21067433,0xf3ec65b13271b5b585ec23d77e3299f5d88d6b094ce2fc3a1d5360ed54d10e8a,11,close
2024-10-29,2635.67000000,263567000000,8,1730246399,1730245391,1008,7,0x7d4e742018fb52e48b08be73d041c18b21de6fb5,21074655,0x9d68e47b92902accc0979ce459e7da7671c1fcb6bf4595eab1a54bdcc9fe7d3b,149,close
2024-10-30,2662.41000000,266241000000,8,1730332799,1730329559,3240,7,0x7d4e742018fb52e48b08be73d041c18b21de6fb5,21081625,0x68c1f505de597b02e9de12430d8c5ec67f1ba57c479c7b38827b73014c812950,191,close
2024-10-31,2517.13620867,251713620867,8,1730419199,1730418191,1008,7,0x7d4e742018fb52e48b08be73d041c18b21de6fb5,21088984,0x4de880ea40cb1bb6e8a2949167a8b1dc0b31e0520b852e4ca476e60d37f13a9d,30,close
2024-11-01,2512.22348229,251222348229,8,1730505599,1730505515,84,7,0x7d4e742018fb52e48b08be73d041c18b21de6fb5,21096231,0x9b2d4e31fe3c058faf9b490ce4d290d72cd4c116675e1e36c7fb5524e2d18871,169,close
2024-11-02,2487.57000000,248757000000,8,1730591999,1730590487,1512,7,0x7d4e742018fb52e48b08be73d041c18b21de6fb5,21103266,0x9ffe68434aaa8e6476fd3288224e8d630be916b7617d7b718913674a02f2320c,335,close
2024-11-03,2454.96146839,245496146839,8,1730678399,1730674883,3516,7,0x7d4e742018fb52e48b08be73d041c18b21de6fb5,21110267,0x30f5cd53febc92a59a4979735963a2ab4bffef96ce38b59c4883caff7c904e7b,209,close
2024-11-04,2400.04177424,240004177424,8,1730764799,1730761535,3264,7,0x7d4e742018fb52e48b08be73d041c18b21de6fb5,21117457,0x98f322b5454e0d3b2c9179626ccebe75c8dfb18e243edb874f94238373387489,509,close
2024-11-05,2425.09320000,242509320000,8,1730851199,1730850611,588,7,0x7d4e742018fb52e48b08be73d041c18b21de6fb5,21124839,0xd40025db9f5920bf0a2a5d2d71af8807c8c791b969013b74d1346d74957f8e3d,78,close
2024-11-06,2719.87520000,271987520000,8,1730937599,1730935931,1668,7,0x7d4e742018fb52e48b08be73d041c18b21de6fb5,21131912,0x8e97c8dc76faa39e3f0d3bac18157c80fa4405ee133e9f629367801289a76146,551,close
2024-11-07,2892.96000000,289296000000,8,1731023999,1731022727,1272,7,0x7d4e742018fb52e48b08be73d041c18b21de6fb5,21139103,0x17d7405d5258a655dfb8dd8518cdccfc93f629eadf8a7fb1bf34333c656f0306,359,close
2024-11-08,2957.76205256,295776205256,8,1731110399,1731109643,756,7,0x7d4e742018fb52e48b08be73d041c18b21de6fb5,21146305,0x1fe8543b902e7bd53075ac2a6a44528af0236502a83f3863843e3b43db798e99,42,close
2024-11-09,3126.55000000,312655000000,8,1731196799,1731196367,432,7,0x7d4e742018fb52e48b08be73d041c18b21de6fb5,21153505,0xe756c8c22d4f279a8244596df9b61c142a4ebd8f1ca826d902742026bce7b2ac,213,close
2024-11-10,3187.90000000,318790000000,8,1731283199,1731283199,0,7,0x7d4e742018fb52e48b08be73d041c18b21de6fb5,21160714,0x172aa390e4867b320bcfa9f42a1b3e3ae843781c53e43a94f6742af94866c484,287,close
2024-11-11,3384.70109482,338470109482,8,1731369599,1731369143,456,7,0x7d4e742018fb52e48b08be73d041c18b21de6fb5,21167845,0x2b00f936d4ff78a539130796adcb14bc29634a59407fc027209347f72d999470,266,close
2024-11-12,3246.83000000,324683000000,8,1731455999,1731453731,2268,7,0x7d4e742018fb52e48b08be73d041c18b21de6fb5,21174858,0x2d7143a80f42c3999610d1c248e6774406a7eb6c621c00a9dcfd03a16e2cd3d2,342,close
2024-11-13,3185.06315204,318506315204,8,1731542399,1731539939,2460,7,0x7d4e742018fb52e48b08be73d041c18b21de6fb5,21182008,0x51d0f0ec1e0a2cff79d6203d2b43985d0e7724e9683dc5938093b8317026c0a6,168,close
2024-11-14,3045.13208764,304513208764,8,1731628799,1731627359,1440,7,0x7d4e742018fb52e48b08be73d041c18b21de6fb5,21189252,0x93fa910278a171cb266cea14e6fe5e7238c15d47ac17a93f2c4b233f2176391f,54,close
2024-11-15,3096.50000000,309650000000,8,1731715199,1731714551,648,7,0x7d4e742018fb52e48b08be73d041c18b21de6fb5,21196477,0x70c93186ae484143e103729cd6d70209b41ff4a208842a2374cd12b05857eb9f,171,close
2024-11-16,3133.76708405,313376708405,8,1731801599,1731801407,192,7,0x7d4e742018fb52e48b08be73d041c18b21de6fb5,21203687,0x1d9ceec4921253776c83d4bafef4ac120289cf099a559a95c6e264c319c8c454,2,close
2024-11-17,3076.99698553,307699698553,8,1731887999,1731887603,396,7,0x7d4e742018fb52e48b08be73d041c18b21de6fb5,21210841,0xed2cf88b5f870217f5c09d499b0b06252ee9b80e79056d4bc475bbff1262cd19,437,close
2024-11-18,3209.52410977,320952410977,8,1731974399,1731973655,744,7,0x7d4e742018fb52e48b08be73d041c18b21de6fb5,21217987,0xf35e59c7c83d5e3a4f560cb16c19956feae1d2646bed31e9c0053f9989f8956a,180,close
2024-11-19,3115.50500000,311550500000,8,1732060799,1732058303,2496,7,0x7d4e742018fb52e48b08be73d041c18b21de6fb5,21225017,0xb730b9a9931011ba97d5d099f6b44d6b2418d13430928f31360a0c0bfa801f45,201,close
2024-11-20,3080.67000000,308067000000,8,1732147199,1732145999,1200,7,0x7d4e742018fb52e48b08be73d041c18b21de6fb5,21232286,0x2a3867fb189acacea23509ea73604b1e280f662b2aaacb5c3685bdab7aa4ab59,316,close
2024-11-21,3363.12798000,336312798000,8,1732233599,1732230779,2820,7,0x7d4e742018fb52e48b08be73d041c18b21de6fb5,21239316,0x79a411dfc47e2ca88a739082b6dd39ea45b01fd3bd48f244f0903abae0cf3e0a,145,close
2024-11-22,3326.01145097,332601145097,8,1732319999,1732318655,1344,7,0x7d4e742018fb52e48b08be73d041c18b21de6fb5,21246599,0x37a096a1f10de0dd046f7fed5652c1ddaa9192dcc76b74bdb7c185b34eb33838,83,close
2024-11-23,3389.70000000,338970000000,8,1732406399,1732404227,2172,7,0x7d4e742018fb52e48b08be73d041c18b21de6fb5,21253699,0xc78c84a86d84674408a87db4e28249e96b6384738d23604a037cf569f4e197f3,213,close
2024-11-24,3365.72686600,336572686600,8,1732492799,1732489691,3108,7,0x7d4e742018fb52e48b08be73d041c18b21de6fb5,21260787,0xb826366a2df4de78a933a21ccdb928d67a1c0cd4ee655d38a4d328f16ac18ba4,259,close
2024-11-25,3412.41197267,341241197267,8,1732579199,1732578551,648,7,0x7d4e742018fb52e48b08be73d041c18b21de6fb5,21268148,0x2011e2b31f4b79fb9fbe7c2f08b854c9ecc4e859d8a35c7d7ea4c365ec435db3,114,close
2024-11-26,3318.61022148,331861022148,8,1732665599,1732662287,3312,7,0x7d4e742018fb52e48b08be73d041c18b21de6fb5,21275094,0x7b2cd57e058572ad2ca8ca121d47fd3680b0fc696c583113a09b2a39b607da2d,187,close
2024-11-27,3660.85000000,366085000000,8,1732751999,1732751831,168,7,0x7d4e742018fb52e48b08be73d041c18b21de6fb5,21282508,0x8f4219b05967d503b4604cec10f8d7697823d2d87fd6266029b708060281308b,236,close
2024-11-28,3584.31484370,358431484370,8,1732838399,1732835867,2532,7,0x7d4e742018fb52e48b08be73d041c18b21de6fb5,21289424,0x371407ebbb03092ce33b4e9fb34fbf62b37d0b4ad9fb834975f1b85493fb3ae8,54,close
2024-11-29,3596.45000000,359645000000,8,1732924799,1732922627,2172,7,0x7d4e742018fb52e48b08be73d041c18b21de6fb5,21296599,0x2d474f90ba68a11d8d0b24c5a16399466d5eb3b9db83dc1a4f47f5629f62cce2,64,close
2024-11-30,3715.85000000,371585000000,8,1733011199,1733009027,2172,7,0x7d4e742018fb52e48b08be73d041c18b21de6fb5,21303753,0xc09f55bc400f73670bb7733e4c2b26b8e9aa793068ab9b3467df9bbc33d8d35b,213,close
2024-12-01,3706.40970000,370640970000,8,1733097599,1733097179,420,7,0x7d4e742018fb52e48b08be73d041c18b21de6fb5,21311070,0xed9888281381540fadccfbded42c3e2b180435cbaf5555bd2f8e232b4b6716e9,117,close
2024-12-02,3644.53510000,364453510000,8,1733183999,1733183579,420,7,0x7d4e742018fb52e48b08be73d041c18b21de6fb5,21318224,0xd8c73abd32fbce49c2e5ca4ed1e39d76b92df119936e87a1eba5576472292b16,148,close
2024-12-03,3620.83880000,362083880000,8,1733270399,1733270303,96,7,0x7d4e742018fb52e48b08be73d041c18b21de6fb5,21325407,0xf4955b2164374c8afb539b4778725ac79d5539a5304e757b09aa05d233707658,112,close
2024-12-04,3843.91410000,384391410000,8,1733356799,1733354999,1800,7,0x7d4e742018fb52e48b08be73d041c18b21de6fb5,21332428,0xef6e91d9ae37d219ef8376e6f9135ae0487b279b0a74a403c6a15fb85d496e0c,298,close
2024-12-05,3798.75718600,379875718600,8,1733443199,1733441651,1548,7,0x7d4e742018fb52e48b08be73d041c18b21de6fb5,21339603,0x401de6a2bf2ce1cf8b1c2f03eb7b1e2d7b682cb22b0c912891b8e4311a78a50e,206,close
2024-12-06,4006.15280000,400615280000,8,1733529599,1733527331,2268,7,0x7d4e742018fb52e48b08be73d041c18b21de6fb5,21346705,0x7d8fb659a69483e2a1a476c2ceadcdeabcf5c8afc13253b2b4d279173d772693,9,close
2024-12-07,4006.20891500,400620891500,8,1733615999,1733615375,624,7,0x7d4e742018fb52e48b08be73d041c18b21de6fb5,21353995,0x9286797fc72663633ca2d168a55911b8dbf7c161095525b37fe70db573da6e2c,190,close
2024-12-08,4014.11000000,401411000000,8,1733702399,1733702051,348,7,0x7d4e742018fb52e48b08be73d041c18b21de6fb5,21361188,0x58307bad79bc1994cbcd252f0be2696ec8dea734df9abcb0df4df37dea5df038,516,close
2024-12-09,3719.90900000,371990900000,8,1733788799,1733785847,2952,7,0x7d4e742018fb52e48b08be73d041c18b21de6fb5,21368143,0x335372bff3a8255a7932e65d176047bd20e2ce0f81f62b6d2cdea1eda44f57bb,267,close
2024-12-10,3622.83807983,362283807983,8,1733875199,1733874227,972,7,0x7d4e742018fb52e48b08be73d041c18b21de6fb5,21375464,0xacb642aea0bd41fc99fce4539e6b7c1e7574e06e0bc1ac6a3fbd437e35123b91,204,close
2024-12-11,3827.48000000,382748000000,8,1733961599,1733961167,432,7,0x7d4e742018fb52e48b08be73d041c18b21de6fb5,21382666,0x5cd8857b96e287b050feac16055bdc5d6c8e21df0affec608ea5c3c97ca19d59,138,close
2024-12-12,3882.21974770,388221974770,8,1734047999,1734047639,360,7,0x7d4e742018fb52e48b08be73d041c18b21de6fb5,21389838,0x37ae9cb522dd14e1a6de526c82b041d95b656626bf7b999b12fb0993095bd26a,94,close
2024-12-13,3906.44393503,390644393503,8,1734134399,1734132263,2136,7,0x7d4e742018fb52e48b08be73d041c18b21de6fb5,21396853,0xd1aa77c5e9bfa4687bdea2da9111f9413d781d0b661646716042cd5e08190791,232,close
2024-12-14,3873.30000000,387330000000,8,1734220799,1734219059,1740,7,0x7d4e742018fb52e48b08be73d041c18b21de6fb5,21404051,0x635605e184cb89d3b93399e16ff83bc64e18b84e85513d8ce2d46f66a9c9b6cf,266,close
2024-12-15,3969.09000000,396909000000,8,1734307199,1734306707,492,7,0x7d4e742018fb52e48b08be73d041c18b21de6fb5,21411315,0x508a5ae33a6cad717c19d7acf16e59f780153db7e04612a7382889947faaf84f,210,close
2024-12-16,3988.84700000,398884700000,8,1734393599,1734392015,1584,7,0x7d4e742018fb52e48b08be73d041c18b21de6fb5,21418397,0x2565ec3dfef044fcc6b6d390e459c3ac1d57c9f3af6040c425fc7ddea3669f63,41,close
2024-12-17,3878.75470415,387875470415,8,1734479999,1734478919,1080,7,0x7d4e742018fb52e48b08be73d041c18b21de6fb5,21425610,0x650ed3dd886793c97e3206dab80b8e21b8c7ebd5085651dde2052191ba7e7bc0,116,close
2024-12-18,3625.17000000,362517000000,8,1734566399,1734565703,696,7,0x7d4e742018fb52e48b08be73d041c18b21de6fb5,21432794,0x53a65dbf431a1326bcf0e3ad7c91b28f225d3290aebe0e47b09e47098d09e0fd,62,close
2024-12-19,3431.23699390,343123699390,8,1734652799,1734649535,3264,7,0x7d4e742018fb52e48b08be73d041c18b21de6fb5,21439737,0xbee34b1f65104a100171b65e17bad2ed19187ffa36dfc83f731c210eb084e0e4,230,close
2024-12-20,3464.16447223,346416447223,8,1734739199,1734738239,960,7,0x7d4e742018fb52e48b08be73d041c18b21de6fb5,21447095,0x8901c0b2f8b7308da256bae63c1a42a523d98205731f6d476000bb9074aa60ec,356,close
2024-12-21,3340.59850000,334059850000,8,1734825599,1734825467,132,7,0x7d4e742018fb52e48b08be73d041c18b21de6fb5,21454303,0xb3728269939f1ea13914c73ab986c4be6cb6b03984af7e6721d0792a413064eb,408,close
2024-12-22,3277.65000000,327765000000,8,1734911999,1734909779,2220,7,0x7d4e742018fb52e48b08be73d041c18b21de6fb5,21461288,0x4643a2999d5234acf58ae41a37da12c84e4205cb04e4a44c88401564d7a2e1ab,90,close
2024-12-23,3419.16326362,341916326362,8,1734998399,1734996683,1716,7,0x7d4e742018fb52e48b08be73d041c18b21de6fb5,21468474,0xbcc0d49632ecbe6efec168a145e931936c8c804eae65d76fca6c8607c4c83ab4,178,close
2024-12-24,3494.12211851,349412211851,8,1735084799,1735082135,2664,7,0x7d4e742018fb52e48b08be73d041c18b21de6fb5,21475544,0x827172144db7fbed0ce530b3c1e70917dd53dfff587780c774115d5898154c55,169,close
2024-12-25,3486.07721665,348607721665,8,1735171199,1735169639,1560,7,0x7d4e742018fb52e48b08be73d041c18b21de6fb5,21482794,0xcc2807a378104dca866a830bb40e1cc0b440e230301e518c142b0c0b60c4f2aa,66,close
2024-12-26,3331.95085300,333195085300,8,1735257599,1735257491,108,7,0x7d4e742018fb52e48b08be73d041c18b21de6fb5,21490068,0xe9cd7e3c7f4dea946da04ea40a585a1696b9d9110358dbab8dafa8d198299215,357,close
2024-12-27,3320.99535435,332099535435,8,1735343999,1735341611,2388,7,0x7d4e742018fb52e48b08be73d041c18b21de6fb5,21497039,0x7d2681b6ecef4faf55290af18497750b27377a37ed467f0cb3e2ff475cf5cc8f,121,close
2024-12-28,3403.18820000,340318820000,8,1735430399,1735426871,3528,7,0x7d4e742018fb52e48b08be73d041c18b21de6fb5,21504109,0x35a05201394753601160686747fb01eb6242a3e4dc578a1e7fa4ef6f64c40e7e,121,close
2024-12-29,3350.91192015,335091192015,8,1735516799,1735515443,1356,7,0x7d4e742018fb52e48b08be73d041c18b21de6fb5,21511458,0xaa0cec86c9d65be6e45cdbb440783139aa6d3bab1215b802b1a66c066ec8af98,206,close
2024-12-30,3345.18600000,334518600000,8,1735603199,1735600619,2580,7,0x7d4e742018fb52e48b08be73d041c18b21de6fb5,21518520,0x30fe049beabf20460d5c8ff0baf57043122e0f6893fd1fa58bfac173d4792599,396,close
2024-12-31,3334.69172300,333469172300,8,1735689599,1735687607,1992,7,0x7d4e742018fb52e48b08be73d041c18b21de6fb5,21525725,0xcd034e782313330961022f9c0d79821ae2b5cb0fd18edbbfdb83176363a5142e,106,close
2025-01-01,3351.24360743,335124360743,8,1735775999,1735775327,672,7,0x7d4e742018fb52e48b08be73d041c18b21de6fb5,21533003,0x3974621d66b36b27be9ad7572e61bcae44157a10e0539c642f851a0d51ced543,98,close
2025-01-02,3441.95000000,344195000000,8,1735862399,1735859123,3276,7,0x7d4e742018fb52e48b08be73d041c18b21de6fb5,21539959,0xa10d42567f6757a5940f7bc28ae356afe0a8400a50cfaf849a58aa89899874e8,204,close
2025-01-03,3605.07000000,360507000000,8,1735948799,1735947503,1296,7,0x7d4e742018fb52e48b08be73d041c18b21de6fb5,21547288,0xdb19ee4ef52591a7ccaa88308c6b5125e282da073c26b72257fc905dd05a227f,128,close
2025-01-04,3655.99650000,365599650000,8,1736035199,1736034203,996,7,0x7d4e742018fb52e48b08be73d041c18b21de6fb5,21554475,0xfe88da8859035509338883f5721cb66ccb409f57a42c9422260f41b8154d3923,373,close
2025-01-05,3640.45023930,364045023930,8,1736121599,1736120639,960,7,0x7d4e742018fb52e48b08be73d041c18b21de6fb5,21561629,0x258c7224dd40df14e41b0d0c63337c2f42e632706ee7c6455308174cf5487102,187,close
2025-01-06,3686.35000000,368635000000,8,1736207999,1736207471,528,7,0x7d4e742018fb52e48b08be73d041c18b21de6fb5,21568820,0x49967abaec5cd7f9b5a48d6d128f5b44cf0b6447dda27d709d6ce8c974d1e6b7,197,close
2025-01-07,3385.56000000,338556000000,8,1736294399,1736292215,2184,7,0x7d4e742018fb52e48b08be73d041c18b21de6fb5,21575854,0x17e08373570360abb4c6489f7ab697fd34caca402b7aa575d416b36735f8b37a,131,close
2025-01-08,3329.73201688,332973201688,8,1736380799,1736379911,888,7,0x7d4e742018fb52e48b08be73d041c18b21de6fb5,21583129,0x2ee548548c7660a4a60999eab4d4b3472f86779d39c8a7849a297a279f793a2e,54,close
2025-01-09,3215.71998095,321571998095,8,1736467199,1736465243,1956,7,0x7d4e742018fb52e48b08be73d041c18b21de6fb5,21590199,0xb9a51826cbbe5b67bf131dcc7eb27f3774c1e6b658b4e33b1bc9a80cc175b58b,113,close
2025-01-10,3273.55000000,327355000000,8,1736553599,1736552051,1548,7,0x7d4e742018fb52e48b08be73d041c18b21de6fb5,21597392,0x85ea3430de9a662448d88cc4bfa99bff75bd3539e694c9ce763a4a79249c962f,235,close
2025-01-11,3287.72088100,328772088100,8,1736639999,1736637095,2904,7,0x7d4e742018fb52e48b08be73d041c18b21de6fb5,21604439,0xdeb58eae0bac9f345ca2652e9aacd96c0758d330c3476c6dac6f0d99e796d656,248,close
2025-01-12,3263.43535600,326343535600,8,1736726399,1736725427,972,7,0x7d4e742018fb52e48b08be73d041c18b21de6fb5,21611771,0x8c6fed23664f07fc1bb622991c77a3a7cca736e85f9693e8dd0faa1533c6c304,21,close
2025-01-13,3134.53000000,313453000000,8,1736812799,1736810015,2784,7,0x7d4e742018fb52e48b08be73d041c18b21de6fb5,21618774,0x29b3756f0c16e74ae9866c5c084b59250e446b309abd3d33708e9340c657bad2,106,close
2025-01-14,3233.66674700,323366674700,8,1736899199,1736896811,2388,7,0x7d4e742018fb52e48b08be73d041c18b21de6fb5,21625964,0x6b25bd893cb07ec746a71ca933c0f41c3632a442d42b949f30d0e560951403fe,38,close
2025-01-15,3440.53840000,344053840000,8,1736985599,1736984183,1416,7,0x7d4e742018fb52e48b08be73d041c18b21de6fb5,21633207,0x65b7f87eb3d8b32f0c8a7835561673a32a3a3cad828bc2ba3656fb9ddb78bd11,234,close
2025-01-16,3309.57452326,330957452326,8,1737071999,1737071447,552,7,0x7d4e742018fb52e48b08be73d041c18b21de6fb5,21640445,0xb7c3b0c5b6ab67391ce4ba0ed16cf1dd83657bcedb58c4dbe30fe1134fd944ad,39,close
2025-01-17,3480.43633326,348043633326,8,1737158399,1737157247,1152,7,0x7d4e742018fb52e48b08be73d041c18b21de6fb5,21647558,0x7384e1ca9be229892d91ecf6f0474835c52b6a30caf6f261bf74aa5c7831dc72,227,close
2025-01-18,3316.98000000,331698000000,8,1737244799,1737243659,1140,7,0x7d4e742018fb52e48b08be73d041c18b21de6fb5,21654720,0x2294c9d471825b9f8d67e8a4f407e70dca9f5d72a52fd58c32e7d77ea47f9de4,308,close
2025-01-19,3203.19083551,320319083551,8,1737331199,1737330875,324,7,0x7d4e742018fb52e48b08be73d041c18b21de6fb5,21661947,0x19d0696e93647267a6eeef4b113936e32454b617cb35d4d49872588e9f23aa4a,160,close
2025-01-20,3274.56772198,327456772198,8,1737417599,1737416891,708,7,0x7d4e742018fb52e48b08be73d041c18b21de6fb5,21669088,0x08741079a14f6c67086d395432d070ce3f0b3db539c6b39b9baa83a092b317b4,284,close
2025-01-21,3314.72460000,331472460000,8,1737503999,1737501899,2100,7,0x7d4e742018fb52e48b08be73d041c18b21de6fb5,21676130,0x8bcea611d77bc071cb44f207435b1476d9818ef97251692f89276cfce7349564,263,close
2025-01-22,3235.32378366,323532378366,8,1737590399,1737586775,3624,7,0x7d4e742018fb52e48b08be73d041c18b21de6fb5,21683169,0x30d326e023d4e83c3a2492ec5858639ce19e471f4b7bc76006d9112ee1113868,211,close
2025-01-23,3342.95610000,334295610000,8,1737676799,1737674591,2208,7,0x7d4e742018fb52e48b08be73d041c18b21de6fb5,21690455,0x8981a9c167ca19098e9e189854ab7b527d70795a2c3e839ad7412749e08b5741,135,close
2025-01-24,3311.79650698,331179650698,8,1737763199,1737760031,3168,7,0x7d4e742018fb52e48b08be73d041c18b21de6fb5,21697542,0x2e3ea84a1b153d9eb3f8f2d6f6fe5e794478cf33601f3df0ebe9cd3609838e3e,354,close
2025-01-25,3329.84510000,332984510000,8,1737849599,1737847403,2196,7,0x7d4e742018fb52e48b08be73d041c18b21de6fb5,21704783,0xa9276a7558f7713bebd7a6c19158f727348731e3373e828f372d4531884513b8,97,close
2025-01-26,3239.97746167,323997746167,8,1737935999,1737933455,2544,7,0x7d4e742018fb52e48b08be73d041c18b21de6fb5,21711917,0x633dfd811d28d34a90e97f0d84f85ead772704f9de718b77f24dba3711e7d66f,191,close
2025-01-27,3165.90318870,316590318870,8,1738022399,1738021151,1248,7,0x7d4e742018fb52e48b08be73d041c18b21de6fb5,21719199,0xb22714eb8f8d33e7f5187e019e4f1e8d59c1a5d7371795b2056b165f3156a0b5,202,close
2025-01-28,3073.19380000,307319380000,8,1738108799,1738108091,708,7,0x7d4e742018fb52e48b08be73d041c18b21de6fb5,21726406,0x0615019023a91d2d22c54fca9c548ea303e41c490859f10d2ffede93df6ef39f,367,close
2025-01-29,3120.41000000,312041000000,8,1738195199,1738194251,948,7,0x7d4e742018fb52e48b08be73d041c18b21de6fb5,21733547,0xe7a4dc9e5b67ef11855a2b520240c34a5ecb74d6624fe17f0ff1869ddb21dfeb,44,close
2025-01-30,3258.51957454,325851957454,8,1738281599,1738280531,1068,7,0x7d4e742018fb52e48b08be73d041c18b21de6fb5,21740703,0xf6aae2101b3d98716917a3da9ff0d444fda9a8e6fa97474af9d80b4b5fd73837,72,close
2025-01-31,3289.80426455,328980426455,8,1738367999,1738367363,636,7,0x7d4e742018fb52e48b08be73d041c18b21de6fb5,21747896,0x163344d13e674c6a4060de79816f7ac2a2ae16754946c968391be29eeb4421be,137,close
2025-02-01,3130.35000000,313035000000,8,1738454399,1738453067,1332,7,0x7d4e742018fb52e48b08be73d041c18b21de6fb5,21754999,0x1a5b6a2ca26a7f82f213bf5dd8adeb581834b99b0ed69bf0e999d1cb8314fc9b,157,close
2025-02-02,2856.22981258,285622981258,8,1738540799,1738540031,768,7,0x7d4e742018fb52e48b08be73d041c18b21de6fb5,21762200,0xf2e8801c07b6b5d05265aea52e71f156d967f77bfcd01c71c33f6ebdf1294ec5,161,close
2025-02-03,2876.41256703,287641256703,8,1738627199,1738626119,1080,7,0x7d4e742018fb52e48b08be73d041c18b21de6fb5,21769331,0xd248f3274f463f2e77f19db8fbd657652ee1dcc9a422781054481d1cd2111840,170,close
2025-02-04,2737.03958455,273703958455,8,1738713599,1738713155,444,7,0x7d4e742018fb52e48b08be73d041c18b21de6fb5,21776537,0x2e514572db115628cce01a2163e1e01a5c069e7923684ae7768a62e0dec50984,563,close
2025-02-05,2786.53000000,278653000000,8,1738799999,1738798907,1092,7,0x7d4e742018fb52e48b08be73d041c18b21de6fb5,21783648,0x1264729252cd7a76f1f9e427cf517b4ee4fc24403701e162217aae3be40357d3,145,close
2025-02-06,2683.64240000,268364240000,8,1738886399,1738885031,1368,7,0x7d4e742018fb52e48b08be73d041c18b21de6fb5,21790791,0xe14a6e17e9db04e51d3c86d954ce57814942035ff08f62753b11c2072b17ad70,123,close
2025-02-07,2621.46040000,262146040000,8,1738972799,1738972055,744,7,0x7d4e742018fb52e48b08be73d041c18b21de6fb5,21798012,0x89e09736df523691d6dd829c059d8c8ae4e08566695ccfecb2c9f81652b527ba,93,close
2025-02-08,2643.03994629,264303994629,8,1739059199,1739057999,1200,7,0x7d4e742018fb52e48b08be73d041c18b21de6fb5,21805132,0xe55f89b9ceb48d129afa79eca544b8fc7a1ce163dd6c33eb4fd5628180b7302f,83,close
2025-02-09,2634.26000000,263426000000,8,1739145599,1739144987,612,7,0x7d4e742018fb52e48b08be73d041c18b21de6fb5,21812346,0xab8751fd25769c52c7af4e373d1adb182995d974f798ec225ef26c07c0345766,414,close
2025-02-10,2655.19388274,265519388274,8,1739231999,1739230823,1176,7,0x7d4e742018fb52e48b08be73d041c18b21de6fb5,21819462,0xb2aaf5d45a8f0923a76a6f104ec97b1acb6fd4c04af4391088dcdc8cd175c729,131,close
2025-02-11,2600.50377540,260050377540,8,1739318399,1739315423,2976,7,0x7d4e742018fb52e48b08be73d041c18b21de6fb5,21826474,0xec382db28eb417db0a64252bd9034d1cf32a173228e54649d04e90dd8c89c477,136,close
2025-02-12,2735.42429861,273542429861,8,1739404799,1739404103,696,7,0x7d4e742018fb52e48b08be73d041c18b21de6fb5,21833788,0xbd842129ad6656eb86bd41d721de625f3c1f815f292ce180f5cec9432973a387,122,close
2025-02-13,2670.36120000,267036120000,8,1739491199,1739488199,3000,7,0x7d4e742018fb52e48b08be73d041c18b21de6fb5,21840743,0xe539827316062ce33d792a18bcdcd3ccecab1e30004d8a1b7057cc4b3d19830f,14,close
2025-02-14,2729.10000000,272910000000,8,1739577599,1739576243,1356,7,0x7d4e742018fb52e48b08be73d041c18b21de6fb5,21848007,0xb4d20ac4f9210f64f242ed25674f8ed7f271ef3b345f4bd9e65c387f34d580cc,260,close
2025-02-15,2697.42781757,269742781757,8,1739663999,1739661887,2112,7,0x7d4e742018fb52e48b08be73d041c18b21de6fb5,21855076,0x0d649f2625062538939608431d5cd8e08c02f01bbdbe9c22ed954b1e7e87e830,443,close
2025-02-16,2668.18350000,266818350000,8,1739750399,1739748911,1488,7,0x7d4e742018fb52e48b08be73d041c18b21de6fb5,21862270,0xb22ef7a9264c6d5cc060e5b03f7d0cc01e7b6b33c5f6995c155c7a2601fa1303,271,close
2025-02-17,2740.36591522,274036591522,8,1739836799,1739836331,468,7,0x7d4e742018fb52e48b08be73d041c18b21de6fb5,21869498,0xcf8fa8b9c0b25e97d8cad77783e9de7e4e912e8b9dba8455c7eb61274a94bee5,319,close
2025-02-18,2667.87591102,266787591102,8,1739923199,1739921219,1980,7,0x7d4e742018fb52e48b08be73d041c18b21de6fb5,21876533,0x6c0203fdddd90e0d824b38a9385516e19063ce71c681fe310c8874ce16a09617,92,close
2025-02-19,2713.38000000,271338000000,8,1740009599,1740008927,672,7,0x7d4e742018fb52e48b08be73d041c18b21de6fb5,21883799,0xb01f894be1649c8bee78cf24d68b42cf09ded007e69856a580e254bd1ad27d7e,123,close
2025-02-20,2742.56269200,274256269200,8,1740095999,1740095183,816,7,0x7d4e742018fb52e48b08be73d041c18b21de6fb5,21890926,0xb96e8c351f8a01b6d6edcc3370b9d87e8daae292b0b293361f76375d2ed44765,76,close
2025-02-21,2661.23000000,266123000000,8,1740182399,1740180875,1524,7,0x7d4e742018fb52e48b08be73d041c18b21de6fb5,21898028,0x7f80aaeedcc895ab98f52fc4288aff03831a95f6072ac5c8b134886fae61a554,132,close
2025-02-22,2763.14904538,276314904538,8,1740268799,1740268619,180,7,0x7d4e742018fb52e48b08be73d041c18b21de6fb5,21905295,0x93e6275b8d79f33cb65bab29396c8cb20b8b654c3a4e2a70a7daff1f9cc8e111,67,close
2025-02-23,2819.16000000,281916000000,8,1740355199,1740352907,2292,7,0x7d4e742018fb52e48b08be73d041c18b21de6fb5,21912274,0x9a985b0fbb46ed541b79c3b9eb786ed3bfa655e10c4e05024f9b4bce2c367f51,276,close
2025-02-24,2511.22000000,251122000000,8,1740441599,1740441035,564,7,0x7d4e742018fb52e48b08be73d041c18b21de6fb5,21919574,0x2d9becf0520b1110222a4435911358c277c39333c23be76abb887b641b748dea,351,close
2025-02-25,2498.85020000,249885020000,8,1740527999,1740526607,1392,7,0x7d4e742018fb52e48b08be73d041c18b21de6fb5,21926667,0x3498e84faeee869af52b0e4b5f82f3dd4a5ffca8df857813a48985669fa3fb19,135,close
2025-02-26,2327.67000000,232767000000,8,1740614399,1740612119,2280,7,0x7d4e742018fb52e48b08be73d041c18b21de6fb5,21933760,0x9285f1352efa5c88b59cf4ab6ad1f21ad0075fdc5ce4503d4429a8f0262467aa,240,close
2025-02-27,2306.50129937,230650129937,8,1740700799,1740699551,1248,7,0x7d4e742018fb52e48b08be73d041c18b21de6fb5,21941016,0xd9a25b1e4d01b2a4a1cea83306c0d706b39ae6e857bd2c4dbef7e28395427ed2,600,close
2025-02-28,2233.39000000,223339000000,8,1740787199,1740785999,1200,7,0x7d4e742018fb52e48b08be73d041c18b21de6fb5,21948191,0x3ac98d25500dc5613a9ffa5537708b9d13709bda0c7372db373ee2d38811126e,87,close
2025-03-01,2211.11252300,221111252300,8,1740873599,1740873059,540,7,0x7d4e742018fb52e48b08be73d041c18b21de6fb5,21955418,0x01f088814c1b31a454b44247b92027a1f3f5541bd91d2b67d847bf189ac7f113,87,close
2025-03-02,2516.23270000,251623270000,8,1740959999,1740957935,2064,7,0x7d4e742018fb52e48b08be73d041c18b21de6fb5,21962464,0x4c948318b527f135958c1d9128b9a677eb016dd47d330c4fc42a312e71713b04,240,close
2025-03-03,2150.10000000,215010000000,8,1741046399,1741045919,480,7,0x7d4e742018fb52e48b08be73d041c18b21de6fb5,21969761,0x5c822bd60165546d04940a309d7e3ac529d60c877c9c1f0b7e40ebb27cb499be,363,close
2025-03-04,2172.73527500,217273527500,8,1741132799,1741132187,612,7,0x7d4e742018fb52e48b08be73d041c18b21de6fb5,21976915,0xb8367112fb42dc6287806962fd0f3e06e8676d5bef708de634493630b34a1352,47,close
2025-03-05,2248.47910000,224847910000,8,1741219199,1741218371,828,7,0x7d4e742018fb52e48b08be73d041c18b21de6fb5,21984059,0x52feed72b324601b9e5ec57ee2437fee00dbbe525f6da6429c2af0420432e27b,263,close
2025-03-06,2206.65799443,220665799443,8,1741305599,1741302347,3252,7,0x7d4e742018fb52e48b08be73d041c18b21de6fb5,21991016,0xb79d638547c5e48412eb95a5bd2de4382924fedf9a652108d831f725fb0d7944,170,close
2025-03-07,2141.05910000,214105910000,8,1741391999,1741391615,384,7,0x7d4e742018fb52e48b08be73d041c18b21de6fb5,21998406,0x013a406a28e6adb1db487285b37b738148ef916d4358ba3dd9bc2e248b2a9554,198,close
2025-03-08,2204.39364000,220439364000,8,1741478399,1741475531,2868,7,0x7d4e742018fb52e48b08be73d041c18b21de6fb5,22005352,0x8a3dadfd94154dfcfbe2b138b97baa841d4769a8f71a5a8d930d3e6a9be04ba4,84,close
2025-03-09,2007.74038638,200774038638,8,1741564799,1741563971,828,7,0x7d4e742018fb52e48b08be73d041c18b21de6fb5,22012681,0x59851826e4eee329c885e7cdbdbfeff995186ed3ce1594ef34a933b04bdf0a08,811,close
2025-03-10,1862.33399596,186233399596,8,1741651199,1741651163,36,7,0x7d4e742018fb52e48b08be73d041c18b21de6fb5,22019904,0xeb016129a4a8e7d47a3a0097c9903f765425da35f81f55018e96c881148d1398,156,close
2025-03-11,1925.28910000,192528910000,8,1741737599,1741735127,2472,7,0x7d4e742018fb52e48b08be73d041c18b21de6fb5,22026859,0x42e220be0f9c019338f9ec6f626d125cd9d568018afe58f701e99f3b8e3be1e6,50,close
2025-03-12,1904.28386695,190428386695,8,1741823999,1741822787,1212,7,0x7d4e742018fb52e48b08be73d041c18b21de6fb5,22034123,0xdd990855bb7d1992d0bbeaad0220c7668e49a77c8cddcdbafdad19dc16ccdb16,228,close
2025-03-13,1863.03000000,186303000000,8,1741910399,1741908107,2292,7,0x7d4e742018fb52e48b08be73d041c18b21de6fb5,22041202,0xdebda0347b6b3b6eeaab00fdc89b784dee9060aa915229451c0571a2415a8ddc,133,close
2025-03-14,1909.63000000,190963000000,8,1741996799,1741996583,216,7,0x7d4e742018fb52e48b08be73d041c18b21de6fb5,22048535,0x21157cf17bb4652ca0738ad93207e1814628b9b9a4b43f558d1f4aad22675912,511,close
2025-03-15,1940.54000000,194054000000,8,1742083199,1742082023,1176,7,0x7d4e742018fb52e48b08be73d041c18b21de6fb5,22055626,0xcde925841637dea63c4a491d85475f9c3158b4c1330865f83565063776393bb1,71,close
2025-03-16,1881.87282561,188187282561,8,1742169599,1742166983,2616,7,0x7d4e742018fb52e48b08be73d041c18b21de6fb5,22062667,0x86e1d95305503450e9324cadd7b3fb272d6cc1b53d93247ac961d0c5cbaf00e5,213,close
2025-03-17,1927.06442158,192706442158,8,1742255999,1742253719,2280,7,0x7d4e742018fb52e48b08be73d041c18b21de6fb5,22069854,0xe62ef38ad0f644c323a9c89a8e9fc081ab0e7de5206899cc7c41ca4ed3879f13,408,close
2025-03-18,1932.68920000,193268920000,8,1742342399,1742340575,1824,7,0x7d4e742018fb52e48b08be73d041c18b21de6fb5,22077046,0xf91f5d75cedc185c1c23ae0461e55553c696d54aa726f9ad448c478f04417161,166,close
2025-03-19,2060.54199141,206054199141,8,1742428799,1742427515,1284,7,0x7d4e742018fb52e48b08be73d041c18b21de6fb5,22084249,0x31a6ef717bc1ac7bde2a1a68e16e2f5b04d2d837ef33cae2a93ffd9357768f50,357,close
2025-03-20,1973.10775481,197310775481,8,1742515199,1742511875,3324,7,0x7d4e742018fb52e48b08be73d041c18b21de6fb5,22091244,0x3afd8c7aefb6d73dd2aaff0caddbc500485af43686d2981443dcc971a2682946,7,close
2025-03-21,1967.89000000,196789000000,8,1742601599,1742598851,2748,7,0x7d4e742018fb52e48b08be73d041c18b21de6fb5,22098466,0xbd8cc98d724d4f4dae98b7abadcbe4ba9652978b1cf9dae28bded9751b9abbd7,66,close
2025-03-22,1979.62772593,197962772593,8,1742687999,1742686187,1812,7,0x7d4e742018fb52e48b08be73d041c18b21de6fb5,22105711,0x1816fedbf5ce583cafaae7f37c083ab620d5eeb0d2eabbf69c296946bde2f8b0,11,close
2025-03-23,2006.22200000,200622200000,8,1742774399,1742774315,84,7,0x7d4e742018fb52e48b08be73d041c18b21de6fb5,22113027,0xa2186c27cbf074f7faa491afe07d88b36debdeb74220bc68bc7760a37175dbde,515,close
2025-03-24,2075.64570000,207564570000,8,1742860799,1742857451,3348,7,0x7d4e742018fb52e48b08be73d041c18b21de6fb5,22119926,0x3c92c866975a268e13dcd5a2458fbe04a67314458e3b36525be6ef2ebd163a0c,46,close
2025-03-25,2069.16280000,206916280000,8,1742947199,1742946815,384,7,0x7d4e742018fb52e48b08be73d041c18b21de6fb5,22127318,0x4274d16c75d0f54d0454d2f26f9a9a828006b5ca200a18214013203be31008af,399,close
2025-03-26,2009.88000000,200988000000,8,1743033599,1743033251,348,7,0x7d4e742018fb52e48b08be73d041c18b21de6fb5,22134497,0x7ca87ba252cc11eb03b2966b4233771926cd57f324650960825bd57e8697908e,119,close
2025-03-27,1999.92916368,199992916368,8,1743119999,1743117191,2808,7,0x7d4e742018fb52e48b08be73d041c18b21de6fb5,22141457,0xfb09565de81cfbc5b8ccb262ef3c68950b70a2e1b41194e628b2a33cc923a197,251,close
2025-03-28,1896.95000000,189695000000,8,1743206399,1743203639,2760,7,0x7d4e742018fb52e48b08be73d041c18b21de6fb5,22148620,0x7b50589331e5a65de83beda87e651f1456bd2d657477bf5c1e8ba62769534fea,260,close
2025-03-29,1829.18000000,182918000000,8,1743292799,1743292511,288,7,0x7d4e742018fb52e48b08be73d041c18b21de6fb5,22155977,0x820d42a5211c71116cf8e9c5c02196bb9a7a8de7677c454530e2b2deaac7a348,250,close
2025-03-30,1802.46358700,180246358700,8,1743379199,1743375767,3432,7,0x7d4e742018fb52e48b08be73d041c18b21de6fb5,22162887,0xcfb1d5f867f780a228f763a89bff44b71c89113462d5f1b106dcf9e5f6396aeb,76,close
2025-03-31,1826.15550000,182615550000,8,1743465599,1743462323,3276,7,0x7d4e742018fb52e48b08be73d041c18b21de6fb5,22170063,0xebcb93515f9b7e5a3de1d65470e6bbc6237112aaf85facfe954495f278d93657,275,close
2025-04-01,1906.69610000,190669610000,8,1743551999,1743548891,3108,7,0x7d4e742018fb52e48b08be73d041c18b21de6fb5,22177242,0x9280547ba5e2149ecdb07a7035d4cc7629623d07a0452566981121642965c165,25,close
2025-04-02,1801.46370100,180146370100,8,1743638399,1743637331,1068,7,0x7d4e742018fb52e48b08be73d041c18b21de6fb5,22184580,0x1752a982ae62b582a45981d168c6d7ceb5d9cdd0e48315d583217f2c6839658d,323,close
2025-04-03,1819.98880000,181998880000,8,1743724799,1743724235,564,7,0x7d4e742018fb52e48b08be73d041c18b21de6fb5,22191779,0x88f0524b84236edb462dce651b5ee069de94a6c7f62fdab0d4ab41f5b07f5462,287,close
2025-04-04,1812.05000000,181205000000,8,1743811199,1743808607,2592,7,0x7d4e742018fb52e48b08be73d041c18b21de6fb5,22198784,0x117851abcd303418bc254a2013b3a3fa8fa532bc370281fab8fed39ef570e9dc,43,close
2025-04-05,1803.11430000,180311430000,8,1743897599,1743896123,1476,7,0x7d4e742018fb52e48b08be73d041c18b21de6fb5,22206029,0xf1a9db702a8d730f86ee74b0876d67772f4f7c4e10a308ed9cf3c28d5e754a05,285,close
2025-04-06,1572.63167800,157263167800,8,1743983999,1743983519,480,7,0x7d4e742018fb52e48b08be73d041c18b21de6fb5,22213265,0x51ab0e980ad93a56277de448ff4b1156c363183b6b0551962cc0177028371c2e,114,close
2025-04-07,1555.78631976,155578631976,8,1744070399,1744069391,1008,7,0x7d4e742018fb52e48b08be73d041c18b21de6fb5,22220371,0x9e70f9b740dd588dac04e0c03e72f7fc54bccad386c38cb112b70df72d7e7ba0,310,close
2025-04-08,1469.73909751,146973909751,8,1744156799,1744154447,2352,7,0x7d4e742018fb52e48b08be73d041c18b21de6fb5,22227430,0x2e0f5ecb42d7ca4aa441825640238d6cf7494556ed83eed5f66d0956c7decd32,312,close
2025-04-09,1664.68439222,166468439222,8,1744243199,1744242143,1056,7,0x7d4e742018fb52e48b08be73d041c18b21de6fb5,22234705,0xf9fc7edb34308f60a86ab440d81478647cdbdfb91534f4315fc89161f6a06249,91,close
2025-04-10,1523.84000000,152384000000,8,1744329599,1744328639,960,7,0x7d4e742018fb52e48b08be73d041c18b21de6fb5,22241890,0x2a99fc244439011021ded4ef01a0a2ab18d5cfa304ee817077d916423130b0cd,48,close
2025-04-11,1567.43000000,156743000000,8,1744415999,1744415027,972,7,0x7d4e742018fb52e48b08be73d041c18b21de6fb5,22249065,0x5dbbf865d70442e461e0ae0ded9613309f788d302eeaa9517774035e243b8219,35,close
2025-04-12,1646.63896400,164663896400,8,1744502399,1744499543,2856,7,0x7d4e742018fb52e48b08be73d041c18b21de6fb5,22256086,0x3158a4dfe8241e64f928529d8bbbec35ddae349a7e9005e3623eb8c9fcce6281,46,close
2025-04-13,1593.25960352,159325960352,8,1744588799,1744585871,2928,7,0x7d4e742018fb52e48b08be73d041c18b21de6fb5,22263256,0x919416cd4b0e2147e26add19c8a13df05f4ca63ded1a7567da2dea71c01ea743,252,close
2025-04-14,1625.84000000,162584000000,8,1744675199,1744671995,3204,7,0x7d4e742018fb52e48b08be73d041c18b21de6fb5,22270401,0x657c8ee7e7211857ae7ef5223c555a9ea2771cd8c90ac9aee9d6af66d68536f8,103,close
2025-04-15,1585.45000000,158545000000,8,1744761599,1744761131,468,7,0x7d4e742018fb52e48b08be73d041c18b21de6fb5,22277786,0x1de0fc0dfbce585d77ffc715cc77c29a1dd8890e5fa336d2d2e3f22d9a9ce1b9,53,close
2025-04-16,1580.36889678,158036889678,8,1744847999,1744845491,2508,7,0x7d4e742018fb52e48b08be73d041c18b21de6fb5,22284787,0xbbd7ea0271503b64923ac31faf759545b627036913bf9533525636983c3a5eb8,256,close
2025-04-17,1588.14000000,158814000000,8,1744934399,1744932155,2244,7,0x7d4e742018fb52e48b08be73d041c18b21de6fb5,22291971,0xc6d290f775d1a55bf6f543bd83a8a8de847e807ce4781accc9067e899b8eef07,288,close
2025-04-18,1587.60541165,158760541165,8,1745020799,1745018447,2352,7,0x7d4e742018fb52e48b08be73d041c18b21de6fb5,22299130,0x6c0e602ba767ca76b486c2b23ecaace9907b0573022a4f7452baf105acd9579a,56,close
2025-04-19,1614.63000000,161463000000,8,1745107199,1745106047,1152,7,0x7d4e742018fb52e48b08be73d041c18b21de6fb5,22306397,0xb2c1fc80fdbed95d29c83e2ceaff900fe2704b6426257704ab121bc0f99798b7,79,close
2025-04-20,1587.71000000,158771000000,8,1745193599,1745191103,2496,7,0x7d4e742018fb52e48b08be73d041c18b21de6fb5,22313445,0x21f307c8114351a6c7cf9bdbeb3c841539cbfa797ff17d74b886c36f122ae849,540,close
2025-04-21,1576.64606100,157664606100,8,1745279999,1745277707,2292,7,0x7d4e742018fb52e48b08be73d041c18b21de6fb5,22320628,0x180c89b44939eae8816dfaf44e2166db635b17d8abcb078a1281347fe4999c43,248,close
2025-04-22,1763.38000000,176338000000,8,1745366399,1745365871,528,7,0x7d4e742018fb52e48b08be73d041c18b21de6fb5,22327945,0x1da032eb870eb397643a7cd7b34510145b0dfd873d9e35f9dd4b66ecdabd98ad,473,close
2025-04-23,1795.51942100,179551942100,8,1745452799,1745451731,1068,7,0x7d4e742018fb52e48b08be73d041c18b21de6fb5,22335064,0xcf430541465242de500ebc24d3bbf34152f578ce503fb40a7433d3623dc43579,232,close
2025-04-24,1767.17000000,176717000000,8,1745539199,1745537015,2184,7,0x7d4e742018fb52e48b08be73d041c18b21de6fb5,22342125,0x13fd80f67f8a8451dc26ffdf559d277966dcca2731750ca73e3154cf8cf2eda7,30,close
2025-04-25,1790.11721535,179011721535,8,1745625599,1745623883,1716,7,0x7d4e742018fb52e48b08be73d041c18b21de6fb5,22349337,0xa58f01cb042fb15148d23d4e7c912aee5410f1b248184e04662ca5d197ee02e9,110,close
2025-04-26,1819.12332486,181912332486,8,1745711999,1745708975,3024,7,0x7d4e742018fb52e48b08be73d041c18b21de6fb5,22356406,0x25206aa7132319b3663c54fe8ffd2e2f193fdfc45b9c2cc896ccb23600f17b24,25,close
2025-04-27,1790.00650700,179000650700,8,1745798399,1745795663,2736,7,0x7d4e742018fb52e48b08be73d041c18b21de6fb5,22363610,0x22d991731f076da8053d3f1abe822ac80b44dba6c19a011e3865124c7e635ff3,57,close
2025-04-28,1800.79639052,180079639052,8,1745884799,1745881343,3456,7,0x7d4e742018fb52e48b08be73d041c18b21de6fb5,22370710,0x7f99999067001c48966902cf7a26948cbe71114716c34a0583f984659acf899f,57,close
2025-04-29,1792.11468404,179211468404,8,1745971199,1745969987,1212,7,0x7d4e742018fb52e48b08be73d041c18b21de6fb5,22378049,0xfd1e158fdfa28a999cfa9c14cb9bccce7b8b8f9310a37b0279f343022e0b5fb1,107,close
2025-04-30,1796.99008905,179699008905,8,1746057599,1746056411,1188,7,0x7d4e742018fb52e48b08be73d041c18b21de6fb5,22385194,0x8c714e6e8c71203ca0097c9747d36f3b5abe5d020526ab875417fdce6ef4da81,154,close
2025-05-01,1836.77000000,183677000000,8,1746143999,1746142535,1464,7,0x7d4e742018fb52e48b08be73d041c18b21de6fb5,22392304,0x278539c5ad6af743c249ca2855b243d0a1447f41f1b566a288c4e2a8bd4063f9,176,close
2025-05-02,1841.37841700,184137841700,8,1746230399,1746229499,900,7,0x7d4e742018fb52e48b08be73d041c18b21de6fb5,22399469,0xf43f45e47293461c4361002601b8f9efdd3961560a07fef8fa49009ef0a1bd1a,73,close
2025-05-03,1840.38290000,184038290000,8,1746316799,1746313499,3300,7,0x7d4e742018fb52e48b08be73d041c18b21de6fb5,22406422,0xf9316f762869961f11e159a2d4ed142b19893251069b3843ef3d8c0f52b7aafd,89,close
2025-05-04,1806.12530000,180612530000,8,1746403199,1746402419,780,7,0x7d4e742018fb52e48b08be73d041c18b21de6fb5,22413760,0x7ad0f4d1951258778ee66fada451e1ce6e0748002fef1bdacfd303514bee9e8a,250,close
2025-05-05,1822.36938227,182236938227,8,1746489599,1746488555,1044,7,0x7d4e742018fb52e48b08be73d041c18b21de6fb5,22420880,0x41f80619366b5027bd61dd97e469a5109dd080af852d233a5a52dfcf487d1c94,216,close
2025-05-06,1815.51041680,181551041680,8,1746575999,1746575567,432,7,0x7d4e742018fb52e48b08be73d041c18b21de6fb5,22428057,0x774efac60af1b4e8c53f516c70e31d32847a63b3ed694a7e4258f55603321149,206,close
2025-05-07,1812.32060000,181232060000,8,1746662399,1746661439,960,7,0x7d4e742018fb52e48b08be73d041c18b21de6fb5,22435050,0x55ce039798d6fb7073b54146c56b8d596342ab99c24fdfbf41df93f90dce60a1,233,close
2025-05-08,2197.36000000,219736000000,8,1746748799,1746748067,732,7,0x7d4e742018fb52e48b08be73d041c18b21de6fb5,22442158,0x2f0a2d962cde36b57595acbad55e3aeabbd4690a961ee095ddcdbb2b6f291011,81,close
2025-05-09,2341.19000000,234119000000,8,1746835199,1746834083,1116,7,0x7d4e742018fb52e48b08be73d041c18b21de6fb5,22449207,0x699c67e5d40bf5719fdf9dff8f387bf51edab187ccaa3a1ddd8481ea9c10c62c,99,close
2025-05-10,2582.82000000,258282000000,8,1746921599,1746920255,1344,7,0x7d4e742018fb52e48b08be73d041c18b21de6fb5,22456289,0x48cf2a96e11913503bfdc7e9e9f03227832da06a5af4cb4cc049f59b3f1dd02b,144,close
2025-05-11,2504.09852900,250409852900,8,1747007999,1747004423,3576,7,0x7d4e742018fb52e48b08be73d041c18b21de6fb5,22463216,0xf4f0234db1e2ff91824cea81b0c78be7e9d4b2bfcb761aa1d15e84d5b85bb14d,252,close
2025-05-12,2492.62239220,249262239220,8,1747094399,1747093775,624,7,0x7d4e742018fb52e48b08be73d041c18b21de6fb5,22470558,0x1a4badd7de79655eeb77b24ef25413f6794d1ae5749ce56ddf44a2b46cb558d3,236,close
2025-05-13,2677.98502200,267798502200,8,1747180799,1747177787,3012,7,0x7d4e742018fb52e48b08be73d041c18b21de6fb5,22477472,0x1a48f9d7c256ff065f9fb9f92c9d5daeb3e50f8e19f0db85235a1a271fdcf341,223,close
2025-05-14,2604.40431884,260440431884,8,1747267199,1747266107,1092,7,0x7d4e742018fb52e48b08be73d041c18b21de6fb5,22484732,0x9953d5c38132ab57596325545ec91be8ac93533b5d38e259033915d9d80e3a2e,161,close
2025-05-15,2540.73432381,254073432381,8,1747353599,1747352159,1440,7,0x7d4e742018fb52e48b08be73d041c18b21de6fb5,22491818,0xdcacccce20aab6389272c1bb4b578d7c6930ade944bec5610f0d64bf197c29cd,163,close
2025-05-16,2535.61120000,253561120000,8,1747439999,1747439615,384,7,0x7d4e742018fb52e48b08be73d041c18b21de6fb5,22499017,0x40df0747c9dbcecea24b97829640104e38056c98851382a2696158fb3b61ebcb,255,close
2025-05-17,2472.29515846,247229515846,8,1747526399,1747523423,2976,7,0x7d4e742018fb52e48b08be73d041c18b21de6fb5,22505934,0xf4bb909354021d07f14a561a9fcffb032b9baf0c1425ddfd659bef6e8486c81a,456,close
2025-05-18,2503.84394858,250384394858,8,1747612799,1747612643,156,7,0x7d4e742018fb52e48b08be73d041c18b21de6fb5,22513291,0xcc0c2f9603dabe281c2f7d966ad548bd15e3b5f99169aae8171cba3583501d13,462,close
2025-05-19,2528.86000000,252886000000,8,1747699199,1747698071,1128,7,0x7d4e742018fb52e48b08be73d041c18b21de6fb5,22520333,0xcfffd23dbf15ce31ccaad5702a3f841215ca02fd5bee96d0d362788cccbd3bfd,77,close
2025-05-20,2521.87000000,252187000000,8,1747785599,1747784339,1260,7,0x7d4e742018fb52e48b08be73d041c18b21de6fb5,22527452,0x5699ec6e9ac5c9336f7c5b16d5db32b51cb70d80a105cde0eff2e0509a10479e,194,close
2025-05-21,2549.84035700,254984035700,8,1747871999,1747871639,360,7,0x7d4e742018fb52e48b08be73d041c18b21de6fb5,22534667,0x8905e91ce7a912fc3fb97b0b7bdc703e1fcd9d3305086508cb8ccb48be305214,125,close
2025-05-22,2664.99080000,266499080000,8,1747958399,1747957631,768,7,0x7d4e742018fb52e48b08be73d041c18b21de6fb5,22541785,0x9a2dc846c771aa0077cfc35a9fa3042e53412e5508af6a9383597d4f001e82f5,39,close
2025-05-23,2524.42000000,252442000000,8,1748044799,1748044223,576,7,0x7d4e742018fb52e48b08be73d041c18b21de6fb5,22548948,0x7a8aaf538f802b0b40e711e84ce1601f66b4062d6843fc124b400181d02cc36e,598,close
2025-05-24,2532.08790000,253208790000,8,1748131199,1748128571,2628,7,0x7d4e742018fb52e48b08be73d041c18b21de6fb5,22555915,0x56d9302f39233f4d17834724e8fe1183332a288a5e2014e8ee19eaee7ccee127,187,close
2025-05-25,2548.07144000,254807144000,8,1748217599,1748216699,900,7,0x7d4e742018fb52e48b08be73d041c18b21de6fb5,22563193,0x0baa469efe9f171f7dc666f148f2679b23f04e2c21156632464cef42ec292e64,135,close
2025-05-26,2556.43297300,255643297300,8,1748303999,1748300555,3444,7,0x7d4e742018fb52e48b08be73d041c18b21de6fb5,22570119,0xcf7b7156b60eef71a1d03893027cca595691d757375d6743c6de039f5e3805a1,521,close
2025-05-27,2655.03877800,265503877800,8,1748390399,1748388359,2040,7,0x7d4e742018fb52e48b08be73d041c18b21de6fb5,22577391,0x32f7b190e80f9302c0dd4bc1f75c97fc46053c611b4bde96095f50f055e0614a,249,close
2025-05-28,2678.32960000,267832960000,8,1748476799,1748474267,2532,7,0x7d4e742018fb52e48b08be73d041c18b21de6fb5,22584483,0x6c4e215a6a8ecfe05564051ecf93321dee90c399f18caa179afc000154f3cba6,2,close
2025-05-29,2622.74000000,262274000000,8,1748563199,1748562515,684,7,0x7d4e742018fb52e48b08be73d041c18b21de6fb5,22591777,0x9b1c1ee7c84665bedb31f0d2aff276e34917a204a72bacccd1eaa26e0c7ee593,373,close
2025-05-30,2524.59374722,252459374722,8,1748649599,1748648195,1404,7,0x7d4e742018fb52e48b08be73d041c18b21de6fb5,22598872,0xd8edb43703bef30761bfc66ac4fc8518b01e98d4dd55e23eeace5da5c5b20b12,335,close
2025-05-31,2533.38000000,253338000000,8,1748735999,1748734727,1272,7,0x7d4e742018fb52e48b08be73d041c18b21de6fb5,22606036,0x5c326f30380c0fb0e453a894ceda5a81a7af73b92e8f9e796491750815700104,41,close
2025-06-01,2540.78328500,254078328500,8,1748822399,1748820911,1488,7,0x7d4e742018fb52e48b08be73d041c18b21de6fb5,22613161,0xaae0cbed300e44e11ef4fff5fa72ee74818f7a9a36398c9d8a5e9e8508aac71d,90,close
2025-06-02,2605.00472238,260500472238,8,1748908799,1748905703,3096,7,0x7d4e742018fb52e48b08be73d041c18b21de6fb5,22620157,0x7f1004fa12db328b24219616c35389a1227333e1639df4d76495a3fe0808e9de,332,close
2025-06-03,2595.29718200,259529718200,8,1748995199,1748993327,1872,7,0x7d4e742018fb52e48b08be73d041c18b21de6fb5,22627408,0xb6bc22403a722c4747aefc84c6977fd18686ce716f35089fad40259842591c11,310,close
2025-06-04,2610.16877300,261016877300,8,1749081599,1749080063,1536,7,0x7d4e742018fb52e48b08be73d041c18b21de6fb5,22634575,0xda594db9f4d08414eb82959d3e5549f89a2d3edf736fb8744df8cb2b1a48b28b,637,close
2025-06-05,2421.82740000,242182740000,8,1749167999,1749165887,2112,7,0x7d4e742018fb52e48b08be73d041c18b21de6fb5,22641668,0xdf4ed58dcd1d9c5e16491f8f54aac292cf10b5fe7911310b64c5402a1f36358e,29,close
2025-06-06,2482.83042135,248283042135,8,1749254399,1749252911,1488,7,0x7d4e742018fb52e48b08be73d041c18b21de6fb5,22648864,0x76cbcdd1955f6a4c3301b0515316e513145a6bc534307a487be5aeb2ace0dc52,129,close
2025-06-07,2527.43000000,252743000000,8,1749340799,1749339227,1572,7,0x7d4e742018fb52e48b08be73d041c18b21de6fb5,22656019,0x054d3ae78cb8fe0792cc20e97ba278383959e04ee01f97ad1494527ebe80c150,96,close
2025-06-08,2509.74000000,250974000000,8,1749427199,1749425927,1272,7,0x7d4e742018fb52e48b08be73d041c18b21de6fb5,22663199,0xa20658faad64edaeb1b1d22763438eb15747ee2f4b37841df0c3f8259ed95d02,118,close
2025-06-09,2684.02246447,268402246447,8,1749513599,1749512579,1020,7,0x7d4e742018fb52e48b08be73d041c18b21de6fb5,22670368,0x091f0f68ae8830354dd4e02f7bd34602352233e3d37288b91f5f3c002572fee5,402,close
2025-06-10,2813.37700000,281337700000,8,1749599999,1749599171,828,7,0x7d4e742018fb52e48b08be73d041c18b21de6fb5,22677537,0xf16c796624c87c06231ac9ebdb227ce15b89b603bcc54a86e0660195f912917b,48,close
2025-06-11,2774.11731500,277411731500,8,1749686399,1749684179,2220,7,0x7d4e742018fb52e48b08be73d041c18b21de6fb5,22684574,0x5d66f3a850676ed8709fabb277f5c8609a759ff599a4c2f601b4ee0e579b47f4,147,close
2025-06-12,2657.75000000,265775000000,8,1749772799,1749770663,2136,7,0x7d4e742018fb52e48b08be73d041c18b21de6fb5,22691744,0xb1238e5c61708eb8577e0c8842043fb2b184f1b9b990d405f5285523fccc9604,312,close
2025-06-13,2579.81825659,257981825659,8,1749859199,1749856139,3060,7,0x7d4e742018fb52e48b08be73d041c18b21de6fb5,22698822,0x893dae76e968d82e978fdd2ea459867ab2128320fcf76eff17786b8ef007a210,98,close
2025-06-14,2531.67040000,253167040000,8,1749945599,1749943895,1704,7,0x7d4e742018fb52e48b08be73d041c18b21de6fb5,22706092,0x4b3a93509274e924e0cad2565814c89bee1c35c76c0e567b0abfced9eebf7030,68,close
2025-06-15,2547.48380000,254748380000,8,1750031999,1750031615,384,7,0x7d4e742018fb52e48b08be73d041c18b21de6fb5,22713338,0x4696d35daa7c4e4dace797532eb5ec8285efff77128e1d0d4b5c89d746ec111e,108,close
2025-06-16,2542.59000000,254259000000,8,1750118399,1750118303,96,7,0x7d4e742018fb52e48b08be73d041c18b21de6fb5,22720506,0x84807e38b7ea5cf127f722c1cb9a4c91c05481e4d3edf02a5f8a682d80d95d39,444,close
2025-06-17,2516.38061257,251638061257,8,1750204799,1750203263,1536,7,0x7d4e742018fb52e48b08be73d041c18b21de6fb5,22727528,0xf1919fd0c42129006e923f08affcbff0c25d7472292b54e16385bcc699034976,293,close
2025-06-18,2526.26000000,252626000000,8,1750291199,1750288895,2304,7,0x7d4e742018fb52e48b08be73d041c18b21de6fb5,22734617,0x332f48407745bcd336da1bc35b4de1ae1066b6af702bf8b907d5bb17adac1769,23,close
2025-06-19,2520.84576190,252084576190,8,1750377599,1750376039,1560,7,0x7d4e742018fb52e48b08be73d041c18b21de6fb5,22741837,0x5d4bb6e8d52794dd954749c08b1449df2eae75f14ba50b7bb85142b7cef3aacf,188,close
2025-06-20,2403.76000000,240376000000,8,1750463999,1750462511,1488,7,0x7d4e742018fb52e48b08be73d041c18b21de6fb5,22748992,0x9e0b5c3fedc4fd56235450964dcf7a0df3cee319f9be3e7baaa3a58d8fa941a5,479,close
2025-06-21,2293.51000000,229351000000,8,1750550399,1750550231,168,7,0x7d4e742018fb52e48b08be73d041c18b21de6fb5,22756255,0x16219b1e4bb5f70831fdf2c68c2b1da9dfab6d5449119082a79817b895831b83,669,close
2025-06-22,2223.46657117,222346657117,8,1750636799,1750633799,3000,7,0x7d4e742018fb52e48b08be73d041c18b21de6fb5,22763165,0xe3540a1803ee82a36ec7bcca47272d529889040d17e1da868a777154108d5895,224,close
2025-06-23,2418.36226521,241836226521,8,1750723199,1750723175,24,7,0x7d4e742018fb52e48b08be73d041c18b21de6fb5,22770561,0xc9d8c97087ae0c5b51fa8be47ae858dbe90947653256dd09741010faa0260353,72,close
2025-06-24,2446.62964439,244662964439,8,1750809599,1750808891,708,7,0x7d4e742018fb52e48b08be73d041c18b21de6fb5,22777672,0x10dcf94910f453734389901e8a45a736703ba28d4b44736ae6490b924bc2aae0,357,close
2025-06-25,2416.40000000,241640000000,8,1750895999,1750894211,1788,7,0x7d4e742018fb52e48b08be73d041c18b21de6fb5,22784745,0x17c75c5a542b5aff5f4909232b1d66eca9ff37d7d7e3c3619270aa05c9a15e3e,21,close
2025-06-26,2416.51272000,241651272000,8,1750982399,1750981331,1068,7,0x7d4e742018fb52e48b08be73d041c18b21de6fb5,22791966,0x31155d0ce64d4cafc82bad4ca56c3335c4fa1916d4e6be3ae939c30e67fd9dd0,54,close
2025-06-27,2424.36000000,242436000000,8,1751068799,1751065583,3216,7,0x7d4e742018fb52e48b08be73d041c18b21de6fb5,22798942,0x733c9b09064b3c35d11e0637903198136c1ff025a9b36e81ee875e378330c3f9,115,close
2025-06-28,2437.44556500,243744556500,8,1751155199,1751154599,600,7,0x7d4e742018fb52e48b08be73d041c18b21de6fb5,22806321,0xd20483fa17a96161920de558a49c6dc00c04d476ecdf2a2fa6ec6fc24f502ca8,170,close
2025-06-29,2505.10878700,250510878700,8,1751241599,1751238911,2688,7,0x7d4e742018fb52e48b08be73d041c18b21de6fb5,22813294,0x47c6b16320ade982db15b95697c73cb889b8ca1843398e2948f46b91496f52a7,44,close
2025-06-30,2490.80513700,249080513700,8,1751327999,1751324759,3240,7,0x7d4e742018fb52e48b08be73d041c18b21de6fb5,22820405,0x876921e5b53538fbc8b84b9885a678146baabd27145a1eaf4482557f32da7bb5,186,close
2025-07-01,2401.59131000,240159131000,8,1751414399,1751413487,912,7,0x7d4e742018fb52e48b08be73d041c18b21de6fb5,22827748,0x0f62d59df39901b2cb2ef9b906ef59da1e35534533b37986d42f0aa87a514bd0,867,close
2025-07-02,2570.98000000,257098000000,8,1751500799,1751500427,372,7,0x7d4e742018fb52e48b08be73d041c18b21de6fb5,22834948,0xa653d5b0887eb46bc5799ae6aca3254120d715a7cea066ff40acac6257f1d278,287,close
2025-07-03,2590.64000000,259064000000,8,1751587199,1751586611,588,7,0x7d4e742018fb52e48b08be73d041c18b21de6fb5,22842083,0xbc145e812a842b27819f5f3cc2906c979f3b4b8529c8a714ac6067552727910d,226,close
2025-07-04,2513.34000000,251334000000,8,1751673599,1751671391,2208,7,0x7d4e742018fb52e48b08be73d041c18b21de6fb5,22849114,0x92b62bb79cbf475f6fa79c31ab737bd7e387cca1ddc2bb7b73fe40c9dac083f1,182,close
2025-07-05,2520.23000000,252023000000,8,1751759999,1751757827,2172,7,0x7d4e742018fb52e48b08be73d041c18b21de6fb5,22856264,0xc2f7f86b8059429819d072bc03cd51b6a65bdef9009e864f8bf6192a13c7d0d7,147,close
2025-07-06,2564.36089256,256436089256,8,1751846399,1751844563,1836,7,0x7d4e742018fb52e48b08be73d041c18b21de6fb5,22863443,0xd3161c7653be480d54e8da20016a55be2a00e61684b594b0f949b28feadff493,237,close
2025-07-07,2544.42697431,254442697431,8,1751932799,1751931551,1248,7,0x7d4e742018fb52e48b08be73d041c18b21de6fb5,22870650,0x0f97d1bbffd4866c7f654d4240024bd0ec93853b5d3916436f2cf767ee48cf90,192,close
2025-07-08,2612.46151885,261246151885,8,1752019199,1752017747,1452,7,0x7d4e742018fb52e48b08be73d041c18b21de6fb5,22877792,0x095ed3d7f28bb49ce0f683a30f2a74de405a6167bd22f22d4276d05d4fc82219,105,close
2025-07-09,2776.54474400,277654474400,8,1752105599,1752102623,2976,7,0x7d4e742018fb52e48b08be73d041c18b21de6fb5,22884808,0xae629acb98b5a8cea6eeaff3b6e66dfe91c921ae17b50144ba5303fce8561626,449,close
2025-07-10,2941.95369862,294195369862,8,1752191999,1752190331,1668,7,0x7d4e742018fb52e48b08be73d041c18b21de6fb5,22892082,0x606d68fa7e662d66a7631eaa61ae70d6f104cdd024d085e1a84d91df6ddbf642,162,close
2025-07-11,2953.65000000,295365000000,8,1752278399,1752274931,3468,7,0x7d4e742018fb52e48b08be73d041c18b21de6fb5,22899082,0xf073fce45b4a11b4f190c0cbd635fcf78b9081759a19bd50c4ab86b19500d7d2,132,close
2025-07-12,2939.20000000,293920000000,8,1752364799,1752363467,1332,7,0x7d4e742018fb52e48b08be73d041c18b21de6fb5,22906425,0xd4e5231f26275147337b762b44df018350c745330740d5d40c7380a9a097dade,187,close
2025-07-13,2968.49243300,296849243300,8,1752451199,1752449903,1296,7,0x7d4e742018fb52e48b08be73d041c18b21de6fb5,22913586,0x7eb0fed7233b4d808c2fb493fafb33ad71ad612bad1fdba48ce1dfc79ffb38af,381,close
2025-07-14,3010.57546538,301057546538,8,1752537599,1752536675,924,7,0x7d4e742018fb52e48b08be73d041c18b21de6fb5,22920781,0x43872b325984d0c9a575ac8ac184bd0268d96590f686a9e10fe6e7d90848f21d,31,close
2025-07-15,3128.83807999,312883807999,8,1752623999,1752620591,3408,7,0x7d4e742018fb52e48b08be73d041c18b21de6fb5,22927743,0x356288f6a64ee809c10fa71fe8f1912797c3053d219b9eca869140c3ffe6f6fe,390,close
2025-07-16,3366.24838000,336624838000,8,1752710399,1752709367,1032,7,0x7d4e742018fb52e48b08be73d041c18b21de6fb5,22935106,0x1791f19a25b8ba551b85b540ae8335f89d11ec453ffc5787ae39e55bd8fe2ce6,249,close
2025-07-17,3480.71000763,348071000763,8,1752796799,1752795599,1200,7,0x7d4e742018fb52e48b08be73d041c18b21de6fb5,22942267,0xd6da4d160d51aa34afda74980b62b5902db946e38c352915cd68ae8db5e15039,164,close
2025-07-18,3545.10346207,354510346207,8,1752883199,1752881027,2172,7,0x7d4e742018fb52e48b08be73d041c18b21de6fb5,22949355,0xf2c7dabe418b599045154ca7e7c63768d8b0775eab3a5793a5731826e54a8a41,119,close
2025-07-19,3598.59524700,359859524700,8,1752969599,1752968171,1428,7,0x7d4e742018fb52e48b08be73d041c18b21de6fb5,22956565,0x48c299e9854a43e072a1e62b590eaf4a912e7b82a2e1e4b8c5be968b4269967e,23,close
2025-07-20,3767.88807196,376788807196,8,1753055999,1753055015,984,7,0x7d4e742018fb52e48b08be73d041c18b21de6fb5,22963762,0x851895c424e502d5ff83bd366a7f405ec8c110282a96f864a0ec12988a3bc714,194,close
2025-07-21,3760.04600000,376004600000,8,1753142399,1753139051,3348,7,0x7d4e742018fb52e48b08be73d041c18b21de6fb5,22970725,0x677d58bd62e5d2d2996085e75fcb60c5ba59de696169bc24abcc7b0ec9f4baaf,195,close
2025-07-22,3741.70257867,374170257867,8,1753228799,1753226219,2580,7,0x7d4e742018fb52e48b08be73d041c18b21de6fb5,22977936,0x464d6fee17e56fceb974a49cda1bde299eba348a34817eff92f8d0dd6670936d,255,close
2025-07-23,3632.71000000,363271000000,8,1753315199,1753313339,1860,7,0x7d4e742018fb52e48b08be73d041c18b21de6fb5,22985147,0x465aa7d6dca6794a4cca816e1cadaa344a8ee5cdf05971850111889dc953613a,241,close
2025-07-24,3704.57994664,370457994664,8,1753401599,1753399955,1644,7,0x7d4e742018fb52e48b08be73d041c18b21de6fb5,22992314,0xfeb5d64612c1c72b2b513bbd7926598f164bfa8dc0a89d20adb82d806d5bcf73,156,close
2025-07-25,3712.19033721,371219033721,8,1753487999,1753485275,2724,7,0x7d4e742018fb52e48b08be73d041c18b21de6fb5,22999368,0xc266a34d1ebe27334a513563f9e6644b4ede28dec637225b6f74389188ac75a6,307,close
2025-07-26,3744.40690000,374440690000,8,1753574399,1753572719,1680,7,0x7d4e742018fb52e48b08be73d041c18b21de6fb5,23006617,0xd2b8daceb00716c95f76b8b54092793dee1bb98d67ed23396a69f0faae0a6b6f,201,close
2025-07-27,3864.51841840,386451841840,8,1753660799,1753659587,1212,7,0x7d4e742018fb52e48b08be73d041c18b21de6fb5,23013825,0xbdab6474912bec5b7d8968a8400ab42e2dc4959cff2cadbea047f5a4e2190ba9,151,close
2025-07-28,3797.54000000,379754000000,8,1753747199,1753747199,0,7,0x7d4e742018fb52e48b08be73d041c18b21de6fb5,23021075,0xcd4ad2f95508248c9098fbcdbcebd1b91c9cbee38393b616b5911d74bfdc2a12,247,close
2025-07-29,3793.37000000,379337000000,8,1753833599,1753832171,1428,7,0x7d4e742018fb52e48b08be73d041c18b21de6fb5,23028109,0xf3a835f5c35587f0fcb96b22d73bfe9f5d344e5a984a654ec95ad47773299156,329,close
2025-07-30,3804.25796500,380425796500,8,1753919999,1753918391,1608,7,0x7d4e742018fb52e48b08be73d041c18b21de6fb5,23035239,0x02e39c76e580988fe569e560908561947882e596a94566fb284533c92e4ff7e1,82,close
2025-07-31,3692.32013100,369232013100,8,1754006399,1754004875,1524,7,0x7d4e742018fb52e48b08be73d041c18b21de6fb5,23042386,0x5cb7f8a54d175a323cca45aa1af92e4f16e7d70cd1c8364df3c4a564bcffbbe5,68,close
2025-08-01,3474.50177642,347450177642,8,1754092799,1754090063,2736,7,0x7d4e742018fb52e48b08be73d041c18b21de6fb5,23049436,0x5df3bf8f1e3751a9a979a101f2f6526769e0d991d2550b306f1ffab3c9cc94e8,286,close
2025-08-02,3397.93000000,339793000000,8,1754179199,1754178719,480,7,0x7d4e742018fb52e48b08be73d041c18b21de6fb5,23056772,0x52aeaf547cd1e7b24e2ce4c6b12ab5144ca3dc5f1d7d72b89742e46133963fbf,99,close
2025-08-03,3498.15882182,349815882182,8,1754265599,1754265215,384,7,0x7d4e742018fb52e48b08be73d041c18b21de6fb5,23063948,0x88742f16925d99b467fc015af064c2717f0e0810e644ba8431fce72cba31b24f,127,close
2025-08-04,3727.62595300,372762595300,8,1754351999,1754349203,2796,7,0x7d4e742018fb52e48b08be73d041c18b21de6fb5,23070913,0x627e61359de2d8f463f201081cf65128db2a5e94b4f7b9629e2952c56d393de8,28,close
2025-08-05,3609.24017471,360924017471,8,1754438399,1754435531,2868,7,0x7d4e742018fb52e48b08be73d041c18b21de6fb5,23078068,0xfc77dcf722d9e4c59365552115a9599783c075607fd4892992be5c700cdd4f66,438,close
2025-08-06,3685.89901709,368589901709,8,1754524799,1754524391,408,7,0x7d4e742018fb52e48b08be73d041c18b21de6fb5,23085431,0xffa88d2e31e48a11709b2254297a72a2473bf62811209ca5f8699534b78707ba,580,close
2025-08-07,3906.74000000,390674000000,8,1754611199,1754607743,3456,7,0x7d4e742018fb52e48b08be73d041c18b21de6fb5,23092332,0xfcc93f033af03fea992d59dcb670261f1d5c4a46ea70bd20bfa26fbd16b6db44,49,close
2025-08-08,4024.37000000,402437000000,8,1754697599,1754695271,2328,7,0x7d4e742018fb52e48b08be73d041c18b21de6fb5,23099583,0x314be0d0f7d091488078e12c4a98ac510c1761a5b35682f6a0628151355c1b1d,271,close
2025-08-09,4273.95000000,427395000000,8,1754783999,1754783687,312,7,0x7d4e742018fb52e48b08be73d041c18b21de6fb5,23106913,0x5149418e4cd2253a58e9467fe6016ddfdf750a8cb4ec290fa2ba4bbcfc891060,605,close
2025-08-10,4247.41086992,424741086992,8,1754870399,1754869535,864,7,0x7d4e742018fb52e48b08be73d041c18b21de6fb5,23114024,0x5418a7f14de5f8bfec15fa10d6548eb277b7eba7e1c3784993f81700e862f38a,1904,close
2025-08-11,4223.81102839,422381102839,8,1754956799,1754955395,1404,7,0x7d4e742018fb52e48b08be73d041c18b21de6fb5,23121123,0xd5416b1492ac3d58028ffd1feb5990ec3c45883fd6e4cfa9dffb9213522b6a75,183,close
2025-08-12,4587.78878679,458778878679,8,1755043199,1755042851,348,7,0x7d4e742018fb52e48b08be73d041c18b21de6fb5,23128376,0x11d95214e72cac5e5547e6515c463a4e282f5030d409515f61e192cbae4748b0,456,close
2025-08-13,4762.78890900,476278890900,8,1755129599,1755127907,1692,7,0x7d4e742018fb52e48b08be73d041c18b21de6fb5,23135429,0xa4eabb6e46bfa84d3cd169fb115af47d47e123c616206a7cd7a4e768daa18d07,283,close
2025-08-14,4545.49700000,454549700000,8,1755215999,1755215831,168,7,0x7d4e742018fb52e48b08be73d041c18b21de6fb5,23142702,0x17b38a971d912a7a705dce5aa5aea719ef07f589e2f54e44ba625a2333c59a4b,419,close
2025-08-15,4429.15000000,442915000000,8,1755302399,1755299855,2544,7,0x7d4e742018fb52e48b08be73d041c18b21de6fb5,23149672,0xe809ad09040583a91aec28fc33f6d6e39bfb4cfdb9a7b375a95e13fe354f0997,308,close
2025-08-16,4429.16000000,442916000000,8,1755388799,1755386327,2472,7,0x7d4e742018fb52e48b08be73d041c18b21de6fb5,23156841,0x0fd349575c01ffcf742a6132edeaaabb935381f483e4d32eb4fd5725a4f619e5,50,close
2025-08-17,4471.40000000,447140000000,8,1755475199,1755474863,336,7,0x7d4e742018fb52e48b08be73d041c18b21de6fb5,23164194,0x2ae3ae18bcca22d4e4aa4aff087362f642626b43ee1a1cf60617ac076e1b375c,246,close
2025-08-18,4308.44000000,430844000000,8,1755561599,1755560963,636,7,0x7d4e742018fb52e48b08be73d041c18b21de6fb5,23171337,0xf721338e16819bcf5753daea4708d5ba311ab540abd4e1c52b9e15b0d34c34a4,117,close
2025-08-19,4070.95000000,407095000000,8,1755647999,1755647831,168,7,0x7d4e742018fb52e48b08be73d041c18b21de6fb5,23178552,0xb8244e1be8e85bf4f1625b761d549994179c5389860b1294c9fcd65596d52238,2,close
2025-08-20,4336.18259972,433618259972,8,1755734399,1755732563,1836,7,0x7d4e742018fb52e48b08be73d041c18b21de6fb5,23185583,0x07b871389432dbb1fc1e9c4ba25597771dbb4033514445487233e7f5ce7dfd63,272,close
2025-08-21,4224.70289336,422470289336,8,1755820799,1755818795,2004,7,0x7d4e742018fb52e48b08be73d041c18b21de6fb5,23192727,0x473a02d1ee8f6986bfcbd6549862cdd1ad0385c905513fd09f154a8bcb2dd842,486,close
2025-08-22,4835.59000000,483559000000,8,1755907199,1755906479,720,7,0x7d4e742018fb52e48b08be73d041c18b21de6fb5,23200003,0x5a0b7bf7c7debb639873c3391be9a3072b48234866cfa4d934e71dd9d4871328,291,close
2025-08-23,4776.69000000,477669000000,8,1755993599,1755993539,60,7,0x7d4e742018fb52e48b08be73d041c18b21de6fb5,23207216,0x0273aff25fa291e43a9f4ff43e73f531abfe66efa8a80b162c5127bf4e206e29,628,close
2025-08-24,4796.79281800,479679281800,8,1756079999,1756077155,2844,7,0x7d4e742018fb52e48b08be73d041c18b21de6fb5,23214159,0x4238b31b81cdee738ca871499329b90f93ef0a132a7dd3a3b33893ec3356ff5b,424,close
2025-08-25,4370.63000000,437063000000,8,1756166399,1756163567,2832,7,0x7d4e742018fb52e48b08be73d041c18b21de6fb5,23221329,0x13fa3a8025e7a78b15872c9098170382f74b8c6db7f1b164f0c754b618b5d565,153,close
2025-08-26,4609.26000000,460926000000,8,1756252799,1756249619,3180,7,0x7d4e742018fb52e48b08be73d041c18b21de6fb5,23228465,0x7f9b9d8c719ca8e375bf7bb93ae0e622ddd9f2257dc73a6d5052e6d9425dce47,231,close
2025-08-27,4512.25000000,451225000000,8,1756339199,1756336919,2280,7,0x7d4e742018fb52e48b08be73d041c18b21de6fb5,23235706,0x0a0d8ab760a493db602b91e2e00d864ea1611fabf61f19aa590825889c55b740,1777,close
2025-08-28,4505.99000000,450599000000,8,1756425599,1756422143,3456,7,0x7d4e742018fb52e48b08be73d041c18b21de6fb5,23242767,0xfb7bb93c09423a23d8fed09cd3244b42e05e11dce3ace337fd08894701fdf43f,284,close
2025-08-29,4371.69831200,437169831200,8,1756511999,1756510883,1116,7,0x7d4e742018fb52e48b08be73d041c18b21de6fb5,23250132,0x82d4deb9a8c5a40386af6eade91efb4cb6c997d5cc962d10cdf4b381a843789f,84,close
2025-08-30,4366.26593435,436626593435,8,1756598399,1756595039,3360,7,0x7d4e742018fb52e48b08be73d041c18b21de6fb5,23257122,0xd38905eccebf7705bbb3e51936ec8d19680c40ec9c1bf578cf74d34096890e6b,292,close
2025-08-31,4381.84840000,438184840000,8,1756684799,1756683719,1080,7,0x7d4e742018fb52e48b08be73d041c18b21de6fb5,23264476,0x544c6599e1138020b46075401f0e2414667ffaeca51841bc8c4ecd4dcd642057,218,close
2025-09-01,4309.91680000,430991680000,8,1756771199,1756770383,816,7,0x7d4e742018fb52e48b08be73d041c18b21de6fb5,23271663,0x3f426faa987a8522a7224130ec1a6757c93672514861c2191e8afe8b200351ec,1606,close
2025-09-02,4322.91000000,432291000000,8,1756857599,1756856411,1188,7,0x7d4e742018fb52e48b08be73d041c18b21de6fb5,23278760,0xfdb00572da2c52a9066cf1b3fa8b42480d4460272869e2df0f639cb738649f6b,300,close
2025-09-03,4449.84083800,444984083800,8,1756943999,1756943111,888,7,0x7d4e742018fb52e48b08be73d041c18b21de6fb5,23285951,0x09331647d0d32a0e1bed439952d2b7cc0f94de4ead7bfed5305dc79d9010fdb0,187,close
2025-09-04,4316.63000000,431663000000,8,1757030399,1757029295,1104,7,0x7d4e742018fb52e48b08be73d041c18b21de6fb5,23293093,0x9db9003d205ede54b668617acf82419a279f7c330662a4b6935827b59affe86f,3346,close
2025-09-05,4312.50000000,431250000000,8,1757116799,1757114747,2052,7,0x7d4e742018fb52e48b08be73d041c18b21de6fb5,23300176,0x0d640d5c30571c854d12b0df022ff3b23de2f677eb52cddbddbd5bd4d64e2c3c,128,close
2025-09-06,4283.95000000,428395000000,8,1757203199,1757201027,2172,7,0x7d4e742018fb52e48b08be73d041c18b21de6fb5,23307311,0x6a1b2958bdfa5668ebeda421622028f54ce965393c44ec0eff2dec6ba804e028,2709,close
2025-09-07,4315.59380000,431559380000,8,1757289599,1757286095,3504,7,0x7d4e742018fb52e48b08be73d041c18b21de6fb5,23314363,0x311821ee249d12f2f2fc241c39945a0dd80da76bbf57430d3275f792f40878d9,226,close
2025-09-08,4309.40086400,430940086400,8,1757375999,1757375819,180,7,0x7d4e742018fb52e48b08be73d041c18b21de6fb5,23321797,0xd3f60797a749e178f627196436aa314d24a0d64d855ce6abe2bdf3f4dca40752,133,close
2025-09-09,4315.34208235,431534208235,8,1757462399,1757459447,2952,7,0x7d4e742018fb52e48b08be73d041c18b21de6fb5,23328736,0x1381c6f8b04c5779319062d96f7c93174ef3a29cba7172bc920937fd1d4d622a,119,close
2025-09-10,4348.43000000,434843000000,8,1757548799,1757546243,2556,7,0x7d4e742018fb52e48b08be73d041c18b21de6fb5,23335890,0xc0e09f67a54e6e0cbec5f1921c87a1ed596781f295fa11f36d8551d5847c84c1,281,close
2025-09-11,4456.79862100,445679862100,8,1757635199,1757634107,1092,7,0x7d4e742018fb52e48b08be73d041c18b21de6fb5,23343168,0x3d817cb36ac9bd7b34e5e5a364a8ba833ef5ff38284e6625a9cc565accab4750,295,close
2025-09-12,4697.98280800,469798280800,8,1757721599,1757720543,1056,7,0x7d4e742018fb52e48b08be73d041c18b21de6fb5,23350337,0x869a3fbc43fa2946b20f6e98666f96102cd786799f01e3598b4f2efae01cd8a5,684,close
2025-09-13,4662.70889300,466270889300,8,1757807999,1757806631,1368,7,0x7d4e742018fb52e48b08be73d041c18b21de6fb5,23357478,0x24dead8a6f7c2480de4ee70700403c524fec664c97da25c6568d22837edabb82,559,close
2025-09-14,4604.98750000,460498750000,8,1757894399,1757893295,1104,7,0x7d4e742018fb52e48b08be73d041c18b21de6fb5,23364671,0x615a9f50630406c8e2bab4b17512e61949637bed1f0bbe1285275b8b3509a522,246,close
2025-09-15,4522.38514072,452238514072,8,1757980799,1757980247,552,7,0x7d4e742018fb52e48b08be73d041c18b21de6fb5,23371869,0x2ec22c482949fac64686863eb9158f44f273292b23e9b421c07fe128decd403a,34,close
2025-09-16,4504.14860000,450414860000,8,1758067199,1758066587,612,7,0x7d4e742018fb52e48b08be73d041c18b21de6fb5,23379024,0x0debadb84d085239c7c25288b861703a277c7232ec15a7a0d8a5c3cd5ae09a21,56,close
2025-09-17,4591.23369204,459123369204,8,1758153599,1758153299,300,7,0x7d4e742018fb52e48b08be73d041c18b21de6fb5,23386215,0x29738912b158c509b2204f936e09428cdfa9b4a79dd11696b016723dd23331c2,397,close
2025-09-18,4573.74240000,457374240000,8,1758239999,1758237515,2484,7,0x7d4e742018fb52e48b08be73d041c18b21de6fb5,23393194,0x17480121e1ce7121b93d26aede9a8423ad31b30f7cb4fc8883bf6e6521fc4d94,319,close
2025-09-19,4465.98579816,446598579816,8,1758326399,1758323507,2892,7,0x7d4e742018fb52e48b08be73d041c18b21de6fb5,23400323,0x5b0338ceaa4905d9f475271cb22120def8c6f0eab61d137967957f647aff1f57,149,close
2025-09-20,4489.81610000,448981610000,8,1758412799,1758410327,2472,7,0x7d4e742018fb52e48b08be73d041c18b21de6fb5,23407505,0x308f5bd1420c3f3b18b437828bd3202f17394b44cb15c91eb456c41bafda7b1e,21,close
2025-09-21,4446.79000000,444679000000,8,1758499199,1758496931,2268,7,0x7d4e742018fb52e48b08be73d041c18b21de6fb5,23414667,0x4ed89f6ec0bd4604d5187fe9362ce68ced81629fc3caee96f9a2dd7d70bfc8ec,323,close
2025-09-22,4207.08000000,420708000000,8,1758585599,1758584183,1416,7,0x7d4e742018fb52e48b08be73d041c18b21de6fb5,23421890,0x71c5e9bae19e85dd5744de352dc6cc79a96b2dc1a83400de4983f569d5bf1545,101,close
2025-09-23,4180.58425330,418058425330,8,1758671999,1758668447,3552,7,0x7d4e742018fb52e48b08be73d041c18b21de6fb5,23428877,0x3f9300cd7c25c4827ee07ad2a1ffab2a1ad0203f1824e56a283d2300b1ff6b4c,150,close
2025-09-24,4154.22080300,415422080300,8,1758758399,1758758351,48,7,0x7d4e742018fb52e48b08be73d041c18b21de6fb5,23436330,0x29c5f8b386c98b8b49c8fc3f96ba47245af78ba487a0d587fa0212422ff5879f,302,close
2025-09-25,3863.78000000,386378000000,8,1758844799,1758843323,1476,7,0x7d4e742018fb52e48b08be73d041c18b21de6fb5,23443361,0x3ede98c3922460b200128b9be54afa59eb4cf5d78b9b99c7afc30139951ab632,11,close
2025-09-26,4020.73239100,402073239100,8,1758931199,1758928523,2676,7,0x7d4e742018fb52e48b08be73d041c18b21de6fb5,23450402,0x0e5640e16b7b004e81ba71841ab87b9cb4943a8fffd6ce9f2bac808ec5d63041,277,close
2025-09-27,4026.87800000,402687800000,8,1759017599,1759014383,3216,7,0x7d4e742018fb52e48b08be73d041c18b21de6fb5,23457513,0xc87326eccd974db00fe2e30265cf352a537583990448817ee9575d187f6be669,613,close
2025-09-28,4139.17809052,413917809052,8,1759103999,1759103267,732,7,0x7d4e742018fb52e48b08be73d041c18b21de6fb5,23464869,0xf06d70c9a912deeb5d978579d594543ec37fb4d3e4802aa399827f8d051de626,133,close
2025-09-29,4221.50780000,422150780000,8,1759190399,1759188983,1416,7,0x7d4e742018fb52e48b08be73d041c18b21de6fb5,23471971,0x90fad83a207e9c747d3f8b655fb06d0c3cd6ae4bd0c9c18620d57cf8c6730de7,389,close
2025-09-30,4145.35742900,414535742900,8,1759276799,1759276559,240,7,0x7d4e742018fb52e48b08be73d041c18b21de6fb5,23479223,0x2cd7959e1836eb9e4da9fc1ff717b0c8030afe851e709bee8daff2c0bdafeef5,61,close
2025-10-01,4341.66759713,434166759713,8,1759363199,1759362227,972,7,0x7d4e742018fb52e48b08be73d041c18b21de6fb5,23486302,0xd1842971542482ee884bc24e6b6a1417b2600a3e44643c9ef44362933cd3bf85,459,close
2025-10-02,4486.49248801,448649248801,8,1759449599,1759449467,132,7,0x7d4e742018fb52e48b08be73d041c18b21de6fb5,23493520,0xf64de17ca0b8f1edd9bb57ef610e92c99baee1c044b284586311dc6ecb417f74,190,close
2025-10-03,4524.99870000,452499870000,8,1759535999,1759534979,1020,7,0x7d4e742018fb52e48b08be73d041c18b21de6fb5,23500610,0xf773dc038fe242db2d6e62d78a408ef86151a286370874ba52c66024fdc1c121,209,close
2025-10-04,4489.41000000,448941000000,8,1759622399,1759619207,3192,7,0x7d4e742018fb52e48b08be73d041c18b21de6fb5,23507587,0xd7444069f5c75242bc62e771eae891fc2459436f4de6744fc0cc68b8ae20c5b7,151,close
2025-10-05,4517.43960000,451743960000,8,1759708799,1759705391,3408,7,0x7d4e742018fb52e48b08be73d041c18b21de6fb5,23514728,0x8c76988a9f5f6d63bf8ce64c08b4f804cd8e4cf3143b97e2f1f5831d8b19acc0,206,close
2025-10-06,4692.09922663,469209922663,8,1759795199,1759792715,2484,7,0x7d4e742018fb52e48b08be73d041c18b21de6fb5,23521955,0xa72f3555854298530e6f5d0e66822df6774accc6ea0c5fe985652601a39fe676,37,close
2025-10-07,4453.57056700,445357056700,8,1759881599,1759881011,588,7,0x7d4e742018fb52e48b08be73d041c18b21de6fb5,23529271,0xf91e8d84d4fb65f2e83b256aa1f66320b5f715bf28bb6dd10e13cc01124ccdfe,369,close
2025-10-08,4528.66256800,452866256800,8,1759967999,1759967207,792,7,0x7d4e742018fb52e48b08be73d041c18b21de6fb5,23536394,0x39e0f66beb14d5e2fd1d86f31296b16d1f9e8e9fc6869a3b669ae7ca6ce6d1eb,321,close
2025-10-09,4370.37092834,437037092834,8,1760054399,1760051747,2652,7,0x7d4e742018fb52e48b08be73d041c18b21de6fb5,23543396,0x7c69c3a1a8c84b4b0b25c6e68ec846b65854742a6c3c144594867a0586e64b2e,738,close
2025-10-10,3841.54050000,384154050000,8,1760140799,1760140499,300,7,0x7d4e742018fb52e48b08be73d041c18b21de6fb5,23550738,0x5370632e706766b2484650092fb4fafd6d299b4c4c53ad167107dca7343a7546,304,close
2025-10-11,3739.08000000,373908000000,8,1760227199,1760224079,3120,7,0x7d4e742018fb52e48b08be73d041c18b21de6fb5,23557662,0x53e2edb2a5b08c2df5d470a5ea551d8a9d491d013fde795af4cbecc8ebfbea55,87,close
2025-10-12,4151.80639500,415180639500,8,1760313599,1760311883,1716,7,0x7d4e742018fb52e48b08be73d041c18b21de6fb5,23564939,0x4022228b925903dfb14610b06843a3d85e876dac0b1102fd7ff218bd76f8c4e2,31,close
2025-10-13,4258.34000000,425834000000,8,1760399999,1760397527,2472,7,0x7d4e742018fb52e48b08be73d041c18b21de6fb5,23572021,0xb1a56f0a792938b9ac58132a72998cd3310c39aad92ced49a7331936dbf86db4,173,close
2025-10-14,4136.55423242,413655423242,8,1760486399,1760483231,3168,7,0x7d4e742018fb52e48b08be73d041c18b21de6fb5,23579111,0xabb4640b984f95e807c9c200a19132adbc0b702f597cc2a976499f1bdfac7487,356,close
2025-10-15,3981.85528174,398185528174,8,1760572799,1760569967,2832,7,0x7d4e742018fb52e48b08be73d041c18b21de6fb5,23586290,0xedcf03609b680d55b294a5b73392bdab8cc16bbac0a5221d95d922e6c328f248,348,close
2025-10-16,3891.83856681,389183856681,8,1760659199,1760656871,2328,7,0x7d4e742018fb52e48b08be73d041c18b21de6fb5,23593470,0xb443ff5032b8991f2be84cfb696071238bf29a0cfa96ba6e29a26b77d328f0fa,989,close
2025-10-17,3842.58000000,384258000000,8,1760745599,1760743991,1608,7,0x7d4e742018fb52e48b08be73d041c18b21de6fb5,23600685,0x7c652cbb79d48163e4fe19a7cc99eb7c639cd62174b025753fcc69a3d2f59c54,347,close
2025-10-18,3883.67000000,388367000000,8,1760831999,1760828555,3444,7,0x7d4e742018fb52e48b08be73d041c18b21de6fb5,23607677,0x41dcaa38d298edcb0c532f4a0807ed5b0d600fe03a8dae0d0118098aa54d9fd2,200,close
2025-10-19,3978.15025000,397815025000,8,1760918399,1760917487,912,7,0x7d4e742018fb52e48b08be73d041c18b21de6fb5,23615040,0x55165e8e887f4d8c0fe8bf68ef5434e9a944bf62504c4d2bd850321184cd1024,682,close
2025-10-20,3981.77121162,398177121162,8,1761004799,1761004223,576,7,0x7d4e742018fb52e48b08be73d041c18b21de6fb5,23622191,0x77cae95120adc064716bc51373eaf383a750202fe64d2bd9a1392d7076a8f72b,400,close
2025-10-21,3866.85591272,386685591272,8,1761091199,1761089879,1320,7,0x7d4e742018fb52e48b08be73d041c18b21de6fb5,23629251,0x9e9da12769002967266b6d8daad8b29bd3135e839bda8410f47618efc253a0f0,726,close
2025-10-22,3807.81302022,380781302022,8,1761177599,1761175631,1968,7,0x7d4e742018fb52e48b08be73d041c18b21de6fb5,23636329,0x2c5dc3d90ab8b6ad6ac78316d116d0ce7200f4ac7786f2724e808279bc6e6ce0,111,close
2025-10-23,3854.39580000,385439580000,8,1761263999,1761262379,1620,7,0x7d4e742018fb52e48b08be73d041c18b21de6fb5,23643485,0x047c6c2a6178b1656bbdb1310ba591424ea873b79a9113344be70a9fae7b5f16,123,close
2025-10-24,3929.39978444,392939978444,8,1761350399,1761347519,2880,7,0x7d4e742018fb52e48b08be73d041c18b21de6fb5,23650519,0x6fed85662a9afa81acb33ba12d7261a47a3cdbaf378747f5bae579ba7a3d253e,222,close
2025-10-25,3955.68283114,395568283114,8,1761436799,1761435227,1572,7,0x7d4e742018fb52e48b08be73d041c18b21de6fb5,23657779,0x4449d0a3f6252746dd6978e5eb7d3be64cf474d68067206bb89c1ae9513c0592,221,close
2025-10-26,4171.67486300,417167486300,8,1761523199,1761519707,3492,7,0x7d4e742018fb52e48b08be73d041c18b21de6fb5,23664781,0x44d0e6704788e0618c8f1d37d271f92a24f6e16e862dd2ea79c8f3c443f7c8bc,381,close
2025-10-27,4108.47815445,410847815445,8,1761609599,1761606995,2604,7,0x7d4e742018fb52e48b08be73d041c18b21de6fb5,23671995,0x64f8a74e92304f3e97b6f496eec8c03c53e0714dfe0b5e974dfca0e779790814,524,close
2025-10-28,3982.42310000,398242310000,8,1761695999,1761695111,888,7,0x7d4e742018fb52e48b08be73d041c18b21de6fb5,23679266,0xa1088b8a797632068a4a7b6943f7407502e7b53d62339f3a75961a968e950a7e,278,close
2025-10-29,3895.67029689,389567029689,8,1761782399,1761781607,792,7,0x7d4e742018fb52e48b08be73d041c18b21de6fb5,23686421,0xe452991fd76cbfe53af4f8851c613ad83107e871f77d8792d6044e9614be59e6,542,close
2025-10-30,3790.58590000,379058590000,8,1761868799,1761867287,1512,7,0x7d4e742018fb52e48b08be73d041c18b21de6fb5,23693502,0xb8d612664b9e35be7bd4c4388af7d544766ff81bfa9cc074380c9168e86ee544,412,close
2025-10-31,3846.13000000,384613000000,8,1761955199,1761955043,156,7,0x7d4e742018fb52e48b08be73d041c18b21de6fb5,23700753,0x652dc5350dc6145a8a487980ebcc905a27196e2af55746b563e461bad31960e7,148,close
2025-11-01,3872.36000000,387236000000,8,1762041599,1762038251,3348,7,0x7d4e742018fb52e48b08be73d041c18b21de6fb5,23707642,0x11a5c66587b5885a63a730fcb10ce28c67566541a617c6265f6e653b73269dd5,241,close
2025-11-02,3896.28000000,389628000000,8,1762127999,1762126859,1140,7,0x7d4e742018fb52e48b08be73d041c18b21de6fb5,23714983,0x6332e375064a46c0cb7db9f30cccaacb00768dcd4e456b158a35b48f0cbe85d2,56,close
2025-11-03,3590.04300090,359004300090,8,1762214399,1762212371,2028,7,0x7d4e742018fb52e48b08be73d041c18b21de6fb5,23722067,0x1499d5350fc41c98f7aa159863a1da1184da03e2b6ca8308611b7610175f5055,313,close
2025-11-04,3297.05104000,329705104000,8,1762300799,1762300463,336,7,0x7d4e742018fb52e48b08be73d041c18b21de6fb5,23729359,0x1ffb447f8cb056ba45e67f57df654324ea965675e491821b97c045a2875b35af,779,close
2025-11-05,3418.44070000,341844070000,8,1762387199,1762384019,3180,7,0x7d4e742018fb52e48b08be73d041c18b21de6fb5,23736265,0x6b5466bd27ea6fa01edd2f29adc5703c5123464970563c451368924a5e0c0b2f,163,close
2025-11-06,3307.33000000,330733000000,8,1762473599,1762471559,2040,7,0x7d4e742018fb52e48b08be73d041c18b21de6fb5,23743508,0xad330ad601ed5fb432984cf5f7144dd14040b78d562f4d657ad28905dd2f73c8,344,close
2025-11-07,3440.98249433,344098249433,8,1762559999,1762558571,1428,7,0x7d4e742018fb52e48b08be73d041c18b21de6fb5,23750709,0x67ddec6e9b194a058ae96f3c228e509df974be5ecc031b1df3491d32e80cd4f0,162,close
2025-11-08,3405.71017882,340571017882,8,1762646399,1762645763,636,7,0x7d4e742018fb52e48b08be73d041c18b21de6fb5,23757928,0x019a42c847e9d96f1fce8d835a319bab273720220f0d9e6b694899843150f031,126,close
2025-11-09,3572.16558836,357216558836,8,1762732799,1762731191,1608,7,0x7d4e742018fb52e48b08be73d041c18b21de6fb5,23765009,0x5b9d73405d2c3b9256817b1e854caed426444f699168de1b2c8374b3f2b2e00c,653,close
2025-11-10,3575.70801026,357570801026,8,1762819199,1762818539,660,7,0x7d4e742018fb52e48b08be73d041c18b21de6fb5,23772233,0x3bc4e8e3b47d0fd5e8167649583d4005da63300fa6190a43f65a7bfae6ea7503,286,close
2025-11-11,3413.98472400,341398472400,8,1762905599,1762904891,708,7,0x7d4e742018fb52e48b08be73d041c18b21de6fb5,23779367,0x5fd57fde3566de3c9186e6d407221cd6860f678f44bab6bddf5bb79e163cd57e,232,close
2025-11-12,3411.55000000,341155000000,8,1762991999,1762989071,2928,7,0x7d4e742018fb52e48b08be73d041c18b21de6fb5,23786335,0x48d5f9fe0f1bd67219492772417c4e952fdccd6f451972381e7e87572dedc321,206,close
2025-11-13,3234.65000000,323465000000,8,1763078399,1763077967,432,7,0x7d4e742018fb52e48b08be73d041c18b21de6fb5,23793678,0x016bb8ab0b9b77fdec74f0740776b771c708d9fc8887db3a40ba473fa7381fea,1290,close
2025-11-14,3113.70347500,311370347500,8,1763164799,1763163491,1308,7,0x7d4e742018fb52e48b08be73d041c18b21de6fb5,23800762,0xed9a8d74338b6ca99bcc02335c8add9d224ab5a11fbb9e8527360968fecc15f0,184,close
2025-11-15,3169.85725800,316985725800,8,1763251199,1763250143,1056,7,0x7d4e742018fb52e48b08be73d041c18b21de6fb5,23807935,0xd8971e86faadf904f9265e317e343e502af707a39fddc3b64ed4657bdf9baade,253,close
2025-11-16,3093.00080000,309300080000,8,1763337599,1763335499,2100,7,0x7d4e742018fb52e48b08be73d041c18b21de6fb5,23815004,0x888eb5b0bda4d403757baee8fae40544972c784da4dbcb4cca302c37cea2eb7b,703,close
2025-11-17,3022.10000000,302210000000,8,1763423999,1763422631,1368,7,0x7d4e742018fb52e48b08be73d041c18b21de6fb5,23822190,0xc8d5f10e07ebe458d387af9d0ea9f020879e2808e2397c1ed5f1ceb5f861c983,28,close
2025-11-18,3123.01460000,312301460000,8,1763510399,1763510279,120,7,0x7d4e742018fb52e48b08be73d041c18b21de6fb5,23829417,0x3d9792dc43ccfa8777a47d070b942710ababf5653a33e0bb8adde58abc7e5244,100,close
2025-11-19,3018.98174032,301898174032,8,1763596799,1763595587,1212,7,0x7d4e742018fb52e48b08be73d041c18b21de6fb5,23836443,0x545bd90c7d3b1dd39ea5ff19fac47ca988cbf7a637a0e207bc72ca5f2af8c89b,136,close
2025-11-20,2827.85000000,282785000000,8,1763683199,1763682791,408,7,0x7d4e742018fb52e48b08be73d041c18b21de6fb5,23843639,0x75f3b2ef7d3a660f7225144838d977d73fe96262965a3807cc1457e5ef6f181b,646,close
2025-11-21,2758.32000000,275832000000,8,1763769599,1763767823,1776,7,0x7d4e742018fb52e48b08be73d041c18b21de6fb5,23850648,0x08766814f870f2234324e86aedaedb973eecf2e1cd31368baddfb27310438811,460,close
2025-11-22,2776.98205916,277698205916,8,1763855999,1763852963,3036,7,0x7d4e742018fb52e48b08be73d041c18b21de6fb5,23857645,0x9ac75c31d9303d73b508e90e830e1d3551b3af12f3ceee637e1415a857732f46,24,close
2025-11-23,2808.53390000,280853390000,8,1763942399,1763939879,2520,7,0x7d4e742018fb52e48b08be73d041c18b21de6fb5,23864807,0xbf7efd12658fc277a20898836273f4b467f7c11e6732f043b42822710b994b97,1118,close
2025-11-24,2957.09290000,295709290000,8,1764028799,1764025619,3180,7,0x7d4e742018fb52e48b08be73d041c18b21de6fb5,23871859,0x074ff7de624eb81da7f996383601535cf7b1a047549f563f74f968b870853018,264,close
2025-11-25,2958.49580000,295849580000,8,1764115199,1764115091,108,7,0x7d4e742018fb52e48b08be73d041c18b21de6fb5,23879210,0x39e4ab6c791b30e703bd43df8d45ad81b608b0aecd116ac055ad0969339bac74,367,close
2025-11-26,3027.26139871,302726139871,8,1764201599,1764201527,72,7,0x7d4e742018fb52e48b08be73d041c18b21de6fb5,23886336,0x5e7ce494cf338d5fef047182ebd93c1824083707698b7e478e986984c85e618b,245,close
2025-11-27,3016.84245337,301684245337,8,1764287999,1764287111,888,7,0x7d4e742018fb52e48b08be73d041c18b21de6fb5,23893399,0xd105d061cfac0d99416c529d4d920cadacdc4e9fd2b8764b22b947767562f157,400,close
2025-11-28,3045.63271445,304563271445,8,1764374399,1764371063,3336,7,0x7d4e742018fb52e48b08be73d041c18b21de6fb5,23900325,0xa31451f93f773f77a0409d06a03e43ea4b8a1d7dbd37608bfe0feafe6687c5e4,273,close
2025-11-29,2990.76747804,299076747804,8,1764460799,1764460691,108,7,0x7d4e742018fb52e48b08be73d041c18b21de6fb5,23907752,0xbf452db9ad38c784c93d874b8b266b4e0b6ea8f29338c839eb92eeaed6cca057,104,close
2025-11-30,3004.67000000,300467000000,8,1764547199,1764545615,1584,7,0x7d4e742018fb52e48b08be73d041c18b21de6fb5,23914789,0x2a211fdae99c0f5c4137b85905edaacd6ff40131ddc7f8385907eb7162c078a5,531,close
2025-12-01,2805.53482986,280553482986,8,1764633599,1764632831,768,7,0x7d4e742018fb52e48b08be73d041c18b21de6fb5,23922004,0xa98651022600c3b3d15a4e4545c5ce32743c815d34706de4b93d8dfe7d369f69,710,close
2025-12-02,2998.90000000,299890000000,8,1764719999,1764719579,420,7,0x7d4e742018fb52e48b08be73d041c18b21de6fb5,23929175,0x1c13c0b00c41aadf30e9e0c9b2b01e661b3f9f1dacc65a6593b75c295aed9996,2,close
2025-12-03,3198.42431799,319842431799,8,1764806399,1764806027,372,7,0x7d4e742018fb52e48b08be73d041c18b21de6fb5,23936274,0xfca4e5ad4098a4be4f9bb804e244092fdd374c7c1c53a0495606ac47cdaf8073,79,close
2025-12-04,3141.06000000,314106000000,8,1764892799,1764891203,1596,7,0x7d4e742018fb52e48b08be73d041c18b21de6fb5,23942938,0x2885fbbe00420efbe47568ff0c5cac24cbe3e4b9e6fbbf7fcb34174013b51cbe,144,close
2025-12-05,3011.35859203,301135859203,8,1764979199,1764976091,3108,7,0x7d4e742018fb52e48b08be73d041c18b21de6fb5,23949886,0x65ecb1215c27eeb166df0b663b693aef5a6e38ca3cd0d0878c32817565206b55,289,close
2025-12-06,3034.65505891,303465505891,8,1765065599,1765062671,2928,7,0x7d4e742018fb52e48b08be73d041c18b21de6fb5,23957010,0xf120302fa1db5cb17cccd3e3ced4bbdde9e5496e25cf8a0ee4da702c39ec8212,4578,close
2025-12-07,3055.57702700,305557702700,8,1765151999,1765151783,216,7,0x7d4e742018fb52e48b08be73d041c18b21de6fb5,23964367,0xa500a162799e55254b48d9f7d848521b94267d510d74f3121c3f13828a660433,114,close
2025-12-08,3127.77546339,312777546339,8,1765238399,1765235723,2676,7,0x7d4e742018fb52e48b08be73d041c18b21de6fb5,23971289,0x9c9b2c0b92fcd7c05004a3110ed97277bdc362b9f13dc45be988611c5ddf16e5,165,close
2025-12-09,3323.79000000,332379000000,8,1765324799,1765321907,2892,7,0x7d4e742018fb52e48b08be73d041c18b21de6fb5,23978396,0xc448891f800bfa3af26e1a103ddd2ec1c741dfbb647fc11db5d18ded428276d2,369,close
2025-12-10,3336.90740500,333690740500,8,1765411199,1765409207,1992,7,0x7d4e742018fb52e48b08be73d041c18b21de6fb5,23985567,0x4983b22049da03d89b2972000804058c5748a75fccbd9fb0f617b07ba30fbfdc,189,close
2025-12-11,3243.49078189,324349078189,8,1765497599,1765496771,828,7,0x7d4e742018fb52e48b08be73d041c18b21de6fb5,23992796,0xb08f227c742391a41a744afcd09461eaa880c643c914a4113961c1f29c867929,6,close
2025-12-12,3084.21532390,308421532390,8,1765583999,1765583819,180,7,0x7d4e742018fb52e48b08be73d041c18b21de6fb5,23999954,0x656ea1292b8a76078b58dd451d24a9744ca398c2f3175cfe03e956a45689d9d4,81,close
2025-12-13,3112.05000000,311205000000,8,1765670399,1765667087,3312,7,0x7d4e742018fb52e48b08be73d041c18b21de6fb5,24006843,0xd4a7941e527a980568e6c11482d2f9f2be930e5dc372e5ea116ef4c580ccb3e0,35,close
2025-12-14,3061.20949700,306120949700,8,1765756799,1765755599,1200,7,0x7d4e742018fb52e48b08be73d041c18b21de6fb5,24014185,0xcc98c4632f73c145e928f0716826396bf7144d52e7623f41128717a7b705577a,213,close
2025-12-15,2954.11000000,295411000000,8,1765843199,1765839635,3564,7,0x7d4e742018fb52e48b08be73d041c18b21de6fb5,24021148,0xb4dcb99784a4a01205cb7e2b9c277d117f5db31cfef74ea42dee8ec840e35509,152,close
2025-12-16,2959.46647742,295946647742,8,1765929599,1765929059,540,7,0x7d4e742018fb52e48b08be73d041c18b21de6fb5,24028564,0x5641e4444ea2c0b66261cfc60c6c25a658bfb69aeac59a5ac3b6eafd18495ee9,100,close
2025-12-17,2822.59800600,282259800600,8,1766015999,1766013827,2172,7,0x7d4e742018fb52e48b08be73d041c18b21de6fb5,24035589,0xaf650b02f79a7fad4c8f19e8ec03f75e14e9c62e4423eda42f367b77e313bfe4,120,close
2025-12-18,2827.40034637,282740034637,8,1766102399,1766100683,1716,7,0x7d4e742018fb52e48b08be73d041c18b21de6fb5,24042782,0x8b1956d76e3d0742ee13e3c0073768591ab865d30ae3b96092ef95a5fb159291,6434,close
2025-12-19,2984.04247516,298404247516,8,1766188799,1766186543,2256,7,0x7d4e742018fb52e48b08be73d041c18b21de6fb5,24049895,0x087642ad522ecd457a6519acf84692a9d72862211d637272f444dcc23a88fc2d,284,close
2025-12-20,2976.48780000,297648780000,8,1766275199,1766272799,2400,7,0x7d4e742018fb52e48b08be73d041c18b21de6fb5,24057053,0xd7fb1cf0eb14cbb15ab8f1c1ce787a1cf829f23be20d3fe0fe3844be94766597,225,close
2025-12-21,2993.11000000,299311000000,8,1766361599,1766359835,1764,7,0x7d4e742018fb52e48b08be73d041c18b21de6fb5,24064284,0x02165b071b6b6bd6a61c85fe562cb97a0a4758a03fc22ef54c8f378840ee8f7c,822,close
2025-12-22,3002.26000000,300226000000,8,1766447999,1766447495,504,7,0x7d4e742018fb52e48b08be73d041c18b21de6fb5,24071550,0x17c03c601fe7867eff9b23ab85b4f70ed7317ca2fa63fa74d6b1dff26ddd763b,265,close
2025-12-23,2967.86000000,296786000000,8,1766534399,1766533139,1260,7,0x7d4e742018fb52e48b08be73d041c18b21de6fb5,24078647,0x56002f8d3a494fa9ace074d2fa6004eecaaae62e012e0bccd9e6ca62fa72bd5e,684,close
2025-12-24,2953.10710000,295310710000,8,1766620799,1766618207,2592,7,0x7d4e742018fb52e48b08be73d041c18b21de6fb5,24085708,0x7fc30d0d7f5e40eae2b36195cb8cfca1300d5e5a6531d7800aa72b1b1027c7ce,167,close
2025-12-25,2895.75000000,289575000000,8,1766707199,1766705903,1296,7,0x7d4e742018fb52e48b08be73d041c18b21de6fb5,24092976,0x3b6258ee7125011e31dfe8ac488d4f1c7a4670af2e4cc8aeb1acdd8df062c78f,665,close
2025-12-26,2927.00467828,292700467828,8,1766793599,1766792123,1476,7,0x7d4e742018fb52e48b08be73d041c18b21de6fb5,24100123,0xfe640849cc7a22afe9390fd1700227c13f40c546e5acb8cfb07b8acf63500d50,56,close
2025-12-27,2954.52000000,295452000000,8,1766879999,1766879279,720,7,0x7d4e742018fb52e48b08be73d041c18b21de6fb5,24107346,0x05da8596cb67a52be07789a1242750ed40fd423c79587b959ad06ff5f83ef78e,79,close
2025-12-28,2950.75975114,295075975114,8,1766966399,1766965883,516,7,0x7d4e742018fb52e48b08be73d041c18b21de6fb5,24114534,0x3e0679bc5ff70bce628169dfe92b69d478176bf637788471c389d0fc508a1105,732,close
2025-12-29,2937.94513771,293794513771,8,1767052799,1767049955,2844,7,0x7d4e742018fb52e48b08be73d041c18b21de6fb5,24121502,0xc3313efaef2cc878c6e68ce162b80bf067d70d7ab4ba3b238408ec91d4b08627,369,close
2025-12-30,2969.48300274,296948300274,8,1767139199,1767137471,1728,7,0x7d4e742018fb52e48b08be73d041c18b21de6fb5,24128740,0xcb4c1da09d1654184236c50daabc6d69c2908862d4bece012f6a97d46de00659,185,close
2025-12-31,2970.64000000,297064000000,8,1767225599,1767222491,3108,7,0x7d4e742018fb52e48b08be73d041c18b21de6fb5,24135794,0x7de7d0ac6b9effb90a4ac8b584fefdd1dee52a607a381f5c833013d663db3c77,334,close
2026-01-01,2992.03739890,299203739890,8,1767311999,1767308951,3048,7,0x7d4e742018fb52e48b08be73d041c18b21de6fb5,24142971,0xfd354f3e4e5904459f84e86844e1806630e9b1c77a940b7b93a4052e3099895b,485,close
2026-01-02,3133.27422399,313327422399,8,1767398399,1767395171,3228,7,0x7d4e742018fb52e48b08be73d041c18b21de6fb5,24150127,0xc9489dd558ae78a198a5e9c62acdead7f32af6783135eb6b94d1488aed42257b,348,close
2026-01-03,3124.02149840,312402149840,8,1767484799,1767481631,3168,7,0x7d4e742018fb52e48b08be73d041c18b21de6fb5,24157303,0xff0b8a875f27b4fc7f20e456b27f4aaa71006a8782bd69eefe203034a17795af,317,close
2026-01-04,3148.84658539,314884658539,8,1767571199,1767567911,3288,7,0x7d4e742018fb52e48b08be73d041c18b21de6fb5,24164465,0xbcab97ad7a2fca46d41184927b104b16e8616b42a4723d9e693dce58742e145a,509,close
2026-01-05,3229.02395000,322902395000,8,1767657599,1767656147,1452,7,0x7d4e742018fb52e48b08be73d041c18b21de6fb5,24171780,0xbd12091b741a6f19da058ec12860c412005ac20252f4d89a0b07128b1aa9342c,33,close
2026-01-06,3289.40484800,328940484800,8,1767743999,1767741359,2640,7,0x7d4e742018fb52e48b08be73d041c18b21de6fb5,24178859,0xaeec79437cd777226ac45e64c988bc9cbb1c582d2272596337d12286f131a7ef,366,close
2026-01-07,3160.87000000,316087000000,8,1767830399,1767829199,1200,7,0x7d4e742018fb52e48b08be73d041c18b21de6fb5,24186141,0x99e65356aa184147f8268afcc7ad5b92d129525ca46db37be72d12722ea7b468,1392,close
2026-01-08,3117.42000000,311742000000,8,1767916799,1767913595,3204,7,0x7d4e742018fb52e48b08be73d041c18b21de6fb5,24193132,0x5cf64636f01ff0c403d11d32a0b333b41e61dea9b2fe54158484459715d5a33b,207,close
2026-01-09,3086.73304445,308673304445,8,1768003199,1768001315,1884,7,0x7d4e742018fb52e48b08be73d041c18b21de6fb5,24200414,0xc747545429e9f71a3234599a6fbb1268f08ed7387262af57dea108bed6448f80,45,close
2026-01-10,3078.22000000,307822000000,8,1768089599,1768086467,3132,7,0x7d4e742018fb52e48b08be73d041c18b21de6fb5,24207482,0x5d41a680cb45b56ac53d5c87f315a52344d23c8da7e4575abc66f1d4da2b4f5b,201,close
2026-01-11,3109.01921343,310901921343,8,1768175999,1768173359,2640,7,0x7d4e742018fb52e48b08be73d041c18b21de6fb5,24214694,0x67fb93e6835af6f3c4edacb4a7c0c1dc1b72795a8fc6d13711f00d88820cd27b,1036,close
2026-01-12,3086.92000000,308692000000,8,1768262399,1768259123,3276,7,0x7d4e742018fb52e48b08be73d041c18b21de6fb5,24221802,0x63a4fc601d8cecf4b3ed2f129b7fef9d16c278cad0323ad32671833941b2f736,615,close
2026-01-13,3316.02000000,331602000000,8,1768348799,1768347383,1416,7,0x7d4e742018fb52e48b08be73d041c18b21de6fb5,24229104,0x0514730721c932e07a4eed61b0ddc060989cf36a9b683e94757909f801184049,51,close
2026-01-14,3368.27000000,336827000000,8,1768435199,1768432559,2640,7,0x7d4e742018fb52e48b08be73d041c18b21de6fb5,24236167,0x8b704061f8ea3e413f1d6c5352cc4e22fdbeb7573e67c9aba62d45f807264c73,370,close
2026-01-15,3320.50980000,332050980000,8,1768521599,1768521095,504,7,0x7d4e742018fb52e48b08be73d041c18b21de6fb5,24243515,0x378cef79d6d9371c59b788fb79c970281a7301ef6715c9c4ba951abf66eb4d2f,242,close
2026-01-16,3292.68668272,329268668272,8,1768607999,1768604915,3084,7,0x7d4e742018fb52e48b08be73d041c18b21de6fb5,24250480,0xd788c9379e6a072aa6a09678a3dc77fa5967a1ceabfa5b53b1435e0c9e913d74,745,close
2026-01-17,3308.26909033,330826909033,8,1768694399,1768693451,948,7,0x7d4e742018fb52e48b08be73d041c18b21de6fb5,24257831,0x1dc1997c20d5ec991866c0ff51ed5397ea8628966a22b2a9f2c801d5e1e3b17b,343,close
2026-01-18,3287.96000000,328796000000,8,1768780799,1768780067,732,7,0x7d4e742018fb52e48b08be73d041c18b21de6fb5,24265030,0xb019d7aaaa5403571af1251d9b353bb913fd2b4c5390b62cdcf48a4c6b344ac3,1497,close
2026-01-19,3182.79613394,318279613394,8,1768867199,1768865435,1764,7,0x7d4e742018fb52e48b08be73d041c18b21de6fb5,24272118,0xa20ed1c0a609d52d8be4038976b5bb765b061be8a3cff31db07da144067b65e1,475,close
2026-01-20,2930.69033800,293069033800,8,1768953599,1768952975,624,7,0x7d4e742018fb52e48b08be73d041c18b21de6fb5,24279382,0x1ae807829ad51e9f3595b113d01528635a438c168496f78ae66f3313a97cc314,947,close
2026-01-21,2977.07450700,297707450700,8,1769039999,1769039399,600,7,0x7d4e742018fb52e48b08be73d041c18b21de6fb5,24286557,0xbaeb4a5aa6cee29434725bea451c734ea39664be570653f34de4486148a3a779,1075,close
2026-01-22,2946.88183813,294688183813,8,1769126399,1769124563,1836,7,0x7d4e742018fb52e48b08be73d041c18b21de6fb5,24293612,0xfcaa6611fe1022ae48313769dcbf07423ef5fbf7e43393eb7c97d729ee129f02,113,close
2026-01-23,2951.26855904,295126855904,8,1769212799,1769210543,2256,7,0x7d4e742018fb52e48b08be73d041c18b21de6fb5,24300739,0xb2d6bae4db523b214f1b9fcf5011fd7de1540671e61a5b0da378ca6ec3740bd8,733,close
2026-01-24,2955.42130000,295542130000,8,1769299199,1769295875,3324,7,0x7d4e742018fb52e48b08be73d041c18b21de6fb5,24307823,0x747b08ee09f2cef134dd5825e8c6b633ef2b7250d59b4cfeacd3b9eb4ddba2bd,678,close
2026-01-25,2817.44433055,281744433055,8,1769385599,1769385035,564,7,0x7d4e742018fb52e48b08be73d041c18b21de6fb5,24315226,0xab0cc009a523ae3c3b8f94ac92f4b2438298c233936e758b6c6f66a6e2e7a7a8,1539,close
2026-01-26,2940.90581500,294090581500,8,1769471999,1769470415,1584,7,0x7d4e742018fb52e48b08be73d041c18b21de6fb5,24322311,0xbc78767fac54b4adfdf6ac038dbba767d8aec31be60531661ee5efc291112a3b,948,close
2026-01-27,3020.55586000,302055586000,8,1769558399,1769556191,2208,7,0x7d4e742018fb52e48b08be73d041c18b21de6fb5,24329429,0x4eca2086b2d0eddb8b72867a6235811c9d2266e38c4a567d52cd17792e06077f,604,close
2026-01-28,3011.90452601,301190452601,8,1769644799,1769641895,2904,7,0x7d4e742018fb52e48b08be73d041c18b21de6fb5,24336544,0x186146bd1ed049907a272f6cd68a4e7a10aad9c7a409babc1490ec1ea4b82a82,44,close
2026-01-29,2818.73386858,281873386858,8,1769731199,1769729639,1560,7,0x7d4e742018fb52e48b08be73d041c18b21de6fb5,24343826,0xdd2e6ad97bd25eb39d3e3cb4b8e0a8ecca8c50b7bd84d38e536034e34cb9af17,410,close
2026-01-30,2703.87034007,270387034007,8,1769817599,1769816735,864,7,0x7d4e742018fb52e48b08be73d041c18b21de6fb5,24351055,0x899bb8c7393f7b2d4d73bb3af47474071b55b16c0aede77a861269a78edfff6a,274,close
2026-01-31,2441.82742641,244182742641,8,1769903999,1769903051,948,7,0x7d4e742018fb52e48b08be73d041c18b21de6fb5,24358213,0x6e2d2fa2133c622ecd973ed2616441e599e9047f54e7d21447f048b22cb73000,762,close
2026-02-01,2270.38000000,227038000000,8,1769990399,1769989967,432,7,0x7d4e742018fb52e48b08be73d041c18b21de6fb5,24365417,0x75d29d9d45d515d82d4423b021d4136de306aa118347bfc8b8b48ab76a574012,742,close
2026-02-02,2349.09846494,234909846494,8,1770076799,1770073487,3312,7,0x7d4e742018fb52e48b08be73d041c18b21de6fb5,24372337,0xee79602d7dbd651b41ce283c0bb2dcf0d79a9f2d93585969c4a52a828cccd842,152,close
2026-02-03,2218.53189101,221853189101,8,1770163199,1770162491,708,7,0x7d4e742018fb52e48b08be73d041c18b21de6fb5,24379703,0x59fc540af1b6c06540d7805d1c51cacab85143fcffa2f5aac14ba15492a9cc3c,446,close
2026-02-04,2146.46052438,214646052438,8,1770249599,1770249371,228,7,0x7d4e742018fb52e48b08be73d041c18b21de6fb5,24386895,0x99dbc084eb38462d83750454f082fbeae9448bdac6c78fec78126b8f9d7e969e,396,close
2026-02-05,1823.86527500,182386527500,8,1770335999,1770335591,408,7,0x7d4e742018fb52e48b08be73d041c18b21de6fb5,24394031,0x58dbd525531cab0ce5cde0192a5ed1916aa63d6c5be123df2379150a29e6c760,984,close
2026-02-06,2059.20396396,205920396396,8,1770422399,1770421919,480,7,0x7d4e742018fb52e48b08be73d041c18b21de6fb5,24401183,0xaea427efc12fc828983a856220ff22abb1fbbdd205985225e5d17f1c527adc95,237,close
2026-02-07,2084.13680181,208413680181,8,1770508799,1770507263,1536,7,0x7d4e742018fb52e48b08be73d041c18b21de6fb5,24408257,0xb7e0f42b2876b607713203a43427112ddc5d91e01c426b7df85b5698fe603f11,234,close
2026-02-08,2086.87981424,208687981424,8,1770595199,1770595127,72,7,0x7d4e742018fb52e48b08be73d041c18b21de6fb5,24415487,0x1c5019d1ee170a8366ddcb0efb04cca221d50bb9dbf38c39fb8557e273c95528,2,close
2026-02-09,2109.27999683,210927999683,8,1770681599,1770679439,2160,7,0x7d4e742018fb52e48b08be73d041c18b21de6fb5,24422473,0x2e9092677aecc0ce2caa2b64ba5e5d03ca6da0aa8f1c2b6585b6bd9be4a515c2,190,close
2026-02-10,2013.74194221,201374194221,8,1770767999,1770764483,3516,7,0x7d4e742018fb52e48b08be73d041c18b21de6fb5,24429517,0x3d71d86d1dde76b48eb5f8b6e76a1e51dd28a12b78e1f7e4a03c37fb90897a66,88,close
2026-02-11,1934.15000000,193415000000,8,1770854399,1770852143,2256,7,0x7d4e742018fb52e48b08be73d041c18b21de6fb5,24436783,0x6a5772e74c380c12b75a8a8141b219b82422d3520e3745b526ff1a3793403087,875,close
2026-02-12,1945.77806529,194577806529,8,1770940799,1770937571,3228,7,0x7d4e742018fb52e48b08be73d041c18b21de6fb5,24443869,0x36666729d8925a0cea50d4c97d0d992247c05d6186118ea0e2d704c9862a43ab,567,close
2026-02-13,2051.44000000,205144000000,8,1771027199,1771023959,3240,7,0x7d4e742018fb52e48b08be73d041c18b21de6fb5,24451032,0xac6eb3c5918a9956256b4a94c4572ed8844533624ee960bf968f82305fc11b98,189,close
2026-02-14,2086.45010600,208645010600,8,1771113599,1771111559,2040,7,0x7d4e742018fb52e48b08be73d041c18b21de6fb5,24458305,0xa1efb8c39ae4ad700def528055b7a467b73cb51e28e1ea2dadb6dce18343fa2b,240,close
2026-02-15,1966.40580188,196640580188,8,1771199999,1771198271,1728,7,0x7d4e742018fb52e48b08be73d041c18b21de6fb5,24465509,0x31c376dc94fbcaaa34722cf5312877be9a957fce6ea9fedad32d5a6e9de8b5f3,891,close
2026-02-16,1995.90000000,199590000000,8,1771286399,1771284695,1704,7,0x7d4e742018fb52e48b08be73d041c18b21de6fb5,24472684,0xf2bc636ac05cf8aeb758dc86be32dab6dd7872b2ff7c643e12cfcc6d400e51cb,53,close
2026-02-17,1990.04000000,199004000000,8,1771372799,1771369787,3012,7,0x7d4e742018fb52e48b08be73d041c18b21de6fb5,24479744,0xb4f4c7226ce398b50dc7e2cfe70f2fb79ca7e12e26bf341a030a7734a20ee505,532,close
2026-02-18,1946.04456734,194604456734,8,1771459199,1771455719,3480,7,0x7d4e742018fb52e48b08be73d041c18b21de6fb5,24486878,0xe89396d63e09af7dfbf691815ffdfc1588a4e828f2ee34349d8b666de8225dd1,53,close
2026-02-19,1947.14000000,194714000000,8,1771545599,1771543103,2496,7,0x7d4e742018fb52e48b08be73d041c18b21de6fb5,24494127,0xe1e487f5ab95d6e6e7fe39cd9a21831f2d03a47434906a156cad3b79f767bd95,224,close
2026-02-20,1969.65455431,196965455431,8,1771631999,1771629215,2784,7,0x7d4e742018fb52e48b08be73d041c18b21de6fb5,24501280,0x843cafc1db65cc1bd2095acd43433be51e68bb12fb9c37f78caf9b052b898546,575,close
2026-02-21,1973.20370000,197320370000,8,1771718399,1771714847,3552,7,0x7d4e742018fb52e48b08be73d041c18b21de6fb5,24508387,0xc588037b6beca40e4a7bf2bbbcb2097e381a00ed892b59adbc84a6b355859b6b,124,close
2026-02-22,1950.76590000,195076590000,8,1771804799,1771802567,2232,7,0x7d4e742018fb52e48b08be73d041c18b21de6fb5,24515674,0x58beefc6d19f9999ef4d4a4abecfc7221137a328ed472dbfc28de54f9475735d,16,close
2026-02-23,1853.02864400,185302864400,8,1771891199,1771890239,960,7,0x7d4e742018fb52e48b08be73d041c18b21de6fb5,24522949,0xe54233735774d0b3b9726d1d2aa1dda6b90e5bcdf7bf0ee4276fb8eba066f9e4,101,close
2026-02-24,1857.26221900,185726221900,8,1771977599,1771974275,3324,7,0x7d4e742018fb52e48b08be73d041c18b21de6fb5,24529928,0x1edf24e0ef09e64a0fe0220a22c4eccc9e98edeb9872066181167894e7dac756,215,close
2026-02-25,2052.21030000,205221030000,8,1772063999,1772063579,420,7,0x7d4e742018fb52e48b08be73d041c18b21de6fb5,24537330,0x8d88a904577218cb56e833f33b042bbedf098f71fc018d69a2d4db464178be98,758,close
2026-02-26,2030.43581813,203043581813,8,1772150399,1772148779,1620,7,0x7d4e742018fb52e48b08be73d041c18b21de6fb5,24544403,0x28279140ca6922719e7ab8feb4c0eb8705c02d69ec1b13bb7af1e8eab60edb85,178,close
2026-02-27,1930.47762200,193047762200,8,1772236799,1772234459,2340,7,0x7d4e742018fb52e48b08be73d041c18b21de6fb5,24551516,0xbd05dddd87fee2123162063c1183bb9378b69f4e1524a9c2801113ac49fba481,858,close
2026-02-28,1961.88085700,196188085700,8,1772323199,1772320487,2712,7,0x7d4e742018fb52e48b08be73d041c18b21de6fb5,24558642,0x39210c9a424012c583adb414cfabd7146f0908f1f95608843959e7dbb3476c01,101,close
2026-03-01,1945.20711300,194520711300,8,1772409599,1772408375,1224,7,0x7d4e742018fb52e48b08be73d041c18b21de6fb5,24565941,0x24803a910ce9255a4fd63a7f2a62055b7e8ba681ddb488ce714884070ff4648c,333,close
2026-03-02,2033.82464292,203382464292,8,1772495999,1772494307,1692,7,0x7d4e742018fb52e48b08be73d041c18b21de6fb5,24573063,0x33ae5610ffbed9abcb23b6dffae9c06831f5a78111c130dbed15f5f8c0c3769c,263,close
2026-03-03,1984.69317540,198469317540,8,1772582399,1772580935,1464,7,0x7d4e742018fb52e48b08be73d041c18b21de6fb5,24580251,0x3d638e8f72ff4fc79e97fd97d5435fee82f73b94ad9d08b37e370b59fda48299,137,close
2026-03-04,2128.80799125,212880799125,8,1772668799,1772667479,1320,7,0x7d4e742018fb52e48b08be73d041c18b21de6fb5,24587428,0x0e35254b1f7481a6aaba3633e8bc72101332d1782446f1d2ecec012b036e597f,409,close
2026-03-05,2077.77863769,207777863769,8,1772755199,1772753999,1200,7,0x7d4e742018fb52e48b08be73d041c18b21de6fb5,24594609,0x5decf38cdba76724f127f06f383001694d5f93fd3cbe3d3d70d95791ccad7eda,175,close
2026-03-06,1977.72000000,197772000000,8,1772841599,1772841419,180,7,0x7d4e742018fb52e48b08be73d041c18b21de6fb5,24601841,0x4e0062a39598516cd51751f5bb0586d2d95729099287b3fc75cf796a2d977ab0,633,close
2026-03-07,1972.46413730,197246413730,8,1772927999,1772926259,1740,7,0x7d4e742018fb52e48b08be73d041c18b21de6fb5,24608871,0x670445f69fae359ec2416d64c3996ab7df23ca01b13f8459424d043f20a20804,306,close
2026-03-08,1942.06000000,194206000000,8,1773014399,1773013199,1200,7,0x7d4e742018fb52e48b08be73d041c18b21de6fb5,24616089,0xe57714600c26b7524d962554c44687b97559f62816b6f854522b72e2fc4d070c,910,close
2026-03-09,1994.49765981,199449765981,8,1773100799,1773099947,852,7,0x7d4e742018fb52e48b08be73d041c18b21de6fb5,24623282,0x96577dcbfeafc1a840607f2abdc771d59e08441417be5a48c77dffee502832e5,1020,close
2026-03-10,2034.61000000,203461000000,8,1773187199,1773186443,756,7,0x7d4e742018fb52e48b08be73d041c18b21de6fb5,24630442,0x5f561bcdca451b29820ed71443110542aef06b96a4a0e7f8b0b2d6cfebbc7765,169,close
2026-03-11,2047.71728883,204771728883,8,1773273599,1773272927,672,7,0x7d4e742018fb52e48b08be73d041c18b21de6fb5,24637604,0x9f8162e0cb008634a1d71b134dc4b3b9e11cd6d10ca48ecbc8990aa64aa068ce,1686,close
2026-03-12,2074.29445070,207429445070,8,1773359999,1773359783,216,7,0x7d4e742018fb52e48b08be73d041c18b21de6fb5,24644802,0xb939d52491f2df17dac13a6e3899ea5fdc6842f4274777c6f817bcc6f0239c3c,360,close
2026-03-13,2087.99960000,208799960000,8,1773446399,1773443063,3336,7,0x7d4e742018fb52e48b08be73d041c18b21de6fb5,24651714,0x3dff0d61ce8f803080cfcf7b06eddc5619fce6a95060caa2d8eb6155a5e6a937,71,close
2026-03-14,2095.59500352,209559500352,8,1773532799,1773529607,3192,7,0x7d4e742018fb52e48b08be73d041c18b21de6fb5,24658899,0x99ccb6d11ccce3877f34c6c838782b68131d8f957031aeebaf44bfaf0417a18e,205,close
2026-03-15,2180.71902000,218071902000,8,1773619199,1773618167,1032,7,0x7d4e742018fb52e48b08be73d041c18b21de6fb5,24666252,0x7771f776ebb17ce2ffc1f54c77c44a6fb1ffcd55a5e6ed37b180b12df7ed9e5b,12,close
2026-03-16,2355.93798885,235593798885,8,1773705599,1773704051,1548,7,0x7d4e742018fb52e48b08be73d041c18b21de6fb5,24673369,0xbf30469d0f6019131069b46a094eff033da4ec71be85f26a309581d3fb21cfde,470,close
2026-03-17,2319.51804414,231951804414,8,1773791999,1773791579,420,7,0x7d4e742018fb52e48b08be73d041c18b21de6fb5,24680611,0x058e8f5f3bd78af0b72814c69a115a0de05b958aa86ccd1bd7aefacd3b8cae66,412,close
2026-03-18,2205.81000000,220581000000,8,1773878399,1773877811,588,7,0x7d4e742018fb52e48b08be73d041c18b21de6fb5,24687758,0x71c10db1f9791fb132010f8e096db337a7ddb550ad5cf294fef40574e8a14252,661,close
2026-03-19,2134.94603686,213494603686,8,1773964799,1773963455,1344,7,0x7d4e742018fb52e48b08be73d041c18b21de6fb5,24694871,0xa60a1913fdb4aec3e7de5a3e916f4fb9d289b7b581e5289979511680246b60c2,229,close
2026-03-20,2144.59249000,214459249000,8,1774051199,1774048559,2640,7,0x7d4e742018fb52e48b08be73d041c18b21de6fb5,24701937,0x72a99ec8bcc61f7402280e18b582e7125f0804522d0e2774cd30ab087ada2e51,222,close
2026-03-21,2080.14000000,208014000000,8,1774137599,1774137443,156,7,0x7d4e742018fb52e48b08be73d041c18b21de6fb5,24709313,0x40f19c33404055cb0f19b58e945f36fe93c015fdd4b6711797b742cb03ceef9b,1028,close
2026-03-22,2057.92052012,205792052012,8,1774223999,1774222463,1536,7,0x7d4e742018fb52e48b08be73d041c18b21de6fb5,24716366,0xc1de38219aeb08bc354aeada7e63c1b0633b100b0cdefc07585e1448035c0108,533,close
2026-03-23,2147.59077226,214759077226,8,1774310399,1774308755,1644,7,0x7d4e742018fb52e48b08be73d041c18b21de6fb5,24723522,0x793c4e257a854e7299c19786462ebf1723c96c6c810fee40f5a6cb0a8ebe28d7,474,close
2026-03-24,2152.88680746,215288680746,8,1774396799,1774394567,2232,7,0x7d4e742018fb52e48b08be73d041c18b21de6fb5,24730654,0x5677f7a15e8328d3d9c357c887a5dab1ce4c58cbe130862988e490dfe53c4c71,80,close
2026-03-25,2169.47330676,216947330676,8,1774483199,1774481651,1548,7,0x7d4e742018fb52e48b08be73d041c18b21de6fb5,24737880,0x0b91449dd44291bc554edd86112c17478f41b04e4349e31b1419e4150add1217,198,close
2026-03-26,2055.89667000,205589667000,8,1774569599,1774568411,1188,7,0x7d4e742018fb52e48b08be73d041c18b21de6fb5,24745076,0x88c1f381b5cddb3eb43d6420ef392a625be94ae41c9fa9d42a28f19bb55343d9,760,close
2026-03-27,1986.99035976,198699035976,8,1774655999,1774654247,1752,7,0x7d4e742018fb52e48b08be73d041c18b21de6fb5,24752192,0xdc649ef8a4dab91312931bbc4821c2aea84f758c5450aaee24695aeb7f6c83eb,231,close
2026-03-28,1994.85869000,199485869000,8,1774742399,1774739531,2868,7,0x7d4e742018fb52e48b08be73d041c18b21de6fb5,24759280,0xa686bae9782b66ac81befd79beb5be5b67e9849f8ecc555e2f0e6186e0d07898,367,close
2026-03-29,1975.67940000,197567940000,8,1774828799,1774828271,528,7,0x7d4e742018fb52e48b08be73d041c18b21de6fb5,24766647,0xabefba851a0584ab147418774d2a051dba17ce64987026342d535029f15c7ec1,548,close
2026-03-30,2018.54000000,201854000000,8,1774915199,1774911815,3384,7,0x7d4e742018fb52e48b08be73d041c18b21de6fb5,24773578,0x955d870755801dc688defa7e4663a19031d0616c8a9b45d696d06612cf656dfe,463,close
2026-03-31,2105.59270197,210559270197,8,1775001599,1775001263,336,7,0x7d4e742018fb52e48b08be73d041c18b21de6fb5,24780998,0xc3c80af09537d0780578af1c0be10cde991d585ca0b7a67625240b49cbf9555a,199,close
2026-04-01,2140.04896025,214004896025,8,1775087999,1775087495,504,7,0x7d4e742018fb52e48b08be73d041c18b21de6fb5,24788150,0xf271bbb8ada7815af283639d2d15f9791c5e00f8383e5e08bce92838d239ee29,391,close
2026-04-02,2058.32427706,205832427706,8,1775174399,1775171591,2808,7,0x7d4e742018fb52e48b08be73d041c18b21de6fb5,24795139,0x9ea03907dfc5f8aabe918cee826bc93c9a546f36f865f982471b7af662a4e688,191,close
2026-04-03,2050.47000000,205047000000,8,1775260799,1775258507,2292,7,0x7d4e742018fb52e48b08be73d041c18b21de6fb5,24802360,0x9e4655647d0bd7bcc8566338d86bd7c44282d784f0465842a4da861ea1b78677,261,close
2026-04-04,2066.94409820,206694409820,8,1775347199,1775343935,3264,7,0x7d4e742018fb52e48b08be73d041c18b21de6fb5,24809459,0x47eebc2e417080eef823bf541d48cafcf3f4d515218aee7a3a3a329510ac5ffb,98,close
2026-04-05,2114.88964201,211488964201,8,1775433599,1775431055,2544,7,0x7d4e742018fb52e48b08be73d041c18b21de6fb5,24816695,0x8c60b48628cfd7203b6402891e7814121fcd844238d2a44d11a2f8074ad0f0a9,481,close
2026-04-06,2101.78335641,210178335641,8,1775519999,1775518835,1164,7,0x7d4e742018fb52e48b08be73d041c18b21de6fb5,24823980,0x17a05218500c33ee70d38a1f7fb282dd19a4c280e892b4f424cb7b2149b2ad19,619,close
2026-04-07,2245.10424409,224510424409,8,1775606399,1775606123,276,7,0x7d4e742018fb52e48b08be73d041c18b21de6fb5,24831232,0x337c64eb95b9caa5bd157ba803930d176922163e4ca19f09870ec10885626e2b,131,close
2026-04-08,2185.24439203,218524439203,8,1775692799,1775689271,3528,7,0x7d4e742018fb52e48b08be73d041c18b21de6fb5,24838141,0x4976f05c4d5aa74b2422f355b716cb511da1824ded71ed1e7318d1f49f21ca9a,1960,close
2026-04-09,2185.71000000,218571000000,8,1775779199,1775776619,2580,7,0x7d4e742018fb52e48b08be73d041c18b21de6fb5,24845392,0xa854218aebc4400aaae53c9fdb1d8d6aec98aed3263973513be06d3c8a519f4f,250,close
2026-04-10,2244.05398729,224405398729,8,1775865599,1775863619,1980,7,0x7d4e742018fb52e48b08be73d041c18b21de6fb5,24852604,0x10016f9c0e37c07d53ed4d1e596eb4064f9aa430654db84a0756f8f929821a06,256,close
2026-04-11,2286.69380000,228669380000,8,1775951999,1775948723,3276,7,0x7d4e742018fb52e48b08be73d041c18b21de6fb5,24859669,0x50c06ad4fd9db71ce242ef556cbcd3b7f895c70d500ac8725eface6fe881a7b9,519,close
2026-04-12,2188.40510000,218840510000,8,1776038399,1776035855,2544,7,0x7d4e742018fb52e48b08be73d041c18b21de6fb5,24866908,0x612638f9891e1e4e191a530172e150376bd4208f5fe01f724ceeef6eb6544a47,283,close
2026-04-13,2370.98351457,237098351457,8,1776124799,1776124715,84,7,0x7d4e742018fb52e48b08be73d041c18b21de6fb5,24874293,0x780a09493f44bcfa94bab642ae1c6430ff402249e3b4261ddb4226663a3e307a,460,close
2026-04-14,2319.20130000,231920130000,8,1776211199,1776207851,3348,7,0x7d4e742018fb52e48b08be73d041c18b21de6fb5,24881203,0x4700e9cbab478f36f70180c555ee7ecea973c3f6d3d63b978e25c2dd4be59522,455,close
2026-04-15,2350.95990000,235095990000,8,1776297599,1776294959,2640,7,0x7d4e742018fb52e48b08be73d041c18b21de6fb5,24888441,0xe182c5d0c2225094ec2fa8f70f9d78d410dcbc168a868aca6113b5c11669ba15,495,close
2026-04-16,2347.19000000,234719000000,8,1776383999,1776381803,2196,7,0x7d4e742018fb52e48b08be73d041c18b21de6fb5,24895658,0x3d2e52764c9e74409e1cc2a24cab13af02f3c727e9d653e00c08922b5f7b9ad0,43,close
2026-04-17,2418.12151515,241812151515,8,1776470399,1776468023,2376,7,0x7d4e742018fb52e48b08be73d041c18b21de6fb5,24902826,0x771a4bcfcd2f522ac0a1d7a1e7493d30dda5a19a16ca0aa367e5a6c2006a83db,750,close
2026-04-18,2354.19175669,235419175669,8,1776556799,1776555827,972,7,0x7d4e742018fb52e48b08be73d041c18b21de6fb5,24910120,0x7f96012af70a84d86ea0d04c7d11e782c79e013de94b7dcb061a54d7abc8c7cd,867,close
2026-04-19,2261.81350482,226181350482,8,1776643199,1776640091,3108,7,0x7d4e742018fb52e48b08be73d041c18b21de6fb5,24917118,0xf50d3713316d659e1c12a5dbbc604105a4d3dbb2101fd3434646fb9524e32aa6,281,close
2026-04-20,2312.09771000,231209771000,8,1776729599,1776726335,3264,7,0x7d4e742018fb52e48b08be73d041c18b21de6fb5,24924289,0xb48245f77e9bed835545ae151b4c1e87736887d1f9a72bfa461cd46be3d44051,91,close
2026-04-21,2319.72647538,231972647538,8,1776815999,1776813059,2940,7,0x7d4e742018fb52e48b08be73d041c18b21de6fb5,24931499,0xe5ebd99576e40cf00c592790091c5819c76a62f64de4647979767c071b6eb720,225,close
2026-04-22,2379.14380000,237914380000,8,1776902399,1776900719,1680,7,0x7d4e742018fb52e48b08be73d041c18b21de6fb5,24938771,0x4a1dc19a8c769d48131afe13276d00218760acfad4d1acf72d1d5a53bc07aec0,451,close
2026-04-23,2325.37286000,232537286000,8,1776988799,1776986243,2556,7,0x7d4e742018fb52e48b08be73d041c18b21de6fb5,24945881,0x75b84606ae4e7e67079b559899b09c47b11fdf1dcbbfe5cf1967d246a961d15c,645,close
2026-04-24,2314.86000000,231486000000,8,1777075199,1777072691,2508,7,0x7d4e742018fb52e48b08be73d041c18b21de6fb5,24953067,0xd96cb3ab09d10608ae346ee49a17b26ecbab84142c2cddac1b1bfa0260ada543,37,close
2026-04-25,2318.90965000,231890965000,8,1777161599,1777158455,3144,7,0x7d4e742018fb52e48b08be73d041c18b21de6fb5,24960201,0xe044392ebccc0331f94f1c4c37ddaf23869fe166a19367d03bd91de6d913663a,624,close
2026-04-26,2366.98652565,236698652565,8,1777247999,1777245863,2136,7,0x7d4e742018fb52e48b08be73d041c18b21de6fb5,24967468,0xf13f75957bbd073ce453d09ae6f8897ce16f42f811ea6d531e0685097b749432,307,close
2026-04-27,2306.41182640,230641182640,8,1777334399,1777334075,324,7,0x7d4e742018fb52e48b08be73d041c18b21de6fb5,24974802,0x859a613ea7d7563a2098fb5af02454e8689b4f0cb656bf296e2a0a64d99ec0fb,893,close
2026-04-28,2285.97000000,228597000000,8,1777420799,1777417487,3312,7,0x7d4e742018fb52e48b08be73d041c18b21de6fb5,24981735,0x742dd9af2b36e9098a7e314b6dd7bfd57191241d4d2dcdcba1e4078e79684d5d,547,close
2026-04-29,2254.16479594,225416479594,8,1777507199,1777505915,1284,7,0x7d4e742018fb52e48b08be73d041c18b21de6fb5,24989084,0x0da96c93897eb1438ca647b8eae066eec35a6a86cd081460eb7156680d0e381b,176,close
2026-04-30,2256.72540000,225672540000,8,1777593599,1777593335,264,7,0x7d4e742018fb52e48b08be73d041c18b21de6fb5,24996345,0x3ff4a09ab92072d1da1e4d5af167af25fd8fcb8097eb8b93f9acb08724228f7e,248,close
2026-05-01,2289.70570000,228970570000,8,1777679999,1777678187,1812,7,0x7d4e742018fb52e48b08be73d041c18b21de6fb5,25003395,0xa940af745815e56dbeea04b73794a84a50f2905face89218ab5cbbe4c60e8de1,435,close
2026-05-02,2318.05690000,231805690000,8,1777766399,1777765487,912,7,0x7d4e742018fb52e48b08be73d041c18b21de6fb5,25010659,0x73886fd6aab4abd3df4ae7a3e7a06bbc29614c9b94bbbf82819b02a641342737,79,close
2026-05-03,2321.37000000,232137000000,8,1777852799,1777851959,840,7,0x7d4e742018fb52e48b08be73d041c18b21de6fb5,25017843,0xbb6f6c1d864728ff1aa112ef2977740697c4e07066bbac3063174d40a176a999,580,close
2026-05-04,2348.44497477,234844497477,8,1777939199,1777936775,2424,7,0x7d4e742018fb52e48b08be73d041c18b21de6fb5,25024875,0x605d195be227b62932095737ad0519d777ce716ba3872e6bee793df313b2ad06,16,close
2026-05-05,2355.34063836,235534063836,8,1778025599,1778024375,1224,7,0x7d4e742018fb52e48b08be73d041c18b21de6fb5,25032153,0x3bccaccb18a748b6ce41b6290a12efbff1235894d2f06c1a802ea4d9a55de531,79,close
2026-05-06,2346.20000000,234620000000,8,1778111999,1778108471,3528,7,0x7d4e742018fb52e48b08be73d041c18b21de6fb5,25039140,0x7340cb4b330b7d509498d02eb53eb60c0b4d7b1e57951baae69a5a33e23d53d5,350,close
2026-05-07,2291.03259754,229103259754,8,1778198399,1778198339,60,7,0x7d4e742018fb52e48b08be73d041c18b21de6fb5,25046600,0xa3be1bc5df77a10125dd1c4c4b9654642d20d0eaf27ccc459933219d08e9a6cc,404,close
2026-05-08,2308.45645216,230845645216,8,1778284799,1778282375,2424,7,0x7d4e742018fb52e48b08be73d041c18b21de6fb5,25053592,0xba5f50e585a1669f55c1f8874f376449df103b15a46233cc4d4dea9b9778c744,105,close
2026-05-09,2329.11450000,232911450000,8,1778371199,1778368031,3168,7,0x7d4e742018fb52e48b08be73d041c18b21de6fb5,25060700,0x371015330c03afa2b1f76acf727eb4c1590b589346de84c3f76fc7b4d3a123c6,86,close
2026-05-10,2369.80389000,236980389000,8,1778457599,1778457467,132,7,0x7d4e742018fb52e48b08be73d041c18b21de6fb5,25068127,0x87e93cbb62ffce6aa6dd0b2cf1d4951addd0aec07032c29f8e72e15d00a44518,330,close
2026-05-11,2340.86275000,234086275000,8,1778543999,1778543207,792,7,0x7d4e742018fb52e48b08be73d041c18b21de6fb5,25075240,0x64c07a6bec6df076d693e722c0bd89ac296b88859092aaecbdf29b80032b58ca,664,close
2026-05-12,2280.49010000,228049010000,8,1778630399,1778627939,2460,7,0x7d4e742018fb52e48b08be73d041c18b21de6fb5,25082280,0xa5f7a5f4730139ee1e4a7500c1a14f1c4d39567f5ed82b3f58cb0dd00606b6c6,296,close
2026-05-13,2258.32518075,225832518075,8,1778716799,1778713703,3096,7,0x7d4e742018fb52e48b08be73d041c18b21de6fb5,25089389,0x0841ddefb49bebbb817b76b46c4334f98ed8919111b2851bcc08dc120d7db9aa,266,close
2026-05-14,2283.38606492,228338606492,8,1778803199,1778802671,528,7,0x7d4e742018fb52e48b08be73d041c18b21de6fb5,25096775,0x5fb4a64aa0d9b478b2dcaf1d09be0918cce726a4ebfe72fe4edc00c37303263c,133,close
2026-05-15,2223.53884000,222353884000,8,1778889599,1778889311,288,7,0x7d4e742018fb52e48b08be73d041c18b21de6fb5,25103975,0x380748f762022b519302daac5d33797017f45f57588d8761b6526fba1e67c815,181,close
2026-05-16,2180.34170000,218034170000,8,1778975999,1778973911,2088,7,0x7d4e742018fb52e48b08be73d041c18b21de6fb5,25111008,0x64e66137148d95fe75cbd622448e7d6e44e4f6f4f3a054c4067c9ad650846c7c,227,close
2026-05-17,2126.37000000,212637000000,8,1779062399,1779062003,396,7,0x7d4e742018fb52e48b08be73d041c18b21de6fb5,25118325,0xfec516b916d327b1cd7ecdf04ed26dfb2a454e614d3675ccd951ab8b06b83b3b,99,close
2026-05-18,2129.57000000,212957000000,8,1779148799,1779147299,1500,7,0x7d4e742018fb52e48b08be73d041c18b21de6fb5,25125411,0x6a2846c0ba1d9904977ffdff8a2085d641d96a91d869bd5c5889999f2c8c3a00,160,close
2026-05-19,2109.32697620,210932697620,8,1779235199,1779232559,2640,7,0x7d4e742018fb52e48b08be73d041c18b21de6fb5,25132498,0xa0d679f52c7bef5609ac4a7a74c8490fb4be5d5baf43cb27d98165a3128b4a69,221,close
2026-05-20,2123.84000000,212384000000,8,1779321599,1779318575,3024,7,0x7d4e742018fb52e48b08be73d041c18b21de6fb5,25139643,0xd7008ca78d7a5e967a293d817323f288f6e8cb536ec6b274d59b692cae08fa35,306,close
2026-05-21,2134.02661000,213402661000,8,1779407999,1779407627,372,7,0x7d4e742018fb52e48b08be73d041c18b21de6fb5,25147040,0xce3ed9625b717c501a342ce84a14fac1f46880f91a1867cf67cbb8a7d5cc2aa9,1673,close
2026-05-22,2058.94000000,205894000000,8,1779494399,1779493715,684,7,0x7d4e742018fb52e48b08be73d041c18b21de6fb5,25154186,0xb4b270716684625a2e1d7afc7886fcbfeb58465eac526cd5bb6f4191508aea68,1448,close
2026-05-23,2116.27324826,211627324826,8,1779580799,1779579131,1668,7,0x7d4e742018fb52e48b08be73d041c18b21de6fb5,25161280,0x2fa5d19df864fe31f1b4e99eafb290d5316ca8029d14d22659c8577668508b11,141,close
2026-05-24,2103.22529140,210322529140,8,1779667199,1779666311,888,7,0x7d4e742018fb52e48b08be73d041c18b21de6fb5,25168522,0x3c2e422ac463984a95e2fedcfb1f8db091a99c65410d80104fc37362c951a3a1,284,close
2026-05-25,2109.27451016,210927451016,8,1779753599,1779752519,1080,7,0x7d4e742018fb52e48b08be73d041c18b21de6fb5,25175672,0xa31e01df3c585d39dba0e015aa251c23f909a5818e239179027b435776f88180,371,close
2026-05-26,2070.73000000,207073000000,8,1779839999,1779837371,2628,7,0x7d4e742018fb52e48b08be73d041c18b21de6fb5,25182723,0xb15038f8b2f995a07732a24d720bb27405b20b06da29865ea5d297e5f8476a09,184,close
2026-05-27,2023.76031578,202376031578,8,1779926399,1779923075,3324,7,0x7d4e742018fb52e48b08be73d041c18b21de6fb5,25189839,0xe4b5be568b6c2b1161c8d3502743a1a83cadcf35ac33ec2c2f29eec7b3bd4b95,154,close
2026-05-28,2003.81000000,200381000000,8,1780012799,1780010567,2232,7,0x7d4e742018fb52e48b08be73d041c18b21de6fb5,25197106,0xe2ecf1bfbfe97d07b4d31a3f54d98448dceb50329d4242e5489bd12af1076cf2,228,close
2026-05-29,2006.98470000,200698470000,8,1780099199,1780097459,1740,7,0x7d4e742018fb52e48b08be73d041c18b21de6fb5,25204320,0x5260b4f3ef54bdc886d7e980747e6d830bab45d5829fa68ae99a2e4bdd2250dc,941,close
2026-05-30,2023.16296786,202316296786,8,1780185599,1780182407,3192,7,0x7d4e742018fb52e48b08be73d041c18b21de6fb5,25211363,0x5e3f6dceb3f6180a3b46266ff33cddb95fc43d631a9631d16bf64b80d75a398c,1355,close
2026-05-31,1998.27000000,199827000000,8,1780271999,1780270787,1212,7,0x7d4e742018fb52e48b08be73d041c18b21de6fb5,25218696,0x9d07ada8bb026efb87e2a4c7456fbe8d958eeb08049adaeb878c6260d5d63548,236,close
2026-06-01,2004.08000000,200408000000,8,1780358399,1780358363,36,7,0x7d4e742018fb52e48b08be73d041c18b21de6fb5,25225967,0xfe7da430cd1d5f4a288f90136123646b713fdd374a95ffef0c9ec0dd59b1fd52,109,close
2026-06-02,1852.96059085,185296059085,8,1780444799,1780443899,900,7,0x7d4e742018fb52e48b08be73d041c18b21de6fb5,25233061,0xe54450a598efc401dd95bc11fd1d9b206aa967244d9c66f248689445a7b7045c,357,close
2026-06-03,1816.88277174,181688277174,8,1780531199,1780528091,3108,7,0x7d4e742018fb52e48b08be73d041c18b21de6fb5,25240044,0x922188b2afb742d92087d0392d4833abc89f9c0b0d760e445c28f4f81aa7eda8,911,close
2026-06-04,1763.01426342,176301426342,8,1780617599,1780615091,2508,7,0x7d4e742018fb52e48b08be73d041c18b21de6fb5,25247253,0x615eab6af9171a273ddcc5e8ca136e55a873d829895df609bf8bea489549a2ff,593,close
2026-06-05,1580.39914000,158039914000,8,1780703999,1780703543,456,7,0x7d4e742018fb52e48b08be73d041c18b21de6fb5,25254581,0x3e9c1d4bd76ddfdd18d53b837ee96d35290955ca4e2334a11bfa1de7e8f56391,329,close
2026-06-06,1562.43480000,156243480000,8,1780790399,1780787039,3360,7,0x7d4e742018fb52e48b08be73d041c18b21de6fb5,25261520,0xfe4a308d97d229aa18e9dac517d6cde5c177955a57ef7ffd9f3a47ebb1ab9e26,6,close
2026-06-07,1684.25925845,168425925845,8,1780876799,1780875059,1740,7,0x7d4e742018fb52e48b08be73d041c18b21de6fb5,25268818,0x72ee21b10905436a98c8db3564e25a33313f118e8f8f3f6c9b210625ae0b8ebc,253,close
2026-06-08,1688.33805792,168833805792,8,1780963199,1780962947,252,7,0x7d4e742018fb52e48b08be73d041c18b21de6fb5,25276120,0x35200c3ef2c590bcf7c43e62d705a03229eaa24371c0827b1f9522369ffa4d0c,762,close
2026-06-09,1639.62150295,163962150295,8,1781049599,1781049227,372,7,0x7d4e742018fb52e48b08be73d041c18b21de6fb5,25283287,0x26c8c80ae038e26d8fab64938df6cd62f17aa74a3ddaad87ef2657faa8d1de52,198,close
2026-06-10,1620.05970908,162005970908,8,1781135999,1781134187,1812,7,0x7d4e742018fb52e48b08be73d041c18b21de6fb5,25290341,0xea021af43df613e695dbdeac1da39627e5ca6ea0ece9910c64e305999e03bd64,1138,close
2026-06-11,1669.90445413,166990445413,8,1781222399,1781219027,3372,7,0x7d4e742018fb52e48b08be73d041c18b21de6fb5,25297378,0x45ba2121ace4014f28db1ebb7c7637ba5cf61e1ed8c4f9c945d9c59cbd07f43b,205,close
2026-06-12,1661.84551000,166184551000,8,1781308799,1781306255,2544,7,0x7d4e742018fb52e48b08be73d041c18b21de6fb5,25304618,0xe1561a1beebc9ed6192199912e1f3ea0b2acebc796ab2d9a6806aee4f09e8a91,153,close
2026-06-13,1679.58631393,167958631393,8,1781395199,1781394215,984,7,0x7d4e742018fb52e48b08be73d041c18b21de6fb5,25311920,0x0324c4f6ea402539619dcea6feb991a6f1099f0baf42d3e55bd226d09c4d5faa,294,close
2026-06-14,1720.56399845,172056399845,8,1781481599,1781479259,2340,7,0x7d4e742018fb52e48b08be73d041c18b21de6fb5,25318977,0xd61524c326d07e59c65272099466678f6091a41ec7eb2a638579d9edf5dd3f7f,124,close
2026-06-15,1789.15000000,178915000000,8,1781567999,1781566103,1896,7,0x7d4e742018fb52e48b08be73d041c18b21de6fb5,25326193,0x0b9c1b1b72cd6c2c76efdfe8b4eb0488959cdcb6c6541df97dfd17df3bb87348,57,close
2026-06-16,1791.16954628,179116954628,8,1781654399,1781652287,2112,7,0x7d4e742018fb52e48b08be73d041c18b21de6fb5,25333361,0x03e0d892e19652c9b62c4dd3314fcfaa8fb30609de0ab3c0c3cff913e2d52b14,564,close
2026-06-17,1747.10000000,174710000000,8,1781740799,1781740091,708,7,0x7d4e742018fb52e48b08be73d041c18b21de6fb5,25340659,0x0491ce9bb3b030d75d9d704a817ab4fc94fdca1a4f3b9824dd42432ee044f344,280,close
2026-06-18,1705.86088756,170586088756,8,1781827199,1781823755,3444,7,0x7d4e742018fb52e48b08be73d041c18b21de6fb5,25347606,0xfe06f359dd2af7bfc7a922c4def2de5b726004d6e65f4d3fb692e567ce64c2d1,796,close
2026-06-19,1705.47539458,170547539458,8,1781913599,1781913143,456,7,0x7d4e742018fb52e48b08be73d041c18b21de6fb5,25355033,0x63b85bd42f1781b92ff50c0fa9a7d2d050ed3284f2bdd426ede382ab3e6617d0,1477,close
2026-06-20,1738.86510790,173886510790,8,1781999999,1781998139,1860,7,0x7d4e742018fb52e48b08be73d041c18b21de6fb5,25362087,0x0a9cecd593dbef67163ec9f670e9d3a5e6536b204dc4a2159d818479fbf6b795,316,close
2026-06-21,1703.28057161,170328057161,8,1782086399,1782085487,912,7,0x7d4e742018fb52e48b08be73d041c18b21de6fb5,25369337,0x661056432fb0fc514df93ea9e06dbe9f0281472c62f8ed7f639f230c1f21a684,247,close
2026-06-22,1724.53007428,172453007428,8,1782172799,1782170915,1884,7,0x7d4e742018fb52e48b08be73d041c18b21de6fb5,25376431,0x7ce83032a83b2a62b4570d1086559521c2e87b627d0f591ffd5baa7ef5158597,341,close
2026-06-23,1660.56005000,166056005000,8,1782259199,1782255719,3480,7,0x7d4e742018fb52e48b08be73d041c18b21de6fb5,25383467,0xcb6b1c7e9df20ceb31bb59c6879af54980d361c6d25d08430920c1b2708cf1ab,412,close
2026-06-24,1614.68656321,161468656321,8,1782345599,1782342959,2640,7,0x7d4e742018fb52e48b08be73d041c18b21de6fb5,25390691,0xf283eddc0e76e4033e4141a4ae46609414d523613f3db785ac21ad428ca29e71,1478,close
2026-06-25,1564.18000000,156418000000,8,1782431999,1782431495,504,7,0x7d4e742018fb52e48b08be73d041c18b21de6fb5,25398040,0x89b2651bee21ec269390ea0272bb4207cb59c0186f43dd149e3af7839e053f78,683,close
2026-06-26,1575.49000000,157549000000,8,1782518399,1782517259,1140,7,0x7d4e742018fb52e48b08be73d041c18b21de6fb5,25405156,0x7d12e3973d8e5046c784722f06621af72d3cfb2f1cfed281984c17c685e8c339,125,close
2026-06-27,1576.92601000,157692601000,8,1782604799,1782601283,3516,7,0x7d4e742018fb52e48b08be73d041c18b21de6fb5,25412131,0xa9509af97e87e499eadf5a01d84b477b5aba57dd2e00fbc78263c5bdeeebc8bd,57,close
2026-06-28,1574.59807000,157459807000,8,1782691199,1782689831,1368,7,0x7d4e742018fb52e48b08be73d041c18b21de6fb5,25419484,0x7cfadfabb7ded55365cddf73505aff2a50353c2eb33c8c263a8478fc68015c03,180,close
2026-06-29,1611.17900000,161117900000,8,1782777599,1782774179,3420,7,0x7d4e742018fb52e48b08be73d041c18b21de6fb5,25426482,0x72170405d1138536e2cca8753466602a14fa98dfa79746194d0abfdfe1d4b606,204,close
2026-06-30,1567.03301964,156703301964,8,1782863999,1782861695,2304,7,0x7d4e742018fb52e48b08be73d041c18b21de6fb5,25433746,0x54f7ac1c6d93cde85fd1f6acd6c1fdfca7d8f63e5a9b3ba73e3c73cb0a61e032,650,close
2026-07-01,1610.61861000,161061861000,8,1782950399,1782948959,1440,7,0x7d4e742018fb52e48b08be73d041c18b21de6fb5,25440985,0xf811a541f243ca69b25385139207840ac36f75c18cf4bd7576c97ea337ccc028,207,close
2026-07-02,1698.02259584,169802259584,8,1783036799,1783036367,432,7,0x7d4e742018fb52e48b08be73d041c18b21de6fb5,25448234,0x520f41be2bd1b1cd0723af885e427e5c174d4bba908ec54196494bb1f16693fd,60,close
2026-07-03,1757.89676902,175789676902,8,1783123199,1783121591,1608,7,0x7d4e742018fb52e48b08be73d041c18b21de6fb5,25455299,0xc0173ab1a2069d739db181b35186b166b498f9cb43728069781e3bbbbf02a869,466,close
2026-07-04,1773.95380609,177395380609,8,1783209599,1783206947,2652,7,0x7d4e742018fb52e48b08be73d041c18b21de6fb5,25462378,0xa437427577858305d8b0f18706088ebd37ddc250a0f7a17e6191aa810b4af4f0,1028,close
2026-07-05,1781.43000000,178143000000,8,1783295999,1783295603,396,7,0x7d4e742018fb52e48b08be73d041c18b21de6fb5,25469730,0xa8fb73047e5418501b649169d85c6d2f8e8dff90efae803f6bc6379bf97441fc,309,close
2026-07-06,1804.39464351,180439464351,8,1783382399,1783379867,2532,7,0x7d4e742018fb52e48b08be73d041c18b21de6fb5,25476731,0xeb380319a6afe1e528dc202326621611a73303de0ea10e6479bafda428b1e8f7,87,close
2026-07-07,1769.72000000,176972000000,8,1783468799,1783468451,348,7,0x7d4e742018fb52e48b08be73d041c18b21de6fb5,25484091,0xc5c68c71deea2267b1f353a7404aa7ed51a71197b1efbf28d1319fc633b57563,331,close
2026-07-08,1742.65000000,174265000000,8,1783555199,1783555055,144,7,0x7d4e742018fb52e48b08be73d041c18b21de6fb5,25491284,0x1c51758e6ea68bb7e78b967aee609e9de9e6ef178e8139f1cda2f49420f51ca6,412,close
2026-07-09,1745.43134555,174543134555,8,1783641599,1783640615,984,7,0x7d4e742018fb52e48b08be73d041c18b21de6fb5,25498385,0xffbd39315d7aed5cefceee55b82dd1c993a14718d8325e664eaf753e51ed273d,132,close
2026-07-10,1795.34903513,179534903513,8,1783727999,1783726739,1260,7,0x7d4e742018fb52e48b08be73d041c18b21de6fb5,25505535,0x0b3c8bfbaa8f571f0d3470185a474cdbb472309520cf51a6e80949a40059a83f,228,close
2026-07-11,1791.73301000,179173301000,8,1783814399,1783812467,1932,7,0x7d4e742018fb52e48b08be73d041c18b21de6fb5,25512656,0x90077e30c760c3c5055d34e85e85949094f5ca634160210ff64375d69763b24a,777,close
2026-07-12,1801.43036000,180143036000,8,1783900799,1783897463,3336,7,0x7d4e742018fb52e48b08be73d041c18b21de6fb5,25519710,0x65d4522e2b75ddb6dd08fd92223f2a337117fea3db1440f928a3aac1738d6df1,409,close
2026-07-13,1774.42000000,177442000000,8,1783987199,1783986683,516,7,0x7d4e742018fb52e48b08be73d041c18b21de6fb5,25527111,0xc62b4656c013f67b73862a5e62c0794c5fdc4766ea1bbe797b8724ea93a6fd01,880,close
2026-07-14,1889.26815000,188926815000,8,1784073599,1784072999,600,7,0x7d4e742018fb52e48b08be73d041c18b21de6fb5,25534274,0xc8b6cfc6dd66c375c662544eae8ca9726f965b4a4d61143b9dae266b552a1323,371,close
2026-07-15,1914.99200000,191499200000,8,1784159999,1784158943,1056,7,0x7d4e742018fb52e48b08be73d041c18b21de6fb5,25541411,0xbfe63d5e134a24e1705b05a7f41bde16bd66a95dca5ca39b30ea97d92644980e,1594,close
2026-07-16,1865.13115155,186513115155,8,1784246399,1784243327,3072,7,0x7d4e742018fb52e48b08be73d041c18b21de6fb5,25548420,0x5c1e98030eea4442d7a8ea816ef3b853007a9b9f6262b0db91f42a3fd504c1ee,361,close
2026-07-17,1834.60732238,183460732238,8,1784332799,1784329979,2820,7,0x7d4e742018fb52e48b08be73d041c18b21de6fb5,25555624,0xdb09da96eb6db70f052cbe4a1d9d1525af4092ca2f70e0bf8360d221656f88fe,85,close
2026-07-18,1860.48081123,186048081123,8,1784419199,1784418191,1008,7,0x7d4e742018fb52e48b08be73d041c18b21de6fb5,25562947,0x7604dda460f55f24eeed9e99b4bd8fe98f8d9b5b6218581672afc9ee89b91128,357,close
2026-07-19,1867.74000000,186774000000,8,1784505599,1784503055,2544,7,0x7d4e742018fb52e48b08be73d041c18b21de6fb5,25569989,0x03d04336f11a65bc4f4717abb839e56df67f0376c8488bc0614bf4d1d733e25f,55,close
2026-07-20,1902.72034554,190272034554,8,1784591999,1784591807,192,7,0x7d4e742018fb52e48b08be73d041c18b21de6fb5,25577353,0xe4f0910cfb7a8f9d3c7443c8adb4a9067fa8d8820ed34a869fd746fb374384c3,263,close
2026-07-21,1921.08000000,192108000000,8,1784678399,1784676599,1800,7,0x7d4e742018fb52e48b08be73d041c18b21de6fb5,25584395,0xd44e33e3332d81f727bcc30a796ff075ac50e30b30c8ccfbb1bc81dc35c27f7e,329,close
2026-07-22,1923.87750899,192387750899,8,1784764799,1784762099,2700,7,0x7d4e742018fb52e48b08be73d041c18b21de6fb5,25591483,0x3ef78d2426eb84f3d9db389d3a30fd8e285468edb4938031afd0c2ead765343f,176,close
2026-07-23,1882.02580000,188202580000,8,1784851199,1784848067,3132,7,0x7d4e742018fb52e48b08be73d041c18b21de6fb5,25598611,0x3e2d98ad9e8dccb241556ffb419038e7239beb93a5cd91412105f1b54b5fb4d6,275,close
2026-07-24,1858.61080000,185861080000,8,1784937599,1784935247,2352,7,0x7d4e742018fb52e48b08be73d041c18b21de6fb5,25605856,0x34e1b52861893d5d9d1daf08e19e91bd51e375c83381015089b2c59c8baf3140,166,close
2026-07-25,1873.67016091,187367016091,8,1785023999,1785023423,576,7,0x7d4e742018fb52e48b08be73d041c18b21de6fb5,25613185,0x189ff2a2dc4b264cd6b0d854b0729507cca0698c799a841be0e256ffdaeb516f,98,close
2026-07-26,1956.36381808,195636381808,8,1785110399,1785107303,3096,7,0x7d4e742018fb52e48b08be73d041c18b21de6fb5,25620159,0xa52dda47af97c7f04dff8bfe18732489e0f82aa4f3caf2224f87737b0bf13bcd,478,close
2026-07-27,1890.50848329,189050848329,8,1785196799,1785196739,60,7,0x7d4e742018fb52e48b08be73d041c18b21de6fb5,25627585,0x295cbde8b7e70614f7e483f25bee411169a691ff6703b26175e9b0ea8b2a9632,74,close
2026-07-28,1919.20960000,191920960000,8,1785283199,1785282599,600,7,0x7d4e742018fb52e48b08be73d041c18b21de6fb5,25634713,0xa9218b3699870df4c7871bbe568f7ef7ba604336bd261c8758f9ab9c254a59b3,26,close
2026-07-29,1903.10000000,190310000000,8,1785369599,1785366419,3180,7,0x7d4e742018fb52e48b08be73d041c18b21de6fb5,25641673,0xe746e5a924d2b902c75338d61a0cc5a9f580d0ca1fdf12a68d24b205edf0dacf,14,close
2026-07-30,1925.09000000,192509000000,8,1785455999,1785453707,2292,7,0x7d4e742018fb52e48b08be73d041c18b21de6fb5,25648920,0xe1f279fdaa5bfa18cb8ae71efcd8784786797cb1fd3303e951ce17d571a7ecd9,1489,close
2026-07-31,1861.96547515,186196547515,8,1785542399,1785540863,1536,7,0x7d4e742018fb52e48b08be73d041c18b21de6fb5,25656164,0xfe020206ebbeb87ca98929dbec320761b9598b55ff403585bc46db3d521fb94a,224,close
2026-08-01,1845.67022551,184567022551,8,1785628799,1785625199,3600,7,0x7d4e742018fb52e48b08be73d041c18b21de6fb5,25663170,0x689de957d5c3e662d8a2a284f63b9edd7896219514ab3896a2591c9e8b2e0685,221,close
2026-08-02,1882.18000000,188218000000,8,1785715199,1785713927,1272,7,0x7d4e742018fb52e48b08be73d041c18b21de6fb5,25670535,0x3bcb5f5871454ae82a2485babb6e5a8a1770468f8e03492cfaaf1da253ce0880,735,close
2026-08-03,1855.61390073,185561390073,8,1785801599,1785800435,1164,7,0x7d4e742018fb52e48b08be73d041c18b21de6fb5,25677722,0x504093e3e88110dda772c0747c514f45acb1b81d26080f8ecb5e2797d88bfbfe,939,close
2026-08-04,1870.62000000,187062000000,8,1785887999,1785886991,1008,7,0x7d4e742018fb52e48b08be73d041c18b21de6fb5,25684915,0xe4e792f56c56d2e591f1ed84682b20bf4db2505bde2fe6036c11034df5a865d6,574,close
2026-08-05,1905.42000000,190542000000,8,1785974399,1785971063,3336,7,0x7d4e742018fb52e48b08be73d041c18b21de6fb5,25691895,0xf158e44327a68734ed46939490d82ef5f89b4269daa2bdbd8092705edfbaabdd,193,close
2026-08-06,1897.66051596,189766051596,8,1786060799,1786059611,1188,7,0x7d4e742018fb52e48b08be73d041c18b21de6fb5,25699262,0xe6c4323868ce421587de74e4ed3cd12cd6e055a5330c6015e3c2c52b35158c4c,469,close
2026-08-07,1914.10903931,191410903931,8,1786147199,1786143839,3360,7,0x7d4e742018fb52e48b08be73d041c18b21de6fb5,25706251,0xde8092fa9b6da5de203bb586768550e70453a2b254607def6e8824a3621c28c0,1217,close
2026-08-08,1914.57706019,191457706019,8,1786233599,1786230359,3240,7,0x7d4e742018fb52e48b08be73d041c18b21de6fb5,25713419,0x96577a2aab22b551bd2a2af8b7b4246db35d7931daf44b20e871b8712e6dbb00,44,close
2026-08-09,1908.78235504,190878235504,8,1786319999,1786318235,1764,7,0x7d4e742018fb52e48b08be73d041c18b21de6fb5,25720721,0xf047a39746cf1a0dfcb1ff34f044cde6970dbff18efbb0f95c0e7cd25eafe3f3,1260,close
2026-08-10,1873.41641645,187341641645,8,1786406399,1786403855,2544,7,0x7d4e742018fb52e48b08be73d041c18b21de6fb5,25727829,0x40a78612839e9d441df76269c464a6c5f77aa5d09234d3e10da49e5be045d6cd,1219,close
2026-08-11,1881.24840005,188124840005,8,1786492799,1786492547,252,7,0x7d4e742018fb52e48b08be73d041c18b21de6fb5,25735179,0xe1167943ecd73175abc217bcf1d910d8594bd935f137e28c4762c296a5dcef17,311,close
2026-08-12,1874.16000000,187416000000,8,1786579199,1786577375,1824,7,0x7d4e742018fb52e48b08be73d041c18b21de6fb5,25742215,0xfccdd39b0164bbf015233656c506874fcf328e9f3099d12a066352e9b6786824,583,close
2026-08-13,1885.11853093,188511853093,8,1786665599,1786662599,3000,7,0x7d4e742018fb52e48b08be73d041c18b21de6fb5,25749300,0xb3c181b7cd061577d444a2e6bd1989a2d472abff0dd38a85c807a5d5229c2dbc,333,close
2026-08-14,1877.95740000,187795740000,8,1786751999,1786748639,3360,7,0x7d4e742018fb52e48b08be73d041c18b21de6fb5,25756442,0xd3135108fc6e485910c0e4037faa2f4280b1e6a3dadb07a4f1208d4c47e9ba68,471,close
2026-08-15,1882.23643594,188223643594,8,1786838399,1786835219,3180,7,0x7d4e742018fb52e48b08be73d041c18b21de6fb5,25763623,0x81df7a582542c39cbc6c445b64b3721cce8e254f25579bb8ba2dce3048d829c3,318,close
2026-08-16,1872.46000000,187246000000,8,1786924799,1786923695,1104,7,0x7d4e742018fb52e48b08be73d041c18b21de6fb5,25770983,0x7a50ebfca8830a42bf8b4e3fa070f869a5c0a096995327e001c64a87a11041bc,521,close
2026-08-17,1911.95704368,191195704368,8,1787011199,1787009279,1920,7,0x7d4e742018fb52e48b08be73d041c18b21de6fb5,25778090,0xe9aaba4694225307c47167911c1397e83b88f3ede47744b4c4015e18e80e66ed,730,close
2026-08-18,1916.96000000,191696000000,8,1787097599,1787097431,168,7,0x7d4e742018fb52e48b08be73d041c18b21de6fb5,25785410,0x038f36e37a73e58384ecfdaf1da388228dbf6d3332436c25601ecc3040caacb2,512,close
2026-08-19,2258.29000000,225829000000,8,1787183999,1787183075,924,7,0x7d4e742018fb52e48b08be73d041c18b21de6fb5,25792524,0xbeed23627e35db911169b98feb84f3538ba1581160932af1e4939bddc2a17f92,188,close
2026-08-20,2331.92616865,233192616865,8,1787270399,1787268335,2064,7,0x7d4e742018fb52e48b08be73d041c18b21de6fb5,25799608,0x7433cdbe84d52f141c6e3ca10b11a5cfb5b17d696733da0bf6b9fb1dac13eedf,220,close
2026-08-21,2516.25480422,251625480422,8,1787356799,1787355611,1188,7,0x7d4e742018fb52e48b08be73d041c18b21de6fb5,25806859,0x8ea10ff26184105dd476ab43a653cb0bb42ba11b78f50a74fb151b49081075a0,177,close
2026-08-22,2417.31640000,241731640000,8,1787443199,1787440907,2292,7,0x7d4e742018fb52e48b08be73d041c18b21de6fb5,25813935,0x9703e10f5678233376520a74e7189cf833e20bee85968da9d0de291f853ae5fc,173,close
2026-08-23,2453.08976017,245308976017,8,1787529599,1787528579,1020,7,0x7d4e742018fb52e48b08be73d041c18b21de6fb5,25821220,0xd7b28305321e2f0641684a82a47d76982daf625ff01dce85cf06a83e98541f5a,75,close
2026-08-24,2484.96150384,248496150384,8,1787615999,1787614403,1596,7,0x7d4e742018fb52e48b08be73d041c18b21de6fb5,25828350,0xfa288950a8ab62f5955c428996ff493a41a9554c9d69138be6fe5690b5767ab2,100,close
2026-08-25,2436.98848485,243698848485,8,1787702399,1787702003,396,7,0x7d4e742018fb52e48b08be73d041c18b21de6fb5,25835624,0x08ed240d526e70e61eafee9ec1e4b5c700d4c5678a3d0db90a38cdc56657c805,544,close
2026-08-26,2502.94000000,250294000000,8,1787788799,1787787467,1332,7,0x7d4e742018fb52e48b08be73d041c18b21de6fb5,25842718,0x943e6d090ac5c2e85b0a5a4c8259b32a49b717ac498e1f89e29572d4d2b72377,68,close
2026-08-27,2514.43872203,251443872203,8,1787875199,1787871683,3516,7,0x7d4e742018fb52e48b08be73d041c18b21de6fb5,25849718,0x71e78a33e8187140250dcb3489495f98114d0d083e446f6338c165e79ea6aff4,145,close
2026-08-28,2438.74006898,243874006898,8,1787961599,1787960243,1356,7,0x7d4e742018fb52e48b08be73d041c18b21de6fb5,25857070,0xdbb0cd754d0f0e62355c67c575712322b9e1878d3ef450522e23a5f0f185eac2,738,close
2026-08-29,2459.14180775,245914180775,8,1788047999,1788047531,468,7,0x7d4e742018fb52e48b08be73d041c18b21de6fb5,25864319,0x2e0e0678d45fa89d29e484460a3211ba3efb8704963d84cbfb27d97e065bee71,388,close
2026-08-30,2415.04000000,241504000000,8,1788134399,1788134003,396,7,0x7d4e742018fb52e48b08be73d041c18b21de6fb5,25871502,0x0f74843bd77974ba0d42c8a11becd16986f61d823a2882f63fc9c78e1169b7f0,342,close
2026-08-31,2466.06838126,246606838126,8,1788220799,1788219707,1092,7,0x7d4e742018fb52e48b08be73d041c18b21de6fb5,25878613,0x9b882917066449a4424dd317332c671a9da82c70a81524eb5c8df26533839c0e,276,close
2026-09-01,2412.95764049,241295764049,8,1788307199,1788304391,2808,7,0x7d4e742018fb52e48b08be73d041c18b21de6fb5,25885646,0x80c3f93826baa972b91d74c2f72c9fd7795a77dfe535619958cc0891476aeeff,254,close
2026-09-02,2384.83406031,238483406031,8,1788393599,1788391775,1824,7,0x7d4e742018fb52e48b08be73d041c18b21de6fb5,25892901,0xc046f7d5127e7e7b7efb76e9b8d55cd73e1b9f8940e732790d9cd858c9596171,174,close
2026-09-03,2498.10510000,249810510000,8,1788479999,1788478019,1980,7,0x7d4e742018fb52e48b08be73d041c18b21de6fb5,25900062,0xbbcf977df91076bbe52ecf9983672b94c0779c339a385a2ad606e133be952055,536,close
2026-09-04,2451.21612640,245121612640,8,1788566399,1788563927,2472,7,0x7d4e742018fb52e48b08be73d041c18b21de6fb5,25907195,0x8cef67c96e0975e587b42041f069f263170c670bedac2879ca8d89303f2de8ad,374,close
2026-09-05,2481.20940000,248120940000,8,1788652799,1788650975,1824,7,0x7d4e742018fb52e48b08be73d041c18b21de6fb5,25914422,0xec07c27109334acfba922ea245f93bd2efc930188a0d05db114791f7f6fe2f81,570,close
2026-09-06,2523.77320000,252377320000,8,1788739199,1788738431,768,7,0x7d4e742018fb52e48b08be73d041c18b21de6fb5,25921689,0x74b0e93b61402830047c98acea01553f292016efd6377a28e14c40874ad1c314,600,close
2026-09-07,2486.03482269,248603482269,8,1788825599,1788824339,1260,7,0x7d4e742018fb52e48b08be73d041c18b21de6fb5,25928815,0xf42a67839d03b311d1f335f21a0d0e5723114671fe243257815e2c8097a16cfc,326,close
2026-09-08,2486.07971340,248607971340,8,1788911999,1788909191,2808,7,0x7d4e742018fb52e48b08be73d041c18b21de6fb5,25935856,0x33e2fa3a598a9405c908e3f4f8fb60cf939077a3b1bdc25880cad2d210bba2fd,113,close
2026-09-09,2457.41000000,245741000000,8,1788998399,1788995135,3264,7,0x7d4e742018fb52e48b08be73d041c18b21de6fb5,25942988,0xaa34ac55cb6bdd4d3fc4d41901ff7b78f6bd5509e7dc0e7ba38d04a2e904386d,174,close
2026-09-10,2435.44960527,243544960527,8,1789084799,1789082123,2676,7,0x7d4e742018fb52e48b08be73d041c18b21de6fb5,25950209,0x38178a47c054d7e0d525925da6b72b670ac413c15c3e4d11c25e37c0162711f9,959,close
2026-09-11,2515.57840000,251557840000,8,1789171199,1789170971,228,7,0x7d4e742018fb52e48b08be73d041c18b21de6fb5,25957586,0x8ceacd011373166c511dcddb38cf30f2e4b7163eddc1f1972ccdfd795d335cbd,241,close
2026-09-12,2523.75605340,252375605340,8,1789257599,1789254431,3168,7,0x7d4e742018fb52e48b08be73d041c18b21de6fb5,25964517,0x0217ba0a323b0a823bfb3b29b053387042f4888cc70e187522bdb7d56490ee24,92,close
2026-09-13,2474.75393594,247475393594,8,1789343999,1789341371,2628,7,0x7d4e742018fb52e48b08be73d041c18b21de6fb5,25971743,0xccf0ed641c1b40656454b5a48a674916b662d7f0bc891c1e98543b48ce30f58a,45,close
2026-09-14,2513.80291764,251380291764,8,1789430399,1789429943,456,7,0x7d4e742018fb52e48b08be73d041c18b21de6fb5,25979098,0xcf093f8c9bff6889fd09fd7e7de7ff4d42ffcb38a9c077fc6e690d7bbe19b7e8,22,close
2026-09-15,2399.01000000,239901000000,8,1789516799,1789516367,432,7,0x7d4e742018fb52e48b08be73d041c18b21de6fb5,25986270,0x5477ea0136aeea838102abac73306dc374d4ea300ab72fff3c4d326137753aae,166,close
2026-09-16,2412.29000000,241229000000,8,1789603199,1789600943,2256,7,0x7d4e742018fb52e48b08be73d041c18b21de6fb5,25993295,0x8a613bf5ead1259bb8c1770e17dc918514570876cfe85ef58f59677d527c964e,567,close
2026-09-17,2443.37613557,244337613557,8,1789689599,1789686059,3540,7,0x7d4e742018fb52e48b08be73d041c18b21de6fb5,26000358,0x0f5cfd1acffa8329a119dc3a182eb2802a16f3acfbe939d0ea8703581edaa0d2,282,close
2026-09-18,2609.83961944,260983961944,8,1789775999,1789775339,660,7,0x7d4e742018fb52e48b08be73d041c18b21de6fb5,26007781,0x5d37d9bc7cf0e6943e35a93646e3c25128475aa54497f13570da6c76671fc8a7,95,close
2026-09-19,2634.74000000,263474000000,8,1789862399,1789859627,2772,7,0x7d4e742018fb52e48b08be73d041c18b21de6fb5,26014766,0xd64c93494a74e16d5ecc10160ad5f72d2b0cb0818d46b0203fb49cfce8e84496,508,close
2026-09-20,2635.52610000,263552610000,8,1789948799,1789945271,3528,7,0x7d4e742018fb52e48b08be73d041c18b21de6fb5,26021877,0xea9dcea1332d4ad090eafac8a7d383ef7c3db2fc7467f518c762030f6d36a61e,63,close
2026-09-21,2779.64205019,277964205019,8,1790035199,1790032679,2520,7,0x7d4e742018fb52e48b08be73d041c18b21de6fb5,26029106,0xfb9657901045d19eca517a05313fb6eae7a6d832e3f4b065e538fd17e1fcd2d7,187,close
2026-09-22,2741.75840657,274175840657,8,1790091479,1790089187,2292,7,0x7d4e742018fb52e48b08be73d041c18b21de6fb5,26033782,0x002b0856eae7c3023a7967a08d69cc2d20aa6d13c2de16cafa6d1f704a6a8c1f,492,snapshot_cutoff
