date,registration_base_eth,registration_premium_eth,registration_combined_legacy_eth,renewal_eth,total_revenue_eth,total_revenue_usd
2019-01-02,0.000000000000000000,0.000000000000000000,0.000000000000000000,0.000000000000000000,0.000000000000000000,0.00
2019-01-03,0.000000000000000000,0.000000000000000000,0.000000000000000000,0.000000000000000000,0.000000000000000000,0.00
2019-01-04,0.000000000000000000,0.000000000000000000,0.000000000000000000,0.000000000000000000,0.000000000000000000,0.00
2019-01-05,0.000000000000000000,0.000000000000000000,0.000000000000000000,0.000000000000000000,0.000000000000000000,0.00
2019-01-06,0.000000000000000000,0.000000000000000000,0.000000000000000000,0.000000000000000000,0.000000000000000000,0.00
2019-01-07,0.000000000000000000,0.000000000000000000,0.000000000000000000,0.000000000000000000,0.000000000000000000,0.00
2019-01-08,0.000000000000000000,0.000000000000000000,0.000000000000000000,0.000000000000000000,0.000000000000000000,0.00
2019-01-09,0.000000000000000000,0.000000000000000000,0.000000000000000000,0.000000000000000000,0.000000000000000000,0.00
2019-01-10,0.000000000000000000,0.000000000000000000,0.000000000000000000,0.000000000000000000,0.000000000000000000,0.00
2019-01-11,0.000000000000000000,0.000000000000000000,0.000000000000000000,0.000000000000000000,0.000000000000000000,0.00
2019-01-12,0.000000000000000000,0.000000000000000000,0.000000000000000000,0.000000000000000000,0.000000000000000000,0.00
2019-01-13,0.000000000000000000,0.000000000000000000,0.000000000000000000,0.000000000000000000,0.000000000000000000,0.00
2019-01-14,0.000000000000000000,0.000000000000000000,0.000000000000000000,0.000000000000000000,0.000000000000000000,0.00
2019-01-15,0.000000000000000000,0.000000000000000000,0.000000000000000000,0.000000000000000000,0.000000000000000000,0.00
2019-01-16,0.000000000000000000,0.000000000000000000,0.000000000000000000,0.000000000000000000,0.000000000000000000,0.00
2019-01-17,0.000000000000000000,0.000000000000000000,0.000000000000000000,0.000000000000000000,0.000000000000000000,0.00
2019-01-18,0.000000000000000000,0.000000000000000000,0.000000000000000000,0.000000000000000000,0.000000000000000000,0.00
2019-01-19,0.000000000000000000,0.000000000000000000,0.000000000000000000,0.000000000000000000,0.000000000000000000,0.00
2019-01-20,0.000000000000000000,0.000000000000000000,0.000000000000000000,0.000000000000000000,0.000000000000000000,0.00
2019-01-21,0.000000000000000000,0.000000000000000000,0.000000000000000000,0.000000000000000000,0.000000000000000000,0.00
2019-01-22,0.000000000000000000,0.000000000000000000,0.000000000000000000,0.000000000000000000,0.000000000000000000,0.00
2019-01-23,0.000000000000000000,0.000000000000000000,0.000000000000000000,0.000000000000000000,0.000000000000000000,0.00
2019-01-24,0.000000000000000000,0.000000000000000000,0.000000000000000000,0.000000000000000000,0.000000000000000000,0.00
2019-01-25,0.000000000000000000,0.000000000000000000,0.000000000000000000,0.000000000000000000,0.000000000000000000,0.00
2019-01-26,0.000000000000000000,0.000000000000000000,0.000000000000000000,0.000000000000000000,0.000000000000000000,0.00
2019-01-27,0.000000000000000000,0.000000000000000000,0.000000000000000000,0.000000000000000000,0.000000000000000000,0.00
2019-01-28,0.000000000000000000,0.000000000000000000,0.000000000000000000,0.000000000000000000,0.000000000000000000,0.00
2019-01-29,0.000000000000000000,0.000000000000000000,0.000000000000000000,0.000000000000000000,0.000000000000000000,0.00
2019-01-30,0.000000000000000000,0.000000000000000000,0.000000000000000000,0.000000000000000000,0.000000000000000000,0.00
2019-01-31,0.000000000000000000,0.000000000000000000,0.000000000000000000,0.000000000000000000,0.000000000000000000,0.00
2019-02-01,0.000000000000000000,0.000000000000000000,0.000000000000000000,0.000000000000000000,0.000000000000000000,0.00
2019-02-02,0.000000000000000000,0.000000000000000000,0.000000000000000000,0.000000000000000000,0.000000000000000000,0.00
2019-02-03,0.000000000000000000,0.000000000000000000,0.000000000000000000,0.000000000000000000,0.000000000000000000,0.00
2019-02-04,0.000000000000000000,0.000000000000000000,0.000000000000000000,0.000000000000000000,0.000000000000000000,0.00
2019-02-05,0.000000000000000000,0.000000000000000000,0.000000000000000000,0.000000000000000000,0.000000000000000000,0.00
2019-02-06,0.000000000000000000,0.000000000000000000,0.000000000000000000,0.000000000000000000,0.000000000000000000,0.00
2019-02-07,0.000000000000000000,0.000000000000000000,0.000000000000000000,0.000000000000000000,0.000000000000000000,0.00
2019-02-08,0.000000000000000000,0.000000000000000000,0.000000000000000000,0.000000000000000000,0.000000000000000000,0.00
2019-02-09,0.000000000000000000,0.000000000000000000,0.000000000000000000,0.000000000000000000,0.000000000000000000,0.00
2019-02-10,0.000000000000000000,0.000000000000000000,0.000000000000000000,0.000000000000000000,0.000000000000000000,0.00
2019-02-11,0.000000000000000000,0.000000000000000000,0.000000000000000000,0.000000000000000000,0.000000000000000000,0.00
2019-02-12,0.000000000000000000,0.000000000000000000,0.000000000000000000,0.000000000000000000,0.000000000000000000,0.00
2019-02-13,0.000000000000000000,0.000000000000000000,0.000000000000000000,0.000000000000000000,0.000000000000000000,0.00
2019-02-14,0.000000000000000000,0.000000000000000000,0.000000000000000000,0.000000000000000000,0.000000000000000000,0.00
2019-02-15,0.000000000000000000,0.000000000000000000,0.000000000000000000,0.000000000000000000,0.000000000000000000,0.00
2019-02-16,0.000000000000000000,0.000000000000000000,0.000000000000000000,0.000000000000000000,0.000000000000000000,0.00
2019-02-17,0.000000000000000000,0.000000000000000000,0.000000000000000000,0.000000000000000000,0.000000000000000000,0.00
2019-02-18,0.000000000000000000,0.000000000000000000,0.000000000000000000,0.000000000000000000,0.000000000000000000,0.00
2019-02-19,0.000000000000000000,0.000000000000000000,0.000000000000000000,0.000000000000000000,0.000000000000000000,0.00
2019-02-20,0.000000000000000000,0.000000000000000000,0.000000000000000000,0.000000000000000000,0.000000000000000000,0.00
2019-02-21,0.000000000000000000,0.000000000000000000,0.000000000000000000,0.000000000000000000,0.000000000000000000,0.00
2019-02-22,0.000000000000000000,0.000000000000000000,0.000000000000000000,0.000000000000000000,0.000000000000000000,0.00
2019-02-23,0.000000000000000000,0.000000000000000000,0.000000000000000000,0.000000000000000000,0.000000000000000000,0.00
2019-02-24,0.000000000000000000,0.000000000000000000,0.000000000000000000,0.000000000000000000,0.000000000000000000,0.00
2019-02-25,0.000000000000000000,0.000000000000000000,0.000000000000000000,0.000000000000000000,0.000000000000000000,0.00
2019-02-26,0.000000000000000000,0.000000000000000000,0.000000000000000000,0.000000000000000000,0.000000000000000000,0.00
2019-02-27,0.000000000000000000,0.000000000000000000,0.000000000000000000,0.000000000000000000,0.000000000000000000,0.00
2019-02-28,0.000000000000000000,0.000000000000000000,0.000000000000000000,0.000000000000000000,0.000000000000000000,0.00
2019-03-01,0.000000000000000000,0.000000000000000000,0.000000000000000000,0.000000000000000000,0.000000000000000000,0.00
2019-03-02,0.000000000000000000,0.000000000000000000,0.000000000000000000,0.000000000000000000,0.000000000000000000,0.00
2019-03-03,0.000000000000000000,0.000000000000000000,0.000000000000000000,0.000000000000000000,0.000000000000000000,0.00
2019-03-04,0.000000000000000000,0.000000000000000000,0.000000000000000000,0.000000000000000000,0.000000000000000000,0.00
2019-03-05,0.000000000000000000,0.000000000000000000,0.000000000000000000,0.000000000000000000,0.000000000000000000,0.00
2019-03-06,0.000000000000000000,0.000000000000000000,0.000000000000000000,0.000000000000000000,0.000000000000000000,0.00
2019-03-07,0.000000000000000000,0.000000000000000000,0.000000000000000000,0.000000000000000000,0.000000000000000000,0.00
2019-03-08,0.000000000000000000,0.000000000000000000,0.000000000000000000,0.000000000000000000,0.000000000000000000,0.00
2019-03-09,0.000000000000000000,0.000000000000000000,0.000000000000000000,0.000000000000000000,0.000000000000000000,0.00
2019-03-10,0.000000000000000000,0.000000000000000000,0.000000000000000000,0.000000000000000000,0.000000000000000000,0.00
2019-03-11,0.000000000000000000,0.000000000000000000,0.000000000000000000,0.000000000000000000,0.000000000000000000,0.00
2019-03-12,0.000000000000000000,0.000000000000000000,0.000000000000000000,0.000000000000000000,0.000000000000000000,0.00
2019-03-13,0.000000000000000000,0.000000000000000000,0.000000000000000000,0.000000000000000000,0.000000000000000000,0.00
2019-03-14,0.000000000000000000,0.000000000000000000,0.000000000000000000,0.000000000000000000,0.000000000000000000,0.00
2019-03-15,0.000000000000000000,0.000000000000000000,0.000000000000000000,0.000000000000000000,0.000000000000000000,0.00
2019-03-16,0.000000000000000000,0.000000000000000000,0.000000000000000000,0.000000000000000000,0.000000000000000000,0.00
2019-03-17,0.000000000000000000,0.000000000000000000,0.000000000000000000,0.000000000000000000,0.000000000000000000,0.00
2019-03-18,0.000000000000000000,0.000000000000000000,0.000000000000000000,0.000000000000000000,0.000000000000000000,0.00
2019-03-19,0.000000000000000000,0.000000000000000000,0.000000000000000000,0.000000000000000000,0.000000000000000000,0.00
2019-03-20,0.000000000000000000,0.000000000000000000,0.000000000000000000,0.000000000000000000,0.000000000000000000,0.00
2019-03-21,0.000000000000000000,0.000000000000000000,0.000000000000000000,0.000000000000000000,0.000000000000000000,0.00
2019-03-22,0.000000000000000000,0.000000000000000000,0.000000000000000000,0.000000000000000000,0.000000000000000000,0.00
2019-03-23,0.000000000000000000,0.000000000000000000,0.000000000000000000,0.000000000000000000,0.000000000000000000,0.00
2019-03-24,0.000000000000000000,0.000000000000000000,0.000000000000000000,0.000000000000000000,0.000000000000000000,0.00
2019-03-25,0.000000000000000000,0.000000000000000000,0.000000000000000000,0.000000000000000000,0.000000000000000000,0.00
2019-03-26,0.000000000000000000,0.000000000000000000,0.000000000000000000,0.000000000000000000,0.000000000000000000,0.00
2019-03-27,0.000000000000000000,0.000000000000000000,0.000000000000000000,0.000000000000000000,0.000000000000000000,0.00
2019-03-28,0.000000000000000000,0.000000000000000000,0.000000000000000000,0.000000000000000000,0.000000000000000000,0.00
2019-03-29,0.000000000000000000,0.000000000000000000,0.000000000000000000,0.000000000000000000,0.000000000000000000,0.00
2019-03-30,0.000000000000000000,0.000000000000000000,0.000000000000000000,0.000000000000000000,0.000000000000000000,0.00
2019-03-31,0.000000000000000000,0.000000000000000000,0.000000000000000000,0.000000000000000000,0.000000000000000000,0.00
2019-04-01,0.000000000000000000,0.000000000000000000,0.000000000000000000,0.000000000000000000,0.000000000000000000,0.00
2019-04-02,0.000000000000000000,0.000000000000000000,0.000000000000000000,0.000000000000000000,0.000000000000000000,0.00
2019-04-03,0.000000000000000000,0.000000000000000000,0.000000000000000000,0.000000000000000000,0.000000000000000000,0.00
2019-04-04,0.000000000000000000,0.000000000000000000,0.000000000000000000,0.000000000000000000,0.000000000000000000,0.00
2019-04-05,0.000000000000000000,0.000000000000000000,0.000000000000000000,0.000000000000000000,0.000000000000000000,0.00
2019-04-06,0.000000000000000000,0.000000000000000000,0.000000000000000000,0.000000000000000000,0.000000000000000000,0.00
2019-04-07,0.000000000000000000,0.000000000000000000,0.000000000000000000,0.000000000000000000,0.000000000000000000,0.00
2019-04-08,0.000000000000000000,0.000000000000000000,0.000000000000000000,0.000000000000000000,0.000000000000000000,0.00
2019-04-09,0.000000000000000000,0.000000000000000000,0.000000000000000000,0.000000000000000000,0.000000000000000000,0.00
2019-04-10,0.000000000000000000,0.000000000000000000,0.000000000000000000,0.000000000000000000,0.000000000000000000,0.00
2019-04-11,0.000000000000000000,0.000000000000000000,0.000000000000000000,0.000000000000000000,0.000000000000000000,0.00
2019-04-12,0.000000000000000000,0.000000000000000000,0.000000000000000000,0.000000000000000000,0.000000000000000000,0.00
2019-04-13,0.000000000000000000,0.000000000000000000,0.000000000000000000,0.000000000000000000,0.000000000000000000,0.00
2019-04-14,0.000000000000000000,0.000000000000000000,0.000000000000000000,0.000000000000000000,0.000000000000000000,0.00
2019-04-15,0.000000000000000000,0.000000000000000000,0.000000000000000000,0.000000000000000000,0.000000000000000000,0.00
2019-04-16,0.000000000000000000,0.000000000000000000,0.000000000000000000,0.000000000000000000,0.000000000000000000,0.00
2019-04-17,0.000000000000000000,0.000000000000000000,0.000000000000000000,0.000000000000000000,0.000000000000000000,0.00
2019-04-18,0.000000000000000000,0.000000000000000000,0.000000000000000000,0.000000000000000000,0.000000000000000000,0.00
2019-04-19,0.000000000000000000,0.000000000000000000,0.000000000000000000,0.000000000000000000,0.000000000000000000,0.00
2019-04-20,0.000000000000000000,0.000000000000000000,0.000000000000000000,0.000000000000000000,0.000000000000000000,0.00
2019-04-21,0.000000000000000000,0.000000000000000000,0.000000000000000000,0.000000000000000000,0.000000000000000000,0.00
2019-04-22,0.000000000000000000,0.000000000000000000,0.000000000000000000,0.000000000000000000,0.000000000000000000,0.00
2019-04-23,0.000000000000000000,0.000000000000000000,0.000000000000000000,0.000000000000000000,0.000000000000000000,0.00
2019-04-24,0.000000000000000000,0.000000000000000000,0.000000000000000000,0.000000000000000000,0.000000000000000000,0.00
2019-04-25,0.000000000000000000,0.000000000000000000,0.000000000000000000,0.000000000000000000,0.000000000000000000,0.00
2019-04-26,0.000000000000000000,0.000000000000000000,0.000000000000000000,0.000000000000000000,0.000000000000000000,0.00
2019-04-27,0.000000000000000000,0.000000000000000000,0.000000000000000000,0.000000000000000000,0.000000000000000000,0.00
2019-04-28,0.000000000000000000,0.000000000000000000,0.000000000000000000,0.000000000000000000,0.000000000000000000,0.00
2019-04-29,0.000000000000000000,0.000000000000000000,0.000000000000000000,0.000000000000000000,0.000000000000000000,0.00
2019-04-30,0.000000000000000000,0.000000000000000000,0.000000000000000000,0.000000000000000000,0.000000000000000000,0.00
2019-05-01,0.000000000000000000,0.000000000000000000,0.000000000000000000,0.000000000000000000,0.000000000000000000,0.00
2019-05-02,0.000000000000000000,0.000000000000000000,0.000000000000000000,0.000000000000000000,0.000000000000000000,0.00
2019-05-03,0.000000000000000000,0.000000000000000000,0.000000000000000000,0.000000000000000000,0.000000000000000000,0.00
2019-05-04,0.000000000000000000,0.000000000000000000,11.336327390861146799,3.301797512950416753,14.638124903811563552,
2019-05-05,0.000000000000000000,0.000000000000000000,8.894435355477237318,0.956304134757738133,9.850739490234975451,
2019-05-06,0.000000000000000000,0.000000000000000000,4.999515330543076912,0.341090873806944976,5.340606204350021888,
2019-05-07,0.000000000000000000,0.000000000000000000,5.320486423033878811,0.200655046258929311,5.521141469292808122,
2019-05-08,0.000000000000000000,0.000000000000000000,6.944636200233701889,2.109661785336024029,9.054297985569725918,
2019-05-09,0.000000000000000000,0.000000000000000000,4.647500190581879670,1.121874406198935966,5.769374596780815636,
2019-05-10,0.000000000000000000,0.000000000000000000,3.779944293830958622,0.146274577337050340,3.926218871168008962,
2019-05-11,0.000000000000000000,0.000000000000000000,3.898426641378356405,4.433804906415300078,8.332231547793656483,
2019-05-12,0.000000000000000000,0.000000000000000000,5.573834215408929642,0.393189683214165487,5.967023898623095129,
2019-05-13,0.000000000000000000,0.000000000000000000,3.119771292988643218,0.997794220965804813,4.117565513954448031,
2019-05-14,0.000000000000000000,0.000000000000000000,3.871871097417665557,0.143403743450175699,4.015274840867841256,
2019-05-15,0.000000000000000000,0.000000000000000000,5.284483917108115414,0.604754099242563212,5.889238016350678626,
2019-05-16,0.000000000000000000,0.000000000000000000,2.437556706677138037,0.347988222229390098,2.785544928906528135,
2019-05-17,0.000000000000000000,0.000000000000000000,1.520753084998347546,0.000000000000000000,1.520753084998347546,
2019-05-18,0.000000000000000000,0.000000000000000000,2.329020015467280908,0.271799853262030885,2.600819868729311793,
2019-05-19,0.000000000000000000,0.000000000000000000,2.256010777472425776,0.058349713704306589,2.314360491176732365,
2019-05-20,0.000000000000000000,0.000000000000000000,1.754837977360031789,0.302476663809325555,2.057314641169357344,
2019-05-21,0.000000000000000000,0.000000000000000000,1.973515448187284758,0.039368336752016735,2.012883784939301493,
2019-05-22,0.000000000000000000,0.000000000000000000,1.406789855429243804,0.039044222699393709,1.445834078128637513,
2019-05-23,0.000000000000000000,0.000000000000000000,2.150590828060769555,0.103620625821969698,2.254211453882739253,
2019-05-24,0.000000000000000000,0.000000000000000000,2.534530535340332805,0.436756278380462998,2.971286813720795803,
2019-05-25,0.000000000000000000,0.000000000000000000,2.289868673066956750,0.039821528734701297,2.329690201801658047,
2019-05-26,0.000000000000000000,0.000000000000000000,1.387691735705054119,0.282875167012078761,1.670566902717132880,
2019-05-27,0.000000000000000000,0.000000000000000000,1.901014974812207547,0.111547542760019672,2.012562517572227219,
2019-05-28,0.000000000000000000,0.000000000000000000,1.877129323218937726,0.000000000000000000,1.877129323218937726,
2019-05-29,0.000000000000000000,0.000000000000000000,1.320633629372910060,0.112128670655782759,1.432762300028692819,
2019-05-30,0.000000000000000000,0.000000000000000000,1.826692698060673032,0.000000000000000000,1.826692698060673032,
2019-05-31,0.000000000000000000,0.000000000000000000,1.540436980513007075,0.540687963205672572,2.081124943718679647,
2019-06-01,0.000000000000000000,0.000000000000000000,1.422057931846089295,0.037551647013168013,1.459609578859257308,
2019-06-02,0.000000000000000000,0.000000000000000000,2.266048216109744002,0.056037203908631875,2.322085420018375877,
2019-06-03,0.000000000000000000,0.000000000000000000,7.069120230810499167,0.190873598451662144,7.259993829262161311,
2019-06-04,0.000000000000000000,0.000000000000000000,5.993248452472058005,0.224513314487881090,6.217761766959939095,
2019-06-05,0.000000000000000000,0.000000000000000000,4.290080377642618026,0.000000000000000000,4.290080377642618026,
2019-06-06,0.000000000000000000,0.000000000000000000,2.808412743306804017,0.123350180186669500,2.931762923493473517,
2019-06-07,0.000000000000000000,0.000000000000000000,1.856073248186508252,0.160751088579320761,2.016824336765829013,
2019-06-08,0.000000000000000000,0.000000000000000000,2.421992468072075283,0.181339627238991028,2.603332095311066311,
2019-06-09,0.000000000000000000,0.000000000000000000,3.078413652965317773,0.000000000000000000,3.078413652965317773,
2019-06-10,0.000000000000000000,0.000000000000000000,1.230213602713462726,1.529213241966482127,2.759426844679944853,
2019-06-11,0.000000000000000000,0.000000000000000000,1.847045019973498212,0.408271826847373229,2.255316846820871441,
2019-06-12,0.000000000000000000,0.000000000000000000,1.650229094537365393,0.079884209148892673,1.730113303686258066,
2019-06-13,0.000000000000000000,0.000000000000000000,2.545244321555560371,1.552110615542688984,4.097354937098249355,
2019-06-14,0.000000000000000000,0.000000000000000000,1.846506208026550937,0.038540022483384812,1.885046230509935749,
2019-06-15,0.000000000000000000,0.000000000000000000,2.356415577761841090,0.411484498244799738,2.767900076006640828,
2019-06-16,0.000000000000000000,0.000000000000000000,2.594557219889010983,0.000000000000000000,2.594557219889010983,
2019-06-17,0.000000000000000000,0.000000000000000000,0.959776377326970945,0.000000000000000000,0.959776377326970945,
2019-06-18,0.000000000000000000,0.000000000000000000,1.557696494486292918,0.047218351108072111,1.604914845594365029,
2019-06-19,0.000000000000000000,0.000000000000000000,3.547840481133306018,0.281031332909015321,3.828871814042321339,
2019-06-20,0.000000000000000000,0.000000000000000000,1.952236631146657194,0.092137303733868246,2.044373934880525440,
2019-06-21,0.000000000000000000,0.000000000000000000,2.184733156703409333,0.172947291898955465,2.357680448602364798,
2019-06-22,0.000000000000000000,0.000000000000000000,1.337158529255943110,0.000000000000000000,1.337158529255943110,
2019-06-23,0.000000000000000000,0.000000000000000000,1.256907531605718596,0.878770273322605712,2.135677804928324308,
2019-06-24,0.000000000000000000,0.000000000000000000,1.383313323576571117,0.097479737533553761,1.480793061110124878,
2019-06-25,0.000000000000000000,0.000000000000000000,0.533486785401255311,0.032290782145139761,0.565777567546395072,
2019-06-26,0.000000000000000000,0.000000000000000000,0.653161653890386880,0.000000000000000000,0.653161653890386880,
2019-06-27,0.000000000000000000,0.000000000000000000,0.809299762376153652,0.000000000000000000,0.809299762376153652,
2019-06-28,0.000000000000000000,0.000000000000000000,0.791396720284731017,0.000000000000000000,0.791396720284731017,
2019-06-29,0.000000000000000000,0.000000000000000000,1.033223387495443217,0.002794715762258620,1.036018103257701837,
2019-06-30,0.000000000000000000,0.000000000000000000,0.993432298822823911,0.502186214384068039,1.495618513206891950,
2019-07-01,0.000000000000000000,0.000000000000000000,1.533756165557281919,0.035609881713575664,1.569366047270857583,
2019-07-02,0.000000000000000000,0.000000000000000000,0.087304524198048921,0.000000000000000000,0.087304524198048921,
2019-07-03,0.000000000000000000,0.000000000000000000,1.018204800183186308,0.050771951066150559,1.068976751249336867,
2019-07-04,0.000000000000000000,0.000000000000000000,0.421863216513574100,0.251886498778566587,0.673749715292140687,
2019-07-05,0.000000000000000000,0.000000000000000000,0.538135117427762194,0.000000000000000000,0.538135117427762194,
2019-07-06,0.000000000000000000,0.000000000000000000,2.687891586443866811,0.000000000000000000,2.687891586443866811,
2019-07-07,0.000000000000000000,0.000000000000000000,1.753210522027645279,0.194839730695329164,1.948050252722974443,
2019-07-08,0.000000000000000000,0.000000000000000000,1.594389889985800794,0.016380434833812329,1.610770324819613123,
2019-07-09,0.000000000000000000,0.000000000000000000,1.054873275646822609,0.015944555897365499,1.070817831544188108,
2019-07-10,0.000000000000000000,0.000000000000000000,0.697965333555273437,0.233279481931577695,0.931244815486851132,
2019-07-11,0.000000000000000000,0.000000000000000000,1.212160344380074883,0.073789186631843698,1.285949531011918581,
2019-07-12,0.000000000000000000,0.000000000000000000,0.642540981492941152,0.093665427166028992,0.736206408658970144,
2019-07-13,0.000000000000000000,0.000000000000000000,0.630891004609016448,0.110170950719793162,0.741061955328809610,
2019-07-14,0.000000000000000000,0.000000000000000000,2.176537106973748536,0.082198170691263750,2.258735277665012286,
2019-07-15,0.000000000000000000,0.000000000000000000,1.082264311828661083,0.000000000000000000,1.082264311828661083,
2019-07-16,0.000000000000000000,0.000000000000000000,1.457294952112663730,0.000000000000000000,1.457294952112663730,
2019-07-17,0.000000000000000000,0.000000000000000000,0.814189602034262598,0.092055323802374496,0.906244925836637094,
2019-07-18,0.000000000000000000,0.000000000000000000,2.460284434751166420,0.000000000000000000,2.460284434751166420,
2019-07-19,0.000000000000000000,0.000000000000000000,1.203166113951442178,0.228201683822750599,1.431367797774192777,
2019-07-20,0.000000000000000000,0.000000000000000000,1.297450063935138882,0.000000000000000000,1.297450063935138882,
2019-07-21,0.000000000000000000,0.000000000000000000,4.426097898491282642,0.556118897012080261,4.982216795503362903,
2019-07-22,0.000000000000000000,0.000000000000000000,1.139673049789369517,0.023282364465914246,1.162955414255283763,
2019-07-23,0.000000000000000000,0.000000000000000000,2.489766165509941375,0.117790354027698994,2.607556519537640369,
2019-07-24,0.000000000000000000,0.000000000000000000,1.259409303272672793,0.071746490301646082,1.331155793574318875,
2019-07-25,0.000000000000000000,0.000000000000000000,0.680630811581681127,0.000000000000000000,0.680630811581681127,
2019-07-26,0.000000000000000000,0.000000000000000000,1.738550340076476793,0.117234217109841297,1.855784557186318090,
2019-07-27,0.000000000000000000,0.000000000000000000,4.861312268776761327,0.067351547221940365,4.928663815998701692,
2019-07-28,0.000000000000000000,0.000000000000000000,1.796197019493656194,0.096592003727165837,1.892789023220822031,
2019-07-29,0.000000000000000000,0.000000000000000000,1.053645792355747512,0.047620181432944441,1.101265973788691953,
2019-07-30,0.000000000000000000,0.000000000000000000,0.382063856399780999,0.071551230681247624,0.453615087081028623,
2019-07-31,0.000000000000000000,0.000000000000000000,0.863172893780091263,0.000000000000000000,0.863172893780091263,
2019-08-01,0.000000000000000000,0.000000000000000000,0.630598924108802339,0.046684755117346398,0.677283679226148737,
2019-08-02,0.000000000000000000,0.000000000000000000,0.366799072673824546,0.496126393040379288,0.862925465714203834,
2019-08-03,0.000000000000000000,0.000000000000000000,0.559667170245699086,0.000000000000000000,0.559667170245699086,
2019-08-04,0.000000000000000000,0.000000000000000000,0.814619153017993714,0.247912164225662446,1.062531317243656160,
2019-08-05,0.000000000000000000,0.000000000000000000,0.586649503170256531,0.044532435752125767,0.631181938922382298,
2019-08-06,0.000000000000000000,0.000000000000000000,0.764029512757696383,0.043142313201955695,0.807171825959652078,
2019-08-07,0.000000000000000000,0.000000000000000000,0.774416414374303649,0.000000000000000000,0.774416414374303649,
2019-08-08,0.000000000000000000,0.000000000000000000,0.381133066565659467,0.045773952864130706,0.426907019429790173,
2019-08-09,0.000000000000000000,0.000000000000000000,0.498034536569607541,0.000000000000000000,0.498034536569607541,
2019-08-10,0.000000000000000000,0.000000000000000000,1.056947728476100191,0.000000000000000000,1.056947728476100191,
2019-08-11,0.000000000000000000,0.000000000000000000,0.850789540460618795,0.046593457200324139,0.897382997660942934,
2019-08-12,0.000000000000000000,0.000000000000000000,1.673888587596473022,0.140859001310799736,1.814747588907272758,
2019-08-13,0.000000000000000000,0.000000000000000000,1.664764262137133678,0.024250593952591548,1.689014856089725226,
2019-08-14,0.000000000000000000,0.000000000000000000,1.587033108448458616,0.000000000000000000,1.587033108448458616,
2019-08-15,0.000000000000000000,0.000000000000000000,0.891701590397518428,0.053212717839623083,0.944914308237141511,
2019-08-16,0.000000000000000000,0.000000000000000000,1.438198403254038917,0.108029515912612017,1.546227919166650934,
2019-08-17,0.000000000000000000,0.000000000000000000,1.328512961570314214,0.053965990754362214,1.382478952324676428,
2019-08-18,0.000000000000000000,0.000000000000000000,0.498370446265131694,0.000000000000000000,0.498370446265131694,
2019-08-19,0.000000000000000000,0.000000000000000000,1.158342673169579635,0.000000000000000000,1.158342673169579635,
2019-08-20,0.000000000000000000,0.000000000000000000,0.928796897074948492,0.253908066013565262,1.182704963088513754,
2019-08-21,0.000000000000000000,0.000000000000000000,0.930042072622599360,0.027090359895461465,0.957132432518060825,
2019-08-22,0.000000000000000000,0.000000000000000000,0.825291191744860956,0.026070849568495053,0.851362041313356009,
2019-08-23,0.000000000000000000,0.000000000000000000,2.130845913227853910,0.000000000000000000,2.130845913227853910,
2019-08-24,0.000000000000000000,0.000000000000000000,0.921613720757332328,0.000000000000000000,0.921613720757332328,
2019-08-25,0.000000000000000000,0.000000000000000000,1.514874193731479336,0.814724366500437236,2.329598560231916572,
2019-08-26,0.000000000000000000,0.000000000000000000,1.267296050871183345,0.026868522502557833,1.294164573373741178,
2019-08-27,0.000000000000000000,0.000000000000000000,2.645417318113922340,0.106513146551293156,2.751930464665215496,
2019-08-28,0.000000000000000000,0.000000000000000000,3.375731476940344926,0.026966270980994970,3.402697747921339896,
2019-08-29,0.000000000000000000,0.000000000000000000,2.636133450597892973,0.000000000000000000,2.636133450597892973,
2019-08-30,0.000000000000000000,0.000000000000000000,0.680953534856151119,0.118772004828219805,0.799725539684370924,
2019-08-31,0.000000000000000000,0.000000000000000000,4.529663837031419166,0.000000000000000000,4.529663837031419166,
2019-09-01,0.000000000000000000,0.000000000000000000,2.367645958859403048,0.058665907461028397,2.426311866320431445,
2019-09-02,0.000000000000000000,0.000000000000000000,2.166845851701412242,0.000000000000000000,2.166845851701412242,
2019-09-03,0.000000000000000000,0.000000000000000000,0.810421428916446865,0.137225817468597712,0.947647246385044577,
2019-09-04,0.000000000000000000,0.000000000000000000,2.168197736264509972,0.000000000000000000,2.168197736264509972,
2019-09-05,0.000000000000000000,0.000000000000000000,1.502788567828478942,0.144826523802755865,1.647615091631234807,
2019-09-06,0.000000000000000000,0.000000000000000000,1.020077438982074739,0.073065728898955953,1.093143167881030692,
2019-09-07,0.000000000000000000,0.000000000000000000,0.957364960580627810,0.000000000000000000,0.957364960580627810,
2019-09-08,0.000000000000000000,0.000000000000000000,1.135764167065566096,0.000000000000000000,1.135764167065566096,
2019-09-09,0.000000000000000000,0.000000000000000000,0.917853567162061526,0.000000000000000000,0.917853567162061526,
2019-09-10,0.000000000000000000,0.000000000000000000,1.443853538702817187,0.000000000000000000,1.443853538702817187,
2019-09-11,0.000000000000000000,0.000000000000000000,0.448578627229676360,0.167185722047402294,0.615764349277078654,
2019-09-12,0.000000000000000000,0.000000000000000000,0.896053514400711092,1.282100760190966202,2.178154274591677294,
2019-09-13,0.000000000000000000,0.000000000000000000,1.085087184763142060,0.278614764123796131,1.363701948886938191,
2019-09-14,0.000000000000000000,0.000000000000000000,2.459886737611075490,0.132615614869958833,2.592502352481034323,
2019-09-15,0.000000000000000000,0.000000000000000000,1.944353006456891141,0.053487376979092682,1.997840383435983823,
2019-09-16,0.000000000000000000,0.000000000000000000,1.583716117558362516,0.201270052509229420,1.784986170067591936,
2019-09-17,0.000000000000000000,0.000000000000000000,0.906274143471635388,0.025192008951393108,0.931466152423028496,
2019-09-18,0.000000000000000000,0.000000000000000000,0.474893086834629717,0.000000000000000000,0.474893086834629717,
2019-09-19,0.000000000000000000,0.000000000000000000,0.546007436526315293,0.048300440862206412,0.594307877388521705,
2019-09-20,0.000000000000000000,0.000000000000000000,1.102581148331134599,0.000000000000000000,1.102581148331134599,
2019-09-21,0.000000000000000000,0.000000000000000000,0.276810951270185772,0.000000000000000000,0.276810951270185772,
2019-09-22,0.000000000000000000,0.000000000000000000,0.574789913031449370,0.024131001822194496,0.598920914853643866,
2019-09-23,0.000000000000000000,0.000000000000000000,0.914286742852137265,0.000000000000000000,0.914286742852137265,
2019-09-24,0.000000000000000000,0.000000000000000000,1.173502831759914772,0.529774306808966355,1.703277138568881127,
2019-09-25,0.000000000000000000,0.000000000000000000,0.476275066672843935,0.000000000000000000,0.476275066672843935,
2019-09-26,0.000000000000000000,0.000000000000000000,1.572718708118119822,0.091176057204010600,1.663894765322130422,
2019-09-27,0.000000000000000000,0.000000000000000000,0.902943923968043498,0.000000000000000000,0.902943923968043498,
2019-09-28,0.000000000000000000,0.000000000000000000,1.292186402407588317,0.145489812815359538,1.437676215222947855,
2019-09-29,0.000000000000000000,0.000000000000000000,2.702438356910996597,0.208203671442728738,2.910642028353725335,
2019-09-30,0.000000000000000000,0.000000000000000000,11.231680537589521496,2.123653608135627057,13.355334145725148553,
2019-10-01,0.000000000000000000,0.000000000000000000,10.338334516536420873,0.165380847878376164,10.503715364414797037,
2019-10-02,0.000000000000000000,0.000000000000000000,5.536944685739355180,1.048810608383757685,6.585755294123112865,
2019-10-03,0.000000000000000000,0.000000000000000000,4.654769746684907855,0.173736509675807866,4.828506256360715721,
2019-10-04,0.000000000000000000,0.000000000000000000,3.554988808217895348,0.014289897803141138,3.569278706021036486,
2019-10-05,0.000000000000000000,0.000000000000000000,2.371003740106393260,0.370520031770040756,2.741523771876434016,
2019-10-06,0.000000000000000000,0.000000000000000000,3.257859285777836616,0.000000000000000000,3.257859285777836616,
2019-10-07,0.000000000000000000,0.000000000000000000,3.540970525052953332,0.000000000000000000,3.540970525052953332,
2019-10-08,0.000000000000000000,0.000000000000000000,2.657172511458513092,0.185652486533272500,2.842824997991785592,
2019-10-09,0.000000000000000000,0.000000000000000000,1.898945138873445210,0.277015857919541947,2.175960996792987157,
2019-10-10,0.000000000000000000,0.000000000000000000,2.787195366561752624,0.181171198495652862,2.968366565057405486,
2019-10-11,0.000000000000000000,0.000000000000000000,1.754635210820735213,0.082219356668719438,1.836854567489454651,
2019-10-12,0.000000000000000000,0.000000000000000000,2.540528619523969882,3.792542885374588965,6.333071504898558847,
2019-10-13,0.000000000000000000,0.000000000000000000,2.276706888846386925,0.219125586962529520,2.495832475808916445,
2019-10-14,0.000000000000000000,0.000000000000000000,1.605106665399371319,0.327683793225627956,1.932790458624999275,
2019-10-15,0.000000000000000000,0.000000000000000000,1.750048444232822175,0.108204283875506799,1.858252728108328974,
2019-10-16,0.000000000000000000,0.000000000000000000,3.408860334533005659,0.334860157252895678,3.743720491785901337,
2019-10-17,0.000000000000000000,0.000000000000000000,3.996792153333989850,0.056973525843590407,4.053765679177580257,
2019-10-18,0.000000000000000000,0.000000000000000000,5.246387093319740491,0.464598173038374920,5.710985266358115411,
2019-10-19,0.000000000000000000,0.000000000000000000,6.362751402863506019,0.548615004901231540,6.911366407764737559,
2019-10-20,0.000000000000000000,0.000000000000000000,4.996371707179545639,2.773362926134501112,7.769734633314046751,
2019-10-21,0.000000000000000000,0.000000000000000000,5.022886517303828553,0.860515149540871447,5.883401666844700000,
2019-10-22,0.000000000000000000,0.000000000000000000,8.529223297366951984,0.317228817091763320,8.846452114458715304,
2019-10-23,0.000000000000000000,0.000000000000000000,6.121542546436637169,0.124852850502231682,6.246395396938868851,
2019-10-24,0.000000000000000000,0.000000000000000000,4.521081348374252132,0.093262909134886190,4.614344257509138322,
2019-10-25,0.000000000000000000,0.000000000000000000,4.516557576958241678,0.248098576591766867,4.764656153550008545,
2019-10-26,0.000000000000000000,0.000000000000000000,3.137190649110301329,0.244535601735535442,3.381726250845836771,
2019-10-27,0.000000000000000000,0.000000000000000000,2.936425295420331516,4.503229905821961630,7.439655201242293146,
2019-10-28,0.000000000000000000,0.000000000000000000,3.097076877946714665,0.763473063058479647,3.860549941005194312,
2019-10-29,0.000000000000000000,0.000000000000000000,4.199263695060914848,0.000000000000000000,4.199263695060914848,
2019-10-30,0.000000000000000000,0.000000000000000000,4.433093832860461985,2.150573841896152331,6.583667674756614316,
2019-10-31,0.000000000000000000,0.000000000000000000,2.549809318221498162,0.000000000000000000,2.549809318221498162,
2019-11-01,0.000000000000000000,0.000000000000000000,3.194326484028091128,0.357875104707729098,3.552201588735820226,
2019-11-02,0.000000000000000000,0.000000000000000000,2.424249474155786113,0.000000000000000000,2.424249474155786113,
2019-11-03,0.000000000000000000,0.000000000000000000,3.532502297892819053,0.000000000000000000,3.532502297892819053,
2019-11-04,0.000000000000000000,0.000000000000000000,2.270123537532192286,0.082780491960134127,2.352904029492326413,
2019-11-05,0.000000000000000000,0.000000000000000000,2.307633359337487418,0.343939507282986609,2.651572866620474027,
2019-11-06,0.000000000000000000,0.000000000000000000,126.676198457128615821,8.838473104320190847,135.514671561448806668,
2019-11-07,0.000000000000000000,0.000000000000000000,199.422879660260206507,6.190927831021154318,205.613807491281360825,
2019-11-08,0.000000000000000000,0.000000000000000000,71.368495996773882416,0.980310924746241750,72.348806921520124166,
2019-11-09,0.000000000000000000,0.000000000000000000,53.668411114602830527,0.489513430285430463,54.157924544888260990,
2019-11-10,0.000000000000000000,0.000000000000000000,51.452878557888143359,6.327691530730343914,57.780570088618487273,
2019-11-11,0.000000000000000000,0.000000000000000000,73.632538323883248981,0.779749560755414386,74.412287884638663367,
2019-11-12,0.000000000000000000,0.000000000000000000,83.871284912445532656,1.507224290353021298,85.378509202798553954,
2019-11-13,0.000000000000000000,0.000000000000000000,43.433133462158643502,0.214159521131495471,43.647292983290138973,
2019-11-14,0.000000000000000000,0.000000000000000000,63.194090690230972035,0.486467857833136301,63.680558548064108336,
2019-11-15,0.000000000000000000,0.000000000000000000,25.602691105930556575,0.549509296679386553,26.152200402609943128,
2019-11-16,0.000000000000000000,0.000000000000000000,19.610113842206868420,0.470384092055212501,20.080497934262080921,
2019-11-17,0.000000000000000000,0.000000000000000000,20.640529257892330828,0.274417765957153812,20.914947023849484640,
2019-11-18,0.000000000000000000,0.000000000000000000,29.601714805114771690,0.226241002539455007,29.827955807654226697,
2019-11-19,0.000000000000000000,0.000000000000000000,25.504430867861936287,4.010696997250496823,29.515127865112433110,
2019-11-20,0.000000000000000000,0.000000000000000000,32.717225203235336468,0.629168294087985607,33.346393497323322075,
2019-11-21,0.000000000000000000,0.000000000000000000,23.688916720221496996,0.088634942115669708,23.777551662337166704,
2019-11-22,0.000000000000000000,0.000000000000000000,7.247691519924521271,0.033472633669936824,7.281164153594458095,
2019-11-23,0.000000000000000000,0.000000000000000000,11.907835873483667844,0.032898194547876561,11.940734068031544405,
2019-11-24,0.000000000000000000,0.000000000000000000,15.403964007873461499,0.068875959910710766,15.472839967784172265,
2019-11-25,0.000000000000000000,0.000000000000000000,17.856233903929671124,0.136590824947141875,17.992824728876812999,
2019-11-26,0.000000000000000000,0.000000000000000000,18.731483146769218730,0.308529614664777403,19.040012761433996133,
2019-11-27,0.000000000000000000,0.000000000000000000,32.841311396386507293,3.428776674858863980,36.270088071245371273,
2019-11-28,0.000000000000000000,0.000000000000000000,12.563797064446319590,0.689630078089607059,13.253427142535926649,
2019-11-29,0.000000000000000000,0.000000000000000000,14.100636972251811488,0.193833011474802457,14.294469983726613945,
2019-11-30,0.000000000000000000,0.000000000000000000,12.598342695229792450,0.131792088974714216,12.730134784204506666,
2019-12-01,0.000000000000000000,0.000000000000000000,15.551116408530874114,0.442910020977310544,15.994026429508184658,
2019-12-02,0.000000000000000000,0.000000000000000000,11.140250444113118588,1.212017351668728818,12.352267795781847406,
2019-12-03,0.000000000000000000,0.000000000000000000,12.156696259858493611,0.136230210582596330,12.292926470441089941,
2019-12-04,0.000000000000000000,0.000000000000000000,20.117230193262195964,0.000000000000000000,20.117230193262195964,
2019-12-05,0.000000000000000000,0.000000000000000000,22.892767274239482079,0.877939897781183444,23.770707172020665523,
2019-12-06,0.000000000000000000,0.000000000000000000,8.230638022581706801,0.951650274990593862,9.182288297572300663,
2019-12-07,0.000000000000000000,0.000000000000000000,13.070171696494181395,0.404289813797962207,13.474461510292143602,
2019-12-08,0.000000000000000000,0.000000000000000000,7.983101506523054154,0.100996108481158967,8.084097615004213121,
2019-12-09,0.000000000000000000,0.000000000000000000,10.185003381518959359,0.165932816087649250,10.350936197606608609,
2019-12-10,0.000000000000000000,0.000000000000000000,18.217987391647104289,0.102013190066715967,18.320000581713820256,
2019-12-11,0.000000000000000000,0.000000000000000000,14.732566437644299898,0.103861823680010202,14.836428261324310100,
2019-12-12,0.000000000000000000,0.000000000000000000,9.618465993727140640,0.764124093609232743,10.382590087336373383,
2019-12-13,0.000000000000000000,0.000000000000000000,2.978890717178492376,1.004763903569310118,3.983654620747802494,
2019-12-14,0.000000000000000000,0.000000000000000000,17.361114837352043765,0.208867311972399096,17.569982149324442861,
2019-12-15,0.000000000000000000,0.000000000000000000,10.499886944705092765,0.000000000000000000,10.499886944705092765,
2019-12-16,0.000000000000000000,0.000000000000000000,15.846570119641012539,0.035507216789538051,15.882077336430550590,
2019-12-17,0.000000000000000000,0.000000000000000000,9.590098880404573256,1.789877650370505040,11.379976530775078296,
2019-12-18,0.000000000000000000,0.000000000000000000,14.185078272049320917,0.192346682985307046,14.377424955034627963,
2019-12-19,0.000000000000000000,0.000000000000000000,9.788601222510858156,0.275951599725483691,10.064552822236341847,
2019-12-20,0.000000000000000000,0.000000000000000000,6.377745929324549469,0.118039994915393367,6.495785924239942836,
2019-12-21,0.000000000000000000,0.000000000000000000,2.275320412118372747,0.351192460305133846,2.626512872423506593,
2019-12-22,0.000000000000000000,0.000000000000000000,4.224633479242019075,0.000000000000000000,4.224633479242019075,
2019-12-23,0.000000000000000000,0.000000000000000000,12.345179795926918698,0.077582910804990026,12.422762706731908724,
2019-12-24,0.000000000000000000,0.000000000000000000,4.565896109345059774,0.117612951726911194,4.683509061071970968,
2019-12-25,0.000000000000000000,0.000000000000000000,4.400809710282072617,0.079888580209788745,4.480698290491861362,
2019-12-26,0.000000000000000000,0.000000000000000000,9.655706586329787366,0.156012532516800963,9.811719118846588329,
2019-12-27,0.000000000000000000,0.000000000000000000,5.534814192736573976,0.552509146447735964,6.087323339184309940,
2019-12-28,0.000000000000000000,0.000000000000000000,10.062427201665706032,0.079018287018380710,10.141445488684086742,
2019-12-29,0.000000000000000000,0.000000000000000000,3.825030764723722868,0.000000000000000000,3.825030764723722868,
2019-12-30,0.000000000000000000,0.000000000000000000,7.962942343885907087,0.223502242277727928,8.186444586163635015,
2019-12-31,0.000000000000000000,0.000000000000000000,17.068294329041469132,0.076652831097534288,17.144947160139003420,
2020-01-01,0.000000000000000000,0.000000000000000000,4.913183782326907111,0.114509716550608693,5.027693498877515804,
2020-01-02,0.000000000000000000,0.000000000000000000,6.611761083164810082,2.549278696015755179,9.161039779180565261,
2020-01-03,0.000000000000000000,0.000000000000000000,9.884339436254124729,0.537303245012265935,10.421642681266390664,
2020-01-04,0.000000000000000000,0.000000000000000000,4.041425875383135699,0.336010037038357042,4.377435912421492741,
2020-01-05,0.000000000000000000,0.000000000000000000,6.179977671347270288,0.147729238653726617,6.327706910000996905,
2020-01-06,0.000000000000000000,0.000000000000000000,6.954889468170340227,0.253447405587174743,7.208336873757514970,
2020-01-07,0.000000000000000000,0.000000000000000000,12.192669750529574540,0.314647615322843381,12.507317365852417921,
2020-01-08,0.000000000000000000,0.000000000000000000,4.511743514423475890,0.413102696993242126,4.924846211416718016,
2020-01-09,0.000000000000000000,0.000000000000000000,8.525598131767001719,0.322249156270880540,8.847847288037882259,
2020-01-10,0.000000000000000000,0.000000000000000000,12.583809592250606280,0.175806013784870054,12.759615606035476334,
2020-01-11,0.000000000000000000,0.000000000000000000,5.860792657909586734,0.756388300258271785,6.617180958167858519,
2020-01-12,0.000000000000000000,0.000000000000000000,4.818462717461824806,1.275236612596558143,6.093699330058382949,
2020-01-13,0.000000000000000000,0.000000000000000000,4.613570126742418990,0.104814956637226982,4.718385083379645972,
2020-01-14,0.000000000000000000,0.000000000000000000,4.651659388343534409,0.537407986223243680,5.189067374566778089,
2020-01-15,0.000000000000000000,0.000000000000000000,2.674612153409621885,0.031028834045884785,2.705640987455506670,449.89
2020-01-16,0.000000000000000000,0.000000000000000000,6.515183019210903692,0.184022968835410684,6.699205988046314376,
2020-01-17,0.000000000000000000,0.000000000000000000,3.246305270944185246,0.383915168226475568,3.630220439170660814,
2020-01-18,0.000000000000000000,0.000000000000000000,5.319269952050734507,4.552176267318600175,9.871446219369334682,
2020-01-19,0.000000000000000000,0.000000000000000000,6.718656862192629503,0.113454291252140028,6.832111153444769531,
2020-01-20,0.000000000000000000,0.000000000000000000,12.181617127106580311,3.899163459175105893,16.080780586281686204,
2020-01-21,0.000000000000000000,0.000000000000000000,5.592777017430392455,0.300830526914534949,5.893607544344927404,
2020-01-22,0.000000000000000000,0.000000000000000000,3.485858330091906381,0.119441312213748876,3.605299642305655257,
2020-01-23,0.000000000000000000,0.000000000000000000,7.806584630727086951,0.185836604097124740,7.992421234824211691,
2020-01-24,0.000000000000000000,0.000000000000000000,4.296997540802691132,0.123331974729541162,4.420329515532232294,
2020-01-25,0.000000000000000000,0.000000000000000000,3.333363804057420570,0.975070793412727433,4.308434597470148003,
2020-01-26,0.000000000000000000,0.000000000000000000,1.825107584507267732,0.060459451607924679,1.885567036115192411,
2020-01-27,0.000000000000000000,0.000000000000000000,5.532108627353461543,0.000000000000000000,5.532108627353461543,
2020-01-28,0.000000000000000000,0.000000000000000000,10.857917714079790661,0.233584727514707862,11.091502441594498523,
2020-01-29,0.000000000000000000,0.000000000000000000,5.965728186880671343,0.227237365882476561,6.192965552763147904,
2020-01-30,0.000000000000000000,0.000000000000000000,6.758698925219454961,0.375016368179612214,7.133715293399067175,
2020-01-31,0.000000000000000000,0.000000000000000000,3.193940009421718283,0.736914680213056538,3.930854689634774821,
2020-02-01,0.000000000000000000,0.000000000000000000,7.611122887213128353,1.702333215844270945,9.313456103057399298,
2020-02-02,0.000000000000000000,0.000000000000000000,4.012965489302361941,15.658166080115754030,19.671131569418115971,
2020-02-03,0.000000000000000000,0.000000000000000000,2.497883073394660187,0.446617600670356992,2.944500674065017179,
2020-02-04,0.000000000000000000,0.000000000000000000,0.000000000000000000,0.000000000000000000,0.000000000000000000,0.00
2020-02-05,0.000000000000000000,0.000000000000000000,0.000000000000000000,0.000000000000000000,0.000000000000000000,0.00
2020-02-06,0.000000000000000000,0.000000000000000000,0.000000000000000000,0.000000000000000000,0.000000000000000000,0.00
2020-02-07,0.000000000000000000,0.000000000000000000,0.000000000000000000,0.000000000000000000,0.000000000000000000,0.00
2020-02-08,0.000000000000000000,0.000000000000000000,0.000000000000000000,0.000000000000000000,0.000000000000000000,0.00
2020-02-09,0.000000000000000000,0.000000000000000000,0.000000000000000000,0.000000000000000000,0.000000000000000000,0.00
2020-02-10,0.000000000000000000,0.000000000000000000,12.396057700210763998,0.134004591099872622,12.530062291310636620,
2020-02-11,0.000000000000000000,0.000000000000000000,23.291284286703615019,6.063133023442409384,29.354417310146024403,
2020-02-12,0.000000000000000000,0.000000000000000000,5.961767736132345626,2.081900980193638582,8.043668716325984208,
2020-02-13,0.000000000000000000,0.000000000000000000,5.897271663102314956,3.815420382995346882,9.712692046097661838,
2020-02-14,0.000000000000000000,0.000000000000000000,16.064994596601190782,6.363198176522674213,22.428192773123864995,
2020-02-15,0.000000000000000000,0.000000000000000000,4.119351609351027498,0.200716285210721946,4.320067894561749444,
2020-02-16,0.000000000000000000,0.000000000000000000,4.467310834365842018,0.690033923244342875,5.157344757610184893,
2020-02-17,0.000000000000000000,0.000000000000000000,9.693573849893811053,1.223688838377732325,10.917262688271543378,
2020-02-18,0.000000000000000000,0.000000000000000000,2.541314313508775961,1.264408079479678162,3.805722392988454123,
2020-02-19,0.000000000000000000,0.000000000000000000,6.087679714489514824,1.870924112834777247,7.958603827324292071,
2020-02-20,0.000000000000000000,0.000000000000000000,3.998500447330912900,0.391864153096861026,4.390364600427773926,
2020-02-21,0.000000000000000000,0.000000000000000000,7.570462980305557981,0.076018117539674470,7.646481097845232451,
2020-02-22,0.000000000000000000,0.000000000000000000,7.342496013680316249,0.992998731056693134,8.335494744737009383,
2020-02-23,0.000000000000000000,0.000000000000000000,6.057524780807904537,6.988046087023976960,13.045570867831881497,
2020-02-24,0.000000000000000000,0.000000000000000000,6.689719761168253662,8.662404054541362072,15.352123815709615734,
2020-02-25,0.000000000000000000,0.000000000000000000,2.557917345725565811,8.069387078749869090,10.627304424475434901,
2020-02-26,0.000000000000000000,0.000000000000000000,6.590231737188144352,11.695949060434777772,18.286180797622922124,
2020-02-27,0.000000000000000000,0.000000000000000000,4.824638328008667475,9.877125190589328838,14.701763518597996313,
2020-02-28,0.000000000000000000,0.000000000000000000,5.798932938627695216,2.080269324615727597,7.879202263243422813,
2020-02-29,0.000000000000000000,0.000000000000000000,4.800969004959566922,0.884787928619359422,5.685756933578926344,
2020-03-01,0.000000000000000000,0.000000000000000000,8.329117413064903246,1.915765465741073877,10.244882878805977123,
2020-03-02,0.000000000000000000,0.000000000000000000,4.387671185450241122,0.294835912343953232,4.682507097794194354,
2020-03-03,0.000000000000000000,0.000000000000000000,3.429785063150948873,0.243573321776922723,3.673358384927871596,
2020-03-04,0.000000000000000000,0.000000000000000000,6.209835369821791824,0.716435913680640619,6.926271283502432443,
2020-03-05,0.000000000000000000,0.000000000000000000,11.136492717316122132,0.857161120290562398,11.993653837606684530,
2020-03-06,0.000000000000000000,0.000000000000000000,5.229447359993730978,0.881544672484568973,6.110992032478299951,
2020-03-07,0.000000000000000000,0.000000000000000000,2.663835933098209786,0.539247697019576838,3.203083630117786624,
2020-03-08,0.000000000000000000,0.000000000000000000,3.348515678595954100,0.349461860939274468,3.697977539535228568,
2020-03-09,0.000000000000000000,0.000000000000000000,4.301877868638079326,0.148908335102642458,4.450786203740721784,
2020-03-10,0.000000000000000000,0.000000000000000000,1.468188920663375439,0.745682184186179741,2.213871104849555180,
2020-03-11,0.000000000000000000,0.000000000000000000,3.455285569990006959,1.639073738995394523,5.094359308985401482,
2020-03-12,0.000000000000000000,0.000000000000000000,0.314313195066489665,3.493831735694206710,3.808144930760696375,
2020-03-13,0.000000000000000000,0.000000000000000000,0.955390985047180183,8.603213248376820485,9.558604233424000668,
2020-03-14,0.000000000000000000,0.000000000000000000,1.819380959612527459,6.703460653792247247,8.522841613404774706,
2020-03-15,0.000000000000000000,0.000000000000000000,2.280459121275196865,5.458652648919637954,7.739111770194834819,
2020-03-16,0.000000000000000000,0.000000000000000000,1.004390896114744893,4.987967206004537528,5.992358102119282421,
2020-03-17,0.000000000000000000,0.000000000000000000,6.185324148886444758,13.951427603498743345,20.136751752385188103,
2020-03-18,0.000000000000000000,0.000000000000000000,1.259576305081389957,11.075124619453893802,12.334700924535283759,
2020-03-19,0.000000000000000000,0.000000000000000000,8.032570464671838504,0.698722734588973336,8.731293199260811840,
2020-03-20,0.000000000000000000,0.000000000000000000,32.238260672284514159,1.693218406722064624,33.931479079006578783,
2020-03-21,0.000000000000000000,0.000000000000000000,9.213282398243226652,1.544498945564301675,10.757781343807528327,
2020-03-22,0.000000000000000000,0.000000000000000000,3.442050697092500726,3.582689187205426989,7.024739884297927715,
2020-03-23,0.000000000000000000,0.000000000000000000,3.400351122317549042,5.960825866600541065,9.361176988918090107,
2020-03-24,0.000000000000000000,0.000000000000000000,6.867652143246754714,0.955015535968402227,7.822667679215156941,
2020-03-25,0.000000000000000000,0.000000000000000000,4.512609269313258668,4.468763255723320384,8.981372525036579052,
2020-03-26,0.000000000000000000,0.000000000000000000,2.607545306629221526,4.194999259620145072,6.802544566249366598,
2020-03-27,0.000000000000000000,0.000000000000000000,7.991923090589617169,6.085883688573874917,14.077806779163492086,
2020-03-28,0.000000000000000000,0.000000000000000000,4.941883770146277467,20.803414116455599485,25.745297886601876952,
2020-03-29,0.000000000000000000,0.000000000000000000,2.452524208858863274,6.189596407785391451,8.642120616644254725,
2020-03-30,0.000000000000000000,0.000000000000000000,3.580718669911840192,1.664446199342834298,5.245164869254674490,
2020-03-31,0.000000000000000000,0.000000000000000000,4.238003760832154175,2.525086601281354037,6.763090362113508212,
2020-04-01,0.000000000000000000,0.000000000000000000,6.090851390396001034,3.191317257299909154,9.282168647695910188,
2020-04-02,0.000000000000000000,0.000000000000000000,6.654500217587493327,18.476605689524050600,25.131105907111543927,
2020-04-03,0.000000000000000000,0.000000000000000000,7.920613496127754301,10.588500648757588792,18.509114144885343093,
2020-04-04,0.000000000000000000,0.000000000000000000,27.462352553039730954,5.684474946404405841,33.146827499444136795,
2020-04-05,0.000000000000000000,0.000000000000000000,3.180154506326244769,11.431307201248614138,14.611461707574858907,
2020-04-06,0.000000000000000000,0.000000000000000000,3.328358495733620074,4.291443013551765713,7.619801509285385787,
2020-04-07,0.000000000000000000,0.000000000000000000,4.033633642810198705,6.956627467286196148,10.990261110096394853,
2020-04-08,0.000000000000000000,0.000000000000000000,3.313163173892087511,2.937756224491874701,6.250919398383962212,1079.92
2020-04-09,0.000000000000000000,0.000000000000000000,2.785015153207162027,6.124449713788567578,8.909464866995729605,1521.36
2020-04-10,0.000000000000000000,0.000000000000000000,2.373328731230951630,4.398465600559250604,6.771794331790202234,1065.17
2020-04-11,0.000000000000000000,0.000000000000000000,2.428819540626741936,2.182816496421980024,4.611636037048721960,725.82
2020-04-12,0.000000000000000000,0.000000000000000000,3.130217339061424224,2.870166675393467476,6.000384014454891700,959.75
2020-04-13,0.000000000000000000,0.000000000000000000,4.538733000723341509,6.904182472586989157,11.442915473310330666,1795.68
2020-04-14,0.000000000000000000,0.000000000000000000,8.999102359917658889,1.604985800166442789,10.604088160084101678,1686.16
2020-04-15,0.000000000000000000,0.000000000000000000,27.702961477604216605,2.602120825566032924,30.305082303170249529,4646.60
2020-04-16,0.000000000000000000,0.000000000000000000,3.041590583895538703,3.259243247623445009,6.300833831518983712,1088.76
2020-04-17,0.000000000000000000,0.000000000000000000,5.387676081111782175,11.236539456917776889,16.624215538029559064,2839.25
2020-04-18,0.000000000000000000,0.000000000000000000,18.284008349871353181,4.547961123122057699,22.831969472993410880,4277.12
2020-04-19,0.000000000000000000,0.000000000000000000,21.405720594084642948,8.506248393112877177,29.911968987197520125,5416.21
2020-04-20,0.000000000000000000,0.000000000000000000,19.955260715975402818,10.773472130179602304,30.728732846155005122,5238.83
2020-04-21,0.000000000000000000,0.000000000000000000,6.565908140958610073,4.721861137709248889,11.287769278667858962,1930.08
2020-04-22,0.000000000000000000,0.000000000000000000,6.332771509047145719,8.345774219106505447,14.678545728153651166,2676.18
2020-04-23,0.000000000000000000,0.000000000000000000,4.090293535993007666,17.299683161294556193,21.389976697287563859,3955.26
2020-04-24,0.000000000000000000,0.000000000000000000,5.121798789862004613,14.115592186141046029,19.237390976003050642,3594.12
2020-04-25,0.000000000000000000,0.000000000000000000,10.020585369207459199,6.978358568354243809,16.998943937561703008,3288.64
2020-04-26,0.000000000000000000,0.000000000000000000,2.126883633181055995,8.394400063129257890,10.521283696310313885,2074.27
2020-04-27,0.000000000000000000,0.000000000000000000,1.823908516311750419,6.612641509724286335,8.436550026036036754,1662.42
2020-04-28,0.000000000000000000,0.000000000000000000,11.462794784047642728,15.966247883419831412,27.429042667467474140,5411.65
2020-04-29,0.000000000000000000,0.000000000000000000,9.227695558347760884,22.605420404636865356,31.833115962984626240,6855.18
2020-04-30,0.000000000000000000,0.000000000000000000,8.018135409612856532,25.322472848140944961,33.340608257753801493,6876.67
2020-05-01,0.000000000000000000,0.000000000000000000,3.891948663729937563,35.339376784038399423,39.231325447768336986,8334.30
2020-05-02,0.000000000000000000,0.000000000000000000,8.601730197348495140,52.666188924003331281,61.267919121351826421,13106.55
2020-05-03,0.000000000000000000,0.000000000000000000,21.093934961383211849,109.056785221156783734,130.150720182539995583,27364.59
2020-05-04,0.000000000000000000,0.000000000000000000,12.310572371836049485,26.478600682561034938,38.789173054397084423,8002.01
2020-05-05,0.000000000000000000,0.000000000000000000,11.832045377036976571,17.953466878593816592,29.785512255630793163,6107.82
2020-05-06,0.000000000000000000,0.000000000000000000,7.083752406636250306,14.278773704128770076,21.362526110765020382,4335.52
2020-05-07,0.000000000000000000,0.000000000000000000,6.886512345101622769,2.598300588322791122,9.484812933424413891,2022.45
2020-05-08,0.000000000000000000,0.000000000000000000,4.708952819839098550,6.020723003913821451,10.729675823752920001,2285.21
2020-05-09,0.000000000000000000,0.000000000000000000,2.922367513295074966,4.856092792568872207,7.778460305863947173,1637.52
2020-05-10,0.000000000000000000,0.000000000000000000,2.242126348412055936,1.181855940467943585,3.423982288879999521,642.87
2020-05-11,0.000000000000000000,0.000000000000000000,2.109352228418426719,3.691998881777397026,5.801351110195823745,1078.76
2020-05-12,0.000000000000000000,0.000000000000000000,5.091163182197172546,8.761766343118905721,13.852929525316078267,2625.46
2020-05-13,0.000000000000000000,0.000000000000000000,7.039019929482286966,2.716685229244228062,9.755705158726515028,1948.17
2020-05-14,0.000000000000000000,0.000000000000000000,1.949904695952839825,1.323670024444742316,3.273574720397582141,667.74
2020-05-15,0.000000000000000000,0.000000000000000000,5.770652081631549926,25.013267486278767842,30.783919567910317768,5997.63
2020-05-16,0.000000000000000000,0.000000000000000000,4.830164542475168228,4.650486518022649358,9.480651060497817586,1901.72
2020-05-17,0.000000000000000000,0.000000000000000000,11.053828027610781715,1.831369688308099446,12.885197715918881161,2663.55
2020-05-18,0.000000000000000000,0.000000000000000000,6.598269786974926367,1.561291654554827079,8.159561441529753446,1747.47
2020-05-19,0.000000000000000000,0.000000000000000000,4.598085853756367199,1.622898174693720069,6.220984028450087268,1328.04
2020-05-20,0.000000000000000000,0.000000000000000000,2.074515324304436457,1.368479296130643154,3.442994620435079611,720.48
2020-05-21,0.000000000000000000,0.000000000000000000,3.001230482509269975,2.489520031781204761,5.490750514290474736,1091.01
2020-05-22,0.000000000000000000,0.000000000000000000,2.659138917530252455,5.660153498145359517,8.319292415675611972,1721.18
2020-05-23,0.000000000000000000,0.000000000000000000,4.851061650224219135,9.067670719738177877,13.918732369962397012,2876.31
2020-05-24,0.000000000000000000,0.000000000000000000,4.726968227780131353,9.003615642093621322,13.730583869873752675,2783.81
2020-05-25,0.000000000000000000,0.000000000000000000,6.505614010718170644,3.104442955789973679,9.610056966508144323,1966.12
2020-05-26,0.000000000000000000,0.000000000000000000,7.089817639200827849,7.088508586965877705,14.178326226166705554,2852.40
2020-05-27,0.000000000000000000,0.000000000000000000,3.810685667603721588,1.824770542743490364,5.635456210347211952,1171.52
2020-05-28,0.000000000000000000,0.000000000000000000,5.678685216836405678,1.448109080646313842,7.126794297482719520,1567.97
2020-05-29,0.000000000000000000,0.000000000000000000,2.722098853763460703,2.504787391994909096,5.226886245758369799,1152.11
2020-05-30,0.000000000000000000,0.000000000000000000,8.899471842909885332,0.787142538676324388,9.686614381586209720,2355.14
2020-05-31,0.000000000000000000,0.000000000000000000,2.639122080209380790,1.321822457824067020,3.960944538033447810,915.58
2020-06-01,0.000000000000000000,0.000000000000000000,10.945108711660127955,5.824735015052258434,16.769843726712386389,4164.47
2020-06-02,0.000000000000000000,0.000000000000000000,6.982363904974705429,2.585075517221430912,9.567439422196136341,2263.08
2020-06-03,0.000000000000000000,0.000000000000000000,8.758534476332856171,2.405434361030365555,11.163968837363221726,2727.48
2020-06-04,0.000000000000000000,0.000000000000000000,6.002661574438340049,0.743564748935535890,6.746226323373875939,1646.01
2020-06-05,0.000000000000000000,0.000000000000000000,1.069974979471101762,0.832009737843520818,1.901984717314622580,458.86
2020-06-06,0.000000000000000000,0.000000000000000000,2.734571585024973166,4.055034455986661142,6.789606041011634308,1645.19
2020-06-07,0.000000000000000000,0.000000000000000000,3.075382944262295267,1.400238214034651705,4.475621158296946972,1096.66
2020-06-08,0.000000000000000000,0.000000000000000000,3.088538946624961498,2.974343991224504679,6.062882937849466177,1495.05
2020-06-09,0.000000000000000000,0.000000000000000000,0.907128655166493261,4.578976058783519848,5.486104713950013109,1344.10
2020-06-10,0.000000000000000000,0.000000000000000000,25.947137828834509064,4.876015116822902899,30.823152945657411963,7635.51
2020-06-11,0.000000000000000000,0.000000000000000000,1.670134735765949357,15.567203788972956634,17.237338524738905991,3983.51
2020-06-12,0.000000000000000000,0.000000000000000000,3.097147742331589673,4.850437325621786380,7.947585067953376053,1888.79
2020-06-13,0.000000000000000000,0.000000000000000000,2.457529168553137004,3.371074760664817424,5.828603929217954428,1388.55
2020-06-14,0.000000000000000000,0.000000000000000000,2.112271414300390375,7.185685508749855648,9.297956923050246023,2164.75
2020-06-15,0.000000000000000000,0.000000000000000000,1.751412693397473586,3.090564553859990663,4.841977247257464249,1117.94
2020-06-16,0.000000000000000000,0.000000000000000000,1.312904982333943403,2.367180540138071948,3.680085522472015351,865.35
2020-06-17,0.000000000000000000,0.000000000000000000,6.644714571616737267,2.538068633563327143,9.182783205180064410,2150.17
2020-06-18,0.000000000000000000,0.000000000000000000,3.115095732462995049,2.612368643068984571,5.727464375531979620,1327.91
2020-06-19,0.000000000000000000,0.000000000000000000,5.202283887482068947,3.439105804061013680,8.641389691543082627,1969.84
2020-06-20,0.000000000000000000,0.000000000000000000,3.028627758886182630,1.011043252506663867,4.039671011392846497,923.78
2020-06-21,0.000000000000000000,0.000000000000000000,6.230822364506709130,2.210819069781173323,8.441641434287882453,1922.67
2020-06-22,0.000000000000000000,0.000000000000000000,2.290032991366020937,1.278777204868575297,3.568810196234596234,868.84
2020-06-23,0.000000000000000000,0.000000000000000000,6.238324753017724891,3.046880679052141193,9.285205432069866084,2260.58
2020-06-24,0.000000000000000000,0.000000000000000000,2.918363548152572282,0.428242871563769887,3.346606419716342169,785.64
2020-06-25,0.000000000000000000,0.000000000000000000,0.429402086517537367,1.912254328450048166,2.341656414967585533,542.87
2020-06-26,0.000000000000000000,0.000000000000000000,12.290341681566597293,1.189671017992541194,13.480012699559138487,3107.15
2020-06-27,0.000000000000000000,0.000000000000000000,2.313172008483355523,2.162797159631982209,4.475969168115337732,986.27
2020-06-28,0.000000000000000000,0.000000000000000000,7.071930360363446664,1.940071286092691015,9.012001646456137679,2027.16
2020-06-29,0.000000000000000000,0.000000000000000000,4.136628960463356378,4.522502398354662506,8.659131358818018884,1975.77
2020-06-30,0.000000000000000000,0.000000000000000000,4.646490949107084103,0.440763329593427476,5.087254278700511579,1147.68
2020-07-01,0.000000000000000000,0.000000000000000000,7.460922566586942353,1.425613404891815651,8.886535971478758004,2056.97
2020-07-02,0.000000000000000000,0.000000000000000000,1.836132216787657222,0.672793719313181521,2.508925936100838743,571.34
2020-07-03,0.000000000000000000,0.000000000000000000,4.543862765208223576,1.652574208644101219,6.196436973852324795,1395.82
2020-07-04,0.000000000000000000,0.000000000000000000,2.922052268096584714,1.881274592328264613,4.803326860424849327,1100.54
2020-07-05,0.000000000000000000,0.000000000000000000,6.750033033666036029,6.668458995628268593,13.418492029294304622,3054.99
2020-07-06,0.000000000000000000,0.000000000000000000,2.380228624574239652,4.929582653878395015,7.309811278452634667,1763.24
2020-07-07,0.000000000000000000,0.000000000000000000,4.436612772616609181,7.402492282841244513,11.839105055457853694,2824.34
2020-07-08,0.000000000000000000,0.000000000000000000,1.092610327757438397,0.882958317574710657,1.975568645332149054,486.74
2020-07-09,0.000000000000000000,0.000000000000000000,2.744262141446509443,3.606871613234209347,6.351133754680718790,1533.77
2020-07-10,0.000000000000000000,0.000000000000000000,1.773713445033102645,5.186878668869248345,6.960592113902350990,1678.69
2020-07-11,0.000000000000000000,0.000000000000000000,4.931041642935131903,6.662513794510249195,11.593555437445381098,2768.54
2020-07-12,0.000000000000000000,0.000000000000000000,2.819986580379319416,6.259554996673204864,9.079541577052524280,2198.70
2020-07-13,0.000000000000000000,0.000000000000000000,4.027150841901058239,9.836887398026779601,13.864038239927837840,3313.94
2020-07-14,0.000000000000000000,0.000000000000000000,2.666434540752863337,7.040263171620133047,9.706697712372996384,2331.55
2020-07-15,0.000000000000000000,0.000000000000000000,2.673292333151372270,3.412685355607537992,6.085977688758910262,1449.14
2020-07-16,0.000000000000000000,0.000000000000000000,4.423709341983340812,1.474967352608385087,5.898676694591725899,1379.79
2020-07-17,0.000000000000000000,0.000000000000000000,8.192225953125598830,0.880143435932520403,9.072369389058119233,2108.96
2020-07-18,0.000000000000000000,0.000000000000000000,10.215542193352332223,1.235225090764123927,11.450767284116456150,2706.54
2020-07-19,0.000000000000000000,0.000000000000000000,1.622037706190163849,7.671204489484787324,9.293242195674951173,2214.84
2020-07-20,0.000000000000000000,0.000000000000000000,6.410096085439276681,21.374357265399937751,27.784453350839214432,6564.85
2020-07-21,0.000000000000000000,0.000000000000000000,10.408560091220763293,8.262624413169105698,18.671184504389868991,4577.59
2020-07-22,0.000000000000000000,0.000000000000000000,8.497923958380024837,2.991570317746164265,11.489494276126189102,3036.79
2020-07-23,0.000000000000000000,0.000000000000000000,3.167261762317333180,11.920812837829938929,15.088074600147272109,4148.78
2020-07-24,0.000000000000000000,0.000000000000000000,8.195807357399561985,13.368497633641646392,21.564304991041208377,6012.95
2020-07-25,0.000000000000000000,0.000000000000000000,1.346634630328456009,4.681787753992837114,6.028422384321293123,1833.85
2020-07-26,0.000000000000000000,0.000000000000000000,3.925368066769280625,10.354575895110247266,14.279943961879527891,4451.54
2020-07-27,0.000000000000000000,0.000000000000000000,3.471953506500776020,14.418010489654487530,17.889963996155263550,5775.87
2020-07-28,0.000000000000000000,0.000000000000000000,6.993893957375722142,83.527473168856039054,90.521367126231761196,28716.70
2020-07-29,0.000000000000000000,0.000000000000000000,5.452068559743264881,22.589502375435549959,28.041570935178814840,8892.21
2020-07-30,0.000000000000000000,0.000000000000000000,3.753370501046850360,36.080704006731395457,39.834074507778245817,13340.83
2020-07-31,0.000000000000000000,0.000000000000000000,5.466773048672253716,29.015557897775878242,34.482330946448131958,11959.85
2020-08-01,0.000000000000000000,0.000000000000000000,3.164109565777163192,56.642405812340918539,59.806515378118081731,23189.38
2020-08-02,0.000000000000000000,0.000000000000000000,251.456852304666793857,8.004594036770226074,259.461446341437019931,96138.25
2020-08-03,0.000000000000000000,0.000000000000000000,68.821266426887078508,6.777725316550983428,75.598991743438061936,29214.52
2020-08-04,0.000000000000000000,0.000000000000000000,20.248859525496196209,5.633491455956133829,25.882350981452330038,10079.38
2020-08-05,0.000000000000000000,0.000000000000000000,28.816686292557247619,4.198829207690039699,33.015515500247287318,13251.77
2020-08-06,0.000000000000000000,0.000000000000000000,9.228769795649804988,0.529251002164509051,9.758020797814314039,3845.30
2020-08-07,0.000000000000000000,0.000000000000000000,28.450690769397719028,0.434160443421478321,28.884851212819197349,10966.02
2020-08-08,0.000000000000000000,0.000000000000000000,0.957016359137189891,0.077269392053957018,1.034285751191146909,407.50
2020-08-09,0.000000000000000000,0.000000000000000000,5.305888548428198530,0.302537558501992249,5.608426106930190779,2180.56
2020-08-10,0.000000000000000000,0.000000000000000000,6.236988544842731414,0.719830393075192517,6.956818937917923931,2752.40
2020-08-11,0.000000000000000000,0.000000000000000000,14.916016094971316974,2.098125776588522776,17.014141871559839750,6445.13
2020-08-12,0.000000000000000000,0.000000000000000000,5.936005561944799376,0.212139452550645940,6.148145014495445316,2373.90
2020-08-13,0.000000000000000000,0.000000000000000000,9.333953732192181709,3.544134324752784917,12.878088056944966626,5492.12
2020-08-14,0.000000000000000000,0.000000000000000000,4.165664197507818333,3.597031167756980958,7.762695365264799291,3399.41
2020-08-15,0.000000000000000000,0.000000000000000000,21.835068192675215598,3.119978869690515127,24.955047062365730725,10803.63
2020-08-16,0.000000000000000000,0.000000000000000000,24.729064029785482873,2.350062106604929787,27.079126136390412660,11738.80
2020-08-17,0.000000000000000000,0.000000000000000000,6.914905706226569793,2.479431013093314548,9.394336719319884341,4041.54
2020-08-18,0.000000000000000000,0.000000000000000000,8.743607877507116867,0.187324735498434880,8.930932613005551747,3770.91
2020-08-19,0.000000000000000000,0.000000000000000000,17.871717052678855914,0.552973912663195524,18.424690965342051438,7504.11
2020-08-20,0.000000000000000000,0.000000000000000000,34.976423706867319105,4.363159286990637078,39.339582993857956183,16354.48
2020-08-21,0.000000000000000000,0.000000000000000000,7.658582638943786648,0.406821178301475799,8.065403817245262447,3114.05
2020-08-22,0.000000000000000000,0.000000000000000000,16.454973656477820841,0.755724155009314579,17.210697811487135420,6800.48
2020-08-23,0.000000000000000000,0.000000000000000000,16.736872427988409431,0.154118274649935599,16.890990702638345030,6608.26
2020-08-24,0.000000000000000000,0.000000000000000000,32.702723466279641126,2.179876611388626974,34.882600077668268100,14285.12
2020-08-25,0.000000000000000000,0.000000000000000000,33.820652310051777989,7.127660675763173758,40.948312985814951747,15710.23
2020-08-26,0.000000000000000000,0.000000000000000000,70.090908369175486473,0.607891677798437838,70.698800046973924311,27288.63
2020-08-27,0.000000000000000000,0.000000000000000000,47.350165356963276388,3.014609883577181681,50.364775240540458069,19240.60
2020-08-28,0.000000000000000000,0.000000000000000000,47.928188724639871299,0.154582207421516680,48.082770932061387979,19042.36
2020-08-29,0.000000000000000000,0.000000000000000000,117.564464771107584206,2.666169948073279611,120.230634719180863817,48086.24
2020-08-30,0.000000000000000000,0.000000000000000000,38.078074655002323513,2.094549118198622717,40.172623773200946230,17204.96
2020-08-31,0.000000000000000000,0.000000000000000000,20.885060027207631144,1.264888102613108498,22.149948129820739642,9678.64
2020-09-01,0.000000000000000000,0.000000000000000000,9.168031102016084099,0.433047232175237701,9.601078334191321800,4576.74
2020-09-02,0.000000000000000000,0.000000000000000000,19.273826856887531031,0.431515698946555136,19.705342555834086167,8671.15
2020-09-03,0.000000000000000000,0.000000000000000000,3.996849891809687252,2.497442513263747653,6.494292405073434905,2493.94
2020-09-04,0.000000000000000000,0.000000000000000000,10.314358686915275609,1.027059892229038415,11.341418579144314024,4403.31
2020-09-05,0.000000000000000000,0.000000000000000000,4.507906749469453873,0.158250312649816154,4.666157062119270027,1554.44
2020-09-06,0.000000000000000000,0.000000000000000000,12.580055354747893355,1.351137400357392753,13.931192755105286108,4924.13
2020-09-07,0.000000000000000000,0.000000000000000000,13.754676179853930335,2.403786145036393214,16.158462324890323549,5699.90
2020-09-08,0.000000000000000000,0.000000000000000000,17.539209865876340507,6.982335272660473344,24.521545138536813851,8280.26
2020-09-09,0.000000000000000000,0.000000000000000000,6.319436032236001129,1.516536042249190848,7.835972074485191977,2749.96
2020-09-10,0.000000000000000000,0.000000000000000000,6.460338509452230208,7.575089998470103989,14.035428507922334197,5153.31
2020-09-11,0.000000000000000000,0.000000000000000000,4.964469232214192601,5.596302423932645157,10.560771656146837758,3943.71
2020-09-12,0.000000000000000000,0.000000000000000000,8.116501597339862267,4.788482559878823186,12.904984157218685453,5001.97
2020-09-13,0.000000000000000000,0.000000000000000000,10.006129392710640416,1.585018192771121417,11.591147585481761833,4229.50
2020-09-14,0.000000000000000000,0.000000000000000000,7.643230832136853048,1.255357177327697356,8.898588009464550404,3352.57
2020-09-15,0.000000000000000000,0.000000000000000000,8.192707266916065622,2.704561455352507071,10.897268722268572693,3965.01
2020-09-16,0.000000000000000000,0.000000000000000000,7.049030072857963853,1.275588458842080357,8.324618531700044210,3043.06
2020-09-17,0.000000000000000000,0.000000000000000000,6.453660948708458932,0.341491300460166615,6.795152249168625547,2651.47
2020-09-18,0.000000000000000000,0.000000000000000000,13.730192772596740144,12.527319764983058232,26.257512537579798376,10086.19
2020-09-19,0.000000000000000000,0.000000000000000000,16.369710779566214686,4.492973208490262873,20.862683988056477559,8046.32
2020-09-20,0.000000000000000000,0.000000000000000000,12.176274782922707179,13.801568172035955067,25.977842954958662246,9640.66
2020-09-21,0.000000000000000000,0.000000000000000000,17.414063615114465367,3.506766522838051286,20.920830137952516653,7186.31
2020-09-22,0.000000000000000000,0.000000000000000000,12.963160338637756782,1.463398999363001857,14.426559338000758639,4973.25
2020-09-23,0.000000000000000000,0.000000000000000000,8.391704254779555269,11.227593084671294895,19.619297339450850164,6286.02
2020-09-24,0.000000000000000000,0.000000000000000000,8.075512912559921303,1.411744082741068912,9.487256995300990215,3315.98
2020-09-25,0.000000000000000000,0.000000000000000000,14.702275887973538456,2.465316912814770881,17.167592800788309337,6045.57
2020-09-26,0.000000000000000000,0.000000000000000000,13.183481235025552843,3.457111743527594656,16.640592978553147499,5890.27
2020-09-27,0.000000000000000000,0.000000000000000000,6.972569184756303289,2.486035087192856932,9.458604271949160221,3378.90
2020-09-28,0.000000000000000000,0.000000000000000000,14.098677001703513624,3.690070726288810952,17.788747727992324576,6300.60
2020-09-29,0.000000000000000000,0.000000000000000000,7.157037311989835713,4.879120601009881057,12.036157912999716770,4331.57
2020-09-30,0.000000000000000000,0.000000000000000000,5.628443974063274818,1.010338854177102203,6.638782828240377021,2395.86
2020-10-01,0.000000000000000000,0.000000000000000000,8.907122927448183009,1.830078118928272605,10.737201046376455614,3777.03
2020-10-02,0.000000000000000000,0.000000000000000000,23.162055081400684468,12.249251629399332314,35.411306710800016782,12235.43
2020-10-03,0.000000000000000000,0.000000000000000000,8.205954145367064290,13.695946874949569171,21.901901020316633461,7606.09
2020-10-04,0.000000000000000000,0.000000000000000000,9.270995370655490131,11.125586160616488126,20.396581531271978257,7177.76
2020-10-05,0.000000000000000000,0.000000000000000000,13.337980543258206353,4.594295824478398940,17.932276367736605293,6345.56
2020-10-06,0.000000000000000000,0.000000000000000000,15.741654521275902231,1.099451822229541575,16.841106343505443806,5717.05
2020-10-07,0.000000000000000000,0.000000000000000000,12.985537169611725128,13.651226431323542727,26.636763600935267855,9093.04
2020-10-08,0.000000000000000000,0.000000000000000000,5.511631532558488690,1.838086813742749786,7.349718346301238476,2579.31
2020-10-09,0.000000000000000000,0.000000000000000000,16.289620436156859588,3.119588579059779072,19.409209015216638660,7093.87
2020-10-10,0.000000000000000000,0.000000000000000000,12.848122579144301890,7.042391703742994810,19.890514282887296700,7367.36
2020-10-11,0.000000000000000000,0.000000000000000000,19.217388562723227019,3.831806929697585752,23.049195492420812771,8624.78
2020-10-12,0.000000000000000000,0.000000000000000000,9.776313244665106623,4.275043644345722300,14.051356889010828923,5447.24
2020-10-13,0.000000000000000000,0.000000000000000000,14.901558155984639485,8.236322939766136570,23.137881095750776055,8818.80
2020-10-14,0.000000000000000000,0.000000000000000000,13.045542318299155545,18.657540880146316076,31.703083198445471621,12029.34
2020-10-15,0.000000000000000000,0.000000000000000000,17.064701797386764809,3.257191949094651322,20.321893746481416131,7668.87
2020-10-16,0.000000000000000000,0.000000000000000000,6.428215874751505899,1.194192214447714591,7.622408089199220490,2788.35
2020-10-17,0.000000000000000000,0.000000000000000000,5.417047415473386068,1.970788735736343779,7.387836151209729847,2723.67
2020-10-18,0.000000000000000000,0.000000000000000000,7.755979791845839368,17.530922661530306597,25.286902453376145965,9561.54
2020-10-19,0.000000000000000000,0.000000000000000000,7.022419343982280048,1.971416134918970142,8.993835478901250190,3414.87
2020-10-20,0.000000000000000000,0.000000000000000000,3.588869064187311199,1.618972494082799789,5.207841558270110988,1920.24
2020-10-21,0.000000000000000000,0.000000000000000000,3.528527132451477722,4.930783831221274249,8.459310963672751971,3317.23
2020-10-22,0.000000000000000000,0.000000000000000000,12.425949726231520937,26.952479696410702206,39.378429422642223143,16302.28
2020-10-23,0.000000000000000000,0.000000000000000000,8.529595588677017108,5.330995732475334903,13.860591321152352011,5674.17
2020-10-24,0.000000000000000000,0.000000000000000000,5.044722034410862128,7.555361903221905747,12.600083937632767875,5197.79
2020-10-25,0.000000000000000000,0.000000000000000000,7.777872287170304405,0.934348914291505266,8.712221201461809671,3539.96
2020-10-26,0.000000000000000000,0.000000000000000000,13.552180517080335717,3.274012114661989077,16.826192631742324794,6626.27
2020-10-27,0.000000000000000000,0.000000000000000000,6.614209012021023395,19.139941580575656122,25.754150592596679517,10397.59
2020-10-28,0.000000000000000000,0.000000000000000000,7.704510833190735720,5.501830825910032039,13.206341659100767759,5137.93
2020-10-29,0.000000000000000000,0.000000000000000000,16.196636221051967401,11.161033776571650381,27.357669997623617782,10579.00
2020-10-30,0.000000000000000000,0.000000000000000000,4.045026163259160037,2.253333391750208098,6.298359555009368135,2414.73
2020-10-31,0.000000000000000000,0.000000000000000000,2.923247506076583267,0.821458216143318308,3.744705722219901575,1448.28
2020-11-01,0.000000000000000000,0.000000000000000000,6.792570598449624436,1.716201361006114233,8.508771959455738669,3366.58
2020-11-02,0.000000000000000000,0.000000000000000000,2.993232209099068610,6.959468924501968802,9.952701133601037412,3821.54
2020-11-03,0.000000000000000000,0.000000000000000000,4.269246032692081632,7.175454599924639726,11.444700632616721358,4436.88
2020-11-04,0.000000000000000000,0.000000000000000000,2.815981459918542988,6.931486062008254506,9.747467521926797494,3918.10
2020-11-05,0.000000000000000000,0.000000000000000000,5.151515184151294220,9.671785966176807509,14.823301150328101729,6170.79
2020-11-06,0.000000000000000000,0.000000000000000000,4.126087480090342697,0.888958091499365680,5.015045571589708377,2287.56
2020-11-07,0.000000000000000000,0.000000000000000000,1.234925795435216174,2.291980334181789262,3.526906129617005436,1538.08
2020-11-08,0.000000000000000000,0.000000000000000000,4.031959540853368941,3.120226194500806786,7.152185735354175727,3253.81
2020-11-09,0.000000000000000000,0.000000000000000000,10.579221570836743738,10.866468020737002983,21.445689591573746721,9545.11
2020-11-10,0.000000000000000000,0.000000000000000000,20.813854554361034827,1.176966665769025455,21.990821220130060282,9904.83
2020-11-11,0.000000000000000000,0.000000000000000000,1.625432326912867794,2.430560659987272722,4.055992986900140516,1881.58
2020-11-12,0.000000000000000000,0.000000000000000000,1.859571017548558682,0.488908748827030900,2.348479766375589582,1085.98
2020-11-13,0.000000000000000000,0.000000000000000000,8.622702090995881527,4.910878753133582332,13.533580844129463859,6449.26
2020-11-14,0.000000000000000000,0.000000000000000000,2.637104127081502881,2.057335357375960007,4.694439484457462888,2171.20
2020-11-15,0.000000000000000000,0.000000000000000000,2.710906005696575184,2.545837531190132454,5.256743536886707638,2360.35
2020-11-16,0.000000000000000000,0.000000000000000000,6.381313155697399044,2.946171865563580843,9.327485021260979887,4303.98
2020-11-17,0.000000000000000000,0.000000000000000000,6.785465405655907849,1.941620349150515754,8.727085754806423603,4213.74
2020-11-18,0.000000000000000000,0.000000000000000000,4.853574403346645397,1.149126077893124548,6.002700481239769945,2880.95
2020-11-19,0.000000000000000000,0.000000000000000000,3.593214617080811860,0.560088106212964565,4.153302723293776425,1958.65
2020-11-20,0.000000000000000000,0.000000000000000000,4.292973830937905400,1.147985300931474412,5.440959131869379812,2772.06
2020-11-21,0.000000000000000000,0.000000000000000000,2.984470448156416232,3.514457253619973589,6.498927701776389821,3578.24
2020-11-22,0.000000000000000000,0.000000000000000000,4.182105134250038503,4.296534521296547314,8.478639655546585817,4752.36
2020-11-23,0.000000000000000000,0.000000000000000000,5.917359930717585049,1.980290717860915245,7.897650648578500294,4805.01
2020-11-24,0.000000000000000000,0.000000000000000000,1.815448120850134920,1.196283540980040746,3.011731661830175666,1816.73
2020-11-25,0.000000000000000000,0.000000000000000000,5.131624999750197777,0.535276950719617717,5.666901950469815494,3245.79
2020-11-26,0.000000000000000000,0.000000000000000000,2.198183944604364831,0.684818896464295797,2.883002841068660628,1493.28
2020-11-27,0.000000000000000000,0.000000000000000000,16.824447501099198596,2.476975734690285732,19.301423235789484328,9981.05
2020-11-28,0.000000000000000000,0.000000000000000000,6.548306092627060017,4.984796112475235298,11.533102205102295315,6202.68
2020-11-29,0.000000000000000000,0.000000000000000000,10.538440944672545488,1.685917893741435373,12.224358838413980861,7016.07
2020-11-30,0.000000000000000000,0.000000000000000000,3.293786747841715179,1.720157370627131516,5.013944118468846695,3082.58
2020-12-01,0.000000000000000000,0.000000000000000000,2.865001135750253018,3.321432582326616535,6.186433718076869553,3649.75
2020-12-02,0.000000000000000000,0.000000000000000000,1.462441296502173458,1.355160268923863850,2.817601565426037308,1686.64
2020-12-03,0.000000000000000000,0.000000000000000000,4.192227582653098446,2.091784807174399085,6.284012389827497531,3878.13
2020-12-04,0.000000000000000000,0.000000000000000000,4.886034037931010073,0.828421806764219046,5.714455844695229119,3260.19
2020-12-05,0.000000000000000000,0.000000000000000000,4.366837436872742060,0.971156642961750966,5.337994079834493026,3179.84
2020-12-06,0.000000000000000000,0.000000000000000000,10.085557754289011525,1.887933634392832323,11.973491388681843848,7202.82
2020-12-07,0.000000000000000000,0.000000000000000000,12.657260198476382735,0.185652401693606346,12.842912600169989081,7607.53
2020-12-08,0.000000000000000000,0.000000000000000000,7.017025170541315829,0.731435356615107267,7.748460527156423096,4295.90
2020-12-09,0.000000000000000000,0.000000000000000000,4.076572895713933658,1.133774746239114057,5.210347641953047715,2988.63
2020-12-10,0.000000000000000000,0.000000000000000000,8.739312920523184767,0.630645628129306142,9.369958548652490909,5251.56
2020-12-11,0.000000000000000000,0.000000000000000000,4.112509344839645963,0.514578962620627739,4.627088307460273702,2525.87
2020-12-12,0.000000000000000000,0.000000000000000000,5.332475303163118851,2.270945723366003368,7.603421026529122219,4321.89
2020-12-13,0.000000000000000000,0.000000000000000000,3.377972273996415791,3.370351661019982666,6.748323935016398457,3984.68
2020-12-14,0.000000000000000000,0.000000000000000000,2.332145501647099215,1.162230941698732864,3.494376443345832079,2047.67
2020-12-15,0.000000000000000000,0.000000000000000000,3.281120217876622951,2.478805848278101009,5.759926066154723960,3394.65
2020-12-16,0.000000000000000000,0.000000000000000000,5.191128715491608650,2.637722453665385118,7.828851169156993768,4989.19
2020-12-17,0.000000000000000000,0.000000000000000000,3.924851786377645177,1.456772143515816407,5.381623929893461584,3465.78
2020-12-18,0.000000000000000000,0.000000000000000000,3.849617792486107238,2.370663382144453003,6.220281174630560241,4070.40
2020-12-19,0.000000000000000000,0.000000000000000000,3.621579359420586801,0.588785643889552675,4.210365003310139476,2776.66
2020-12-20,0.000000000000000000,0.000000000000000000,6.583041474198749386,1.599741944537340128,8.182783418736089514,5238.75
2020-12-21,0.000000000000000000,0.000000000000000000,4.443761411815108436,1.286544011943142472,5.730305423758250908,3497.59
2020-12-22,0.000000000000000000,0.000000000000000000,5.288002291950954425,1.566806225826268031,6.854808517777222456,4354.13
2020-12-23,0.000000000000000000,0.000000000000000000,3.972455879179288668,1.402996570737746875,5.375452449917035543,3148.94
2020-12-24,0.000000000000000000,0.000000000000000000,5.169740435923538422,1.947716747369297016,7.117457183292835438,4358.27
2020-12-25,0.000000000000000000,0.000000000000000000,4.358678993212175242,11.812837700177895684,16.171516693390070926,10137.23
2020-12-26,0.000000000000000000,0.000000000000000000,6.533868072599179876,0.467495746015922691,7.001363818615102567,4453.00
2020-12-27,0.000000000000000000,0.000000000000000000,25.711413657024780365,1.063594430821334939,26.775008087846115304,18333.48
2020-12-28,0.000000000000000000,0.000000000000000000,5.057459795291757243,3.446235798167716632,8.503695593459473875,6220.66
2020-12-29,0.000000000000000000,0.000000000000000000,10.181932995905441356,4.114884677344781757,14.296817673250223113,10471.02
2020-12-30,0.000000000000000000,0.000000000000000000,14.286158483252632715,0.982713344404928176,15.268871827657560891,11489.57
2020-12-31,0.000000000000000000,0.000000000000000000,3.398568205831169921,2.609537991040967065,6.008106196872136986,4435.45
2021-01-01,0.000000000000000000,0.000000000000000000,5.094034200546824231,0.741631695078737298,5.835665895625561529,4262.31
2021-01-02,0.000000000000000000,0.000000000000000000,5.705619066997293774,1.558509671863809152,7.264128738861102926,5629.19
2021-01-03,0.000000000000000000,0.000000000000000000,4.631369671593922011,10.584612227251685125,15.215981898845607136,14933.35
2021-01-04,0.000000000000000000,0.000000000000000000,3.261768315840685314,2.624145677870351899,5.885913993711037213,6111.89
2021-01-05,0.000000000000000000,0.000000000000000000,4.169959687518186291,10.820456342877167962,14.990416030395354253,16521.80
2021-01-06,0.000000000000000000,0.000000000000000000,22.765969103282966839,10.693194263005899195,33.459163366288866034,40277.38
2021-01-07,0.000000000000000000,0.000000000000000000,5.443104596615068359,0.517492112992626995,5.960596709607695354,7304.86
2021-01-08,0.000000000000000000,0.000000000000000000,3.252135733726717967,2.347474099005775352,5.599609832732493319,6838.83
2021-01-09,0.000000000000000000,0.000000000000000000,2.037848905676536717,1.372357071403300741,3.410205977079837458,4372.08
2021-01-10,0.000000000000000000,0.000000000000000000,2.488268157496081587,3.087901250663335813,5.576169408159417400,7050.19
2021-01-11,0.000000000000000000,0.000000000000000000,1.430347532430912490,1.014512280391201826,2.444859812822114316,2660.59
2021-01-12,0.000000000000000000,0.000000000000000000,2.187142143357208164,5.910253262202849803,8.097395405560057967,8469.46
2021-01-13,0.000000000000000000,0.000000000000000000,9.283566039498592950,0.907561009788411399,10.191127049287004349,11498.34
2021-01-14,0.000000000000000000,0.000000000000000000,14.197363290964346702,1.083343156643856160,15.280706447608202862,18622.19
2021-01-15,0.000000000000000000,0.000000000000000000,14.369009435985849773,1.056661197064260128,15.425670633050109901,18058.50
2021-01-16,0.000000000000000000,0.000000000000000000,33.494926964839263754,6.287241802738517697,39.782168767577781451,49102.80
2021-01-17,0.000000000000000000,0.000000000000000000,8.089983867846518354,14.985146528564479613,23.075130396410997967,28470.62
2021-01-18,0.000000000000000000,0.000000000000000000,8.448716656392794733,1.992625542528831974,10.441342198921626707,13143.84
2021-01-19,0.000000000000000000,0.000000000000000000,13.958753138429868244,0.773610288363717215,14.732363426793585459,20388.86
2021-01-20,0.000000000000000000,0.000000000000000000,11.717390204252227686,1.964614612871417636,13.682004817123645322,18920.60
2021-01-21,0.000000000000000000,0.000000000000000000,8.447409192774620527,0.938587474050765595,9.385996666825386122,10540.42
2021-01-22,0.000000000000000000,0.000000000000000000,10.884162437450239302,0.933407870611787618,11.817570308062026920,14591.63
2021-01-23,0.000000000000000000,0.000000000000000000,12.672255066841414515,0.922421150360483566,13.594676217201898081,16715.47
2021-01-24,0.000000000000000000,0.000000000000000000,15.758845306240675060,3.372723161161755573,19.131568467402430633,26650.00
2021-01-25,0.000000000000000000,0.000000000000000000,6.780363679896705764,1.023056598617191020,7.803420278513896784,10341.95
2021-01-26,0.000000000000000000,0.000000000000000000,13.211103887439943970,10.067025835716898745,23.278129723156842715,31520.87
2021-01-27,0.000000000000000000,0.000000000000000000,8.444179585488759778,1.466074783542439312,9.910254369031199090,12384.03
2021-01-28,0.000000000000000000,0.000000000000000000,10.336720766642438960,8.493627786898266033,18.830348553540704993,25034.91
2021-01-29,0.000000000000000000,0.000000000000000000,11.519072840324963112,3.009923618232786790,14.528996458557749902,20108.35
2021-01-30,0.000000000000000000,0.000000000000000000,14.676423328619924941,0.866848118570202770,15.543271447190127711,21426.46
2021-01-31,0.000000000000000000,0.000000000000000000,9.455728568932455278,2.824135137768871535,12.279863706701326813,16166.69
2021-02-01,0.000000000000000000,0.000000000000000000,20.731573017457522775,1.968165666110396757,22.699738683567919532,31195.62
2021-02-02,0.000000000000000000,0.000000000000000000,21.476241848730286261,3.282634810794446827,24.758876659524733088,37610.60
2021-02-03,0.000000000000000000,0.000000000000000000,4.583081452585205708,1.437268618241360716,6.020350070826566424,9991.93
2021-02-04,0.000000000000000000,0.000000000000000000,18.426787365168546342,0.822772022997522842,19.249559388166069184,30710.88
2021-02-05,0.000000000000000000,0.000000000000000000,9.191010668221103763,1.131497524049949003,10.322508192271052766,17759.79
2021-02-06,0.000000000000000000,0.000000000000000000,15.247751319743796015,0.410359436964623808,15.658110756708419823,26352.29
2021-02-07,0.000000000000000000,0.000000000000000000,14.802561238953658335,1.206514735521445178,16.009075974475103513,25848.48
2021-02-08,0.000000000000000000,0.000000000000000000,8.220028017492454121,1.438561282250594995,9.658589299743049116,16848.61
2021-02-09,0.000000000000000000,0.000000000000000000,10.011434363999834286,0.670399544968795612,10.681833908968629898,18881.96
2021-02-10,0.000000000000000000,0.000000000000000000,11.162715187525241203,0.184066961705660011,11.346782149230901214,19787.82
2021-02-11,0.000000000000000000,0.000000000000000000,5.188922383825801413,4.580698843353245153,9.769621227179046566,17422.65
2021-02-12,0.000000000000000000,0.000000000000000000,21.830880469824800736,0.806032126952583767,22.636912596777384503,41742.43
2021-02-13,0.000000000000000000,0.000000000000000000,7.424551356309244937,2.158695085434296394,9.583246441743541331,17405.55
2021-02-14,0.000000000000000000,0.000000000000000000,9.980177751355958130,4.257392242048994113,14.237569993404952243,25735.12
2021-02-15,0.000000000000000000,0.000000000000000000,15.656986650316830202,0.422738364541460771,16.079725014858290973,28582.51
2021-02-16,0.000000000000000000,0.000000000000000000,11.289766640489178024,1.110146994912549688,12.399913635401727712,22103.84
2021-02-17,0.000000000000000000,0.000000000000000000,23.661804528813664363,0.617777639039371005,24.279582167853035368,44777.12
2021-02-18,0.000000000000000000,0.000000000000000000,12.076251562556917459,1.847864247890188087,13.924115810447105546,26971.89
2021-02-19,0.000000000000000000,0.000000000000000000,4.557431932622670744,0.517070511126907583,5.074502443749578327,9951.08
2021-02-20,0.000000000000000000,0.000000000000000000,11.425101656464426703,0.163914666942608815,11.589016323407035518,22257.98
2021-02-21,0.000000000000000000,0.000000000000000000,14.677552315103136411,1.695991447434117020,16.373543762537253431,31711.31
2021-02-22,0.000000000000000000,0.000000000000000000,9.352529954661562278,1.065906109667382337,10.418436064328944615,18574.84
2021-02-23,0.000000000000000000,0.000000000000000000,4.570847460246673203,0.601651211746313863,5.172498671992987066,8101.48
2021-02-24,0.000000000000000000,0.000000000000000000,9.240871210126598077,0.701461824397065314,9.942333034523663391,16123.84
2021-02-25,0.000000000000000000,0.000000000000000000,15.687450941089596034,0.938080400933100755,16.625531342022696789,24561.33
2021-02-26,0.000000000000000000,0.000000000000000000,10.836525462724480017,0.717527119113274436,11.554052581837754453,16689.40
2021-02-27,0.000000000000000000,0.000000000000000000,16.476259986310837502,3.328463098589762950,19.804723084900600452,29005.24
2021-02-28,0.000000000000000000,0.000000000000000000,9.248065429672480741,0.526199179185708018,9.774264608858188759,13824.82
2021-03-01,0.000000000000000000,0.000000000000000000,12.056769849196458920,1.580547689792893879,13.637317538989352799,21396.78
2021-03-02,0.000000000000000000,0.000000000000000000,10.317564628910139835,2.154147791887892898,12.471712420798032733,18595.19
2021-03-03,0.000000000000000000,0.000000000000000000,9.212270745076070478,0.730687377650014952,9.942958122726085430,15740.35
2021-03-04,0.000000000000000000,0.000000000000000000,19.655713486385088699,2.745866717125178821,22.401580203510267520,34506.54
2021-03-05,0.000000000000000000,0.000000000000000000,16.375730004775676632,1.775397091215747837,18.151127095991424469,27822.29
2021-03-06,0.000000000000000000,0.000000000000000000,22.717607216145146898,4.062472083010961863,26.780079299156108761,44403.25
2021-03-07,0.000000000000000000,0.000000000000000000,20.017104313129278025,0.256610235747593279,20.273714548876871304,35037.44
2021-03-08,0.000000000000000000,0.000000000000000000,14.653043607455522435,3.922769996983354476,18.575813604438876911,34106.74
2021-03-09,0.000000000000000000,0.000000000000000000,11.399638241165675030,8.265249264969842999,19.664887506135518029,36685.65
2021-03-10,0.000000000000000000,0.000000000000000000,12.584178855168791003,0.299901009195603363,12.884079864364394366,23251.13
2021-03-11,0.000000000000000000,0.000000000000000000,16.834952785404628660,20.657508064009361923,37.492460849413990583,68424.96
2021-03-12,0.000000000000000000,0.000000000000000000,10.864400308101359418,0.415861443338173498,11.280261751439532916,19953.26
2021-03-13,0.000000000000000000,0.000000000000000000,13.146002151947529896,0.267702976217324960,13.413705128164854856,25815.12
2021-03-14,0.000000000000000000,0.000000000000000000,14.377040052535909654,2.332403219552311138,16.709443272088220792,31113.65
2021-03-15,0.000000000000000000,0.000000000000000000,12.037758935985873863,1.925676295345081661,13.963435231330955524,24976.47
2021-03-16,0.000000000000000000,0.000000000000000000,15.765966610921147744,0.133545369270107038,15.899511980191254782,28622.14
2021-03-17,0.000000000000000000,0.000000000000000000,8.291157457639003275,0.520028555822693437,8.811186013461696712,16034.69
2021-03-18,0.000000000000000000,0.000000000000000000,12.372415700708621766,3.691550164798947594,16.063965865507569360,28628.72
2021-03-19,0.000000000000000000,0.000000000000000000,9.500791397095009750,1.723502053095130292,11.224293450190140042,20359.82
2021-03-20,0.000000000000000000,0.000000000000000000,7.016016305961934894,1.425675829449537854,8.441692135411472748,15289.58
2021-03-21,0.000000000000000000,0.000000000000000000,8.708779404281262996,1.439455752763960676,10.148235157045223672,18119.75
2021-03-22,0.000000000000000000,0.000000000000000000,11.701158988125971043,0.920920494245274062,12.622079482371245105,21350.65
2021-03-23,0.000000000000000000,0.000000000000000000,11.367758413207923218,0.552911457058359063,11.920669870266282281,19982.21
2021-03-24,0.000000000000000000,0.000000000000000000,8.261686297366960964,1.887653138882123037,10.149339436249084001,16121.62
2021-03-25,0.000000000000000000,0.000000000000000000,8.650251445034306726,0.777884824772733877,9.428136269807040603,14984.31
2021-03-26,0.000000000000000000,0.000000000000000000,13.805120855942085844,0.359048367080743990,14.164169223022829834,24054.35
2021-03-27,0.000000000000000000,0.000000000000000000,9.170030792519018573,5.599579890378017065,14.769610682897035638,25354.10
2021-03-28,0.000000000000000000,0.000000000000000000,5.946241973381029994,4.611039666258783658,10.557281639639813652,17818.23
2021-03-29,0.000000000000000000,0.000000000000000000,4.701578276410517430,0.395185741325925282,5.096764017736442712,9272.57
2021-03-30,0.000000000000000000,0.000000000000000000,10.184859586133992582,2.678277686800517703,12.863137272934510285,23690.17
2021-03-31,0.000000000000000000,0.000000000000000000,8.858973728255855321,0.711636207129071488,9.570609935384926809,18305.99
2021-04-01,0.000000000000000000,0.000000000000000000,15.036812526764734580,0.379871410600684012,15.416683937365418592,30382.18
2021-04-02,0.000000000000000000,0.000000000000000000,13.584084654918065784,0.575493003131506145,14.159577658049571929,30199.10
2021-04-03,0.000000000000000000,0.000000000000000000,16.839938492175588603,0.964344502837494815,17.804282995013083418,35917.41
2021-04-04,0.000000000000000000,0.000000000000000000,26.578600501887162640,0.747485181102143230,27.326085682989305870,56798.58
2021-04-05,0.000000000000000000,0.000000000000000000,41.610251130768597585,1.409987249735346312,43.020238380503943897,90401.04
2021-04-06,0.000000000000000000,0.000000000000000000,14.944549511650445583,0.868878449695486801,15.813427961345932384,33464.94
2021-04-07,0.000000000000000000,0.000000000000000000,9.261045786552779579,7.150803162137459608,16.411848948690239187,32431.86
2021-04-08,0.000000000000000000,0.000000000000000000,11.097503451466143902,7.803583759467970359,18.901087210934114261,39304.05
2021-04-09,0.000000000000000000,0.000000000000000000,6.182288187922726846,2.700378501211286380,8.882666689134013226,18385.37
2021-04-10,0.000000000000000000,0.000000000000000000,5.907980826394864222,18.231171969048315126,24.139152795443179348,51541.73
2021-04-11,0.000000000000000000,0.000000000000000000,8.151681408221658547,3.900377630949310637,12.052059039170969184,25897.44
2021-04-12,0.000000000000000000,0.000000000000000000,5.854406231924218848,0.686846674159769502,6.541252906083988350,14014.55
2021-04-13,0.000000000000000000,0.000000000000000000,8.631304199150614495,0.901312490566383750,9.532616689716998245,21931.49
2021-04-14,0.000000000000000000,0.000000000000000000,17.819389458518328238,0.764976287993893363,18.584365746512221601,44953.65
2021-04-15,0.000000000000000000,0.000000000000000000,15.559025119746634108,2.882032234813781094,18.441057354560415202,46409.92
2021-04-16,0.000000000000000000,0.000000000000000000,6.511239674273040472,0.897897948190148433,7.409137622463188905,18005.67
2021-04-17,0.000000000000000000,0.000000000000000000,8.394064131012413788,0.285839916452736566,8.679904047465150354,20257.65
2021-04-18,0.000000000000000000,0.000000000000000000,6.436610989959684353,1.237669802056653984,7.674280792016338337,17211.81
2021-04-19,0.000000000000000000,0.000000000000000000,3.667122649018643401,2.156186619349142349,5.823309268367785750,12633.62
2021-04-20,0.000000000000000000,0.000000000000000000,3.341407569605808783,0.109720853828863902,3.451128423434672685,8032.81
2021-04-21,0.000000000000000000,0.000000000000000000,5.070078414568020548,1.046049251470411638,6.116127666038432186,14517.36
2021-04-22,0.000000000000000000,0.000000000000000000,6.565369110292317105,3.309593574035228332,9.874962684327545437,23835.49
2021-04-23,0.000000000000000000,0.000000000000000000,6.682519875407974370,1.584799630982851741,8.267319506390826111,19545.84
2021-04-24,0.000000000000000000,0.000000000000000000,7.200399692327140692,20.010422241022858199,27.210821933349998891,60479.56
2021-04-25,0.000000000000000000,0.000000000000000000,14.554605204002212813,4.877586492046464852,19.432191696048677665,44772.93
2021-04-26,0.000000000000000000,0.000000000000000000,10.773468341830347821,5.916463886641257469,16.689932228471605290,42212.85
2021-04-27,0.000000000000000000,0.000000000000000000,11.262610267102044308,1.805364508861212422,13.067974775963256730,34608.14
2021-04-28,0.000000000000000000,0.000000000000000000,8.598759779923252556,2.003141700858889150,10.601901480782141706,29120.06
2021-04-29,0.000000000000000000,0.000000000000000000,6.195097632078585066,2.701455029941491102,8.896552662020076168,24556.13
2021-04-30,0.000000000000000000,0.000000000000000000,6.659501097087465559,3.435412662608821434,10.094913759696286993,28008.24
2021-05-01,0.000000000000000000,0.000000000000000000,11.945972839898162792,3.514302163735370555,15.460275003633533347,45557.71
2021-05-02,0.000000000000000000,0.000000000000000000,8.942465859859024218,4.841567639342239673,13.784033499201263891,40718.74
2021-05-03,0.000000000000000000,0.000000000000000000,6.302572400068119104,3.898224474966224721,10.200796875034343825,35051.29
2021-05-04,0.000000000000000000,0.000000000000000000,6.970594498539189472,3.076471142392070341,10.047065640931259813,32625.59
2021-05-05,0.000000000000000000,0.000000000000000000,8.397669934198789623,1.507533664958686605,9.905203599157476228,34872.26
2021-05-06,0.000000000000000000,0.000000000000000000,6.553510726477449995,8.385016032343973731,14.938526758821423726,52233.89
2021-05-07,0.000000000000000000,0.000000000000000000,4.508150498605058318,0.581035199316200252,5.089185697921258570,17763.09
2021-05-08,0.000000000000000000,0.000000000000000000,2.488075616427010328,1.399998027539759225,3.888073643966769553,15176.50
2021-05-09,0.000000000000000000,0.000000000000000000,3.842611790178000680,0.199554833077996726,4.042166623255997406,15859.58
2021-05-10,0.000000000000000000,0.000000000000000000,3.197377014337453830,0.316515764849472769,3.513892779186926599,13939.33
2021-05-11,0.000000000000000000,0.000000000000000000,2.030287898184339473,0.010204590179257992,2.040492488363597465,8519.48
2021-05-12,0.000000000000000000,0.000000000000000000,2.871794914813893551,0.404916971329701417,3.276711886143594968,12710.45
2021-05-13,0.000000000000000000,0.000000000000000000,2.829418385852810419,0.411635668137228283,3.241054053990038702,12091.63
2021-05-14,0.000000000000000000,0.000000000000000000,4.347887009898789416,0.128394021134721913,4.476281031033511329,18279.48
2021-05-15,0.000000000000000000,0.000000000000000000,4.179004788836864305,4.739636792082626536,8.918641580919490841,32602.36
2021-05-16,0.000000000000000000,0.000000000000000000,6.116924667241152484,0.600594798810536697,6.717519466051689181,24052.82
2021-05-17,0.000000000000000000,0.000000000000000000,4.549852406386926178,1.231080277636752333,5.780932684023678511,18991.90
2021-05-18,0.000000000000000000,0.000000000000000000,13.932858079622602099,0.871152337006889613,14.804010416629491712,50148.81
2021-05-19,0.000000000000000000,0.000000000000000000,3.733463551214002884,0.222907218621452435,3.956370769835455319,9766.84
2021-05-20,0.000000000000000000,0.000000000000000000,7.342644234939322600,0.240756915454499688,7.583401150393822288,21068.48
2021-05-21,0.000000000000000000,0.000000000000000000,4.378324645231883676,0.766964630095122032,5.145289275327005708,12487.21
2021-05-22,0.000000000000000000,0.000000000000000000,6.933366819596709917,1.413013271841418650,8.346380091438128567,19227.71
2021-05-23,0.000000000000000000,0.000000000000000000,4.595661323746221279,1.900470317427749496,6.496131641173970775,13751.94
2021-05-24,0.000000000000000000,0.000000000000000000,6.403571623833155120,0.616890944781784645,7.020462568614939765,18511.84
2021-05-25,0.000000000000000000,0.000000000000000000,7.218562826560596182,1.467093434835928626,8.685656261396524808,23345.11
2021-05-26,0.000000000000000000,0.000000000000000000,5.660047270588222157,1.613821506086410220,7.273868776674632377,20906.08
2021-05-27,0.000000000000000000,0.000000000000000000,6.567071266035158418,1.933915494987355111,8.500986761022513529,23375.74
2021-05-28,0.000000000000000000,0.000000000000000000,6.011887781313187831,1.341652672337969996,7.353540453651157827,17828.84
2021-05-29,0.000000000000000000,0.000000000000000000,7.757619427144626619,1.105433270595744550,8.863052697740371169,20212.16
2021-05-30,0.000000000000000000,0.000000000000000000,8.597819523667364852,6.083520033968969996,14.681339557636334848,35097.63
2021-05-31,0.000000000000000000,0.000000000000000000,6.350962615422685002,1.501094013805055971,7.852056629227740973,21272.74
2021-06-01,0.000000000000000000,0.000000000000000000,9.974600062343078242,0.733717347737061177,10.708317410080139419,28151.81
2021-06-02,0.000000000000000000,0.000000000000000000,5.134398682474626539,1.801798077047259275,6.936196759521885814,18837.67
2021-06-03,0.000000000000000000,0.000000000000000000,6.554905155179214446,0.690618600590612926,7.245523755769827372,20707.86
2021-06-04,0.000000000000000000,0.000000000000000000,6.037839519260606199,1.358805756904643195,7.396645276165249394,19921.68
2021-06-05,0.000000000000000000,0.000000000000000000,7.791123835088131241,1.740743197264634704,9.531867032352765945,24980.18
2021-06-06,0.000000000000000000,0.000000000000000000,10.890064027230434668,2.730222812803867989,13.620286840034302657,36933.35
2021-06-07,0.000000000000000000,0.000000000000000000,16.679080273845379940,2.917221722861491634,19.596301996706871574,50694.26
2021-06-08,0.000000000000000000,0.000000000000000000,14.087877297564873032,5.539510546075547980,19.627387843640421012,49349.01
2021-06-09,0.000000000000000000,0.000000000000000000,14.903553146811691966,0.883997429216324046,15.787550576028016012,41211.79
2021-06-10,0.000000000000000000,0.000000000000000000,19.924739257682374782,1.213834406815884378,21.138573664498259160,52420.07
2021-06-11,0.000000000000000000,0.000000000000000000,18.755821837484732161,1.029052811047061131,19.784874648531793292,46556.86
2021-06-12,0.000000000000000000,0.000000000000000000,20.798069798803316564,1.930033493247967758,22.728103292051284322,54017.88
2021-06-13,0.000000000000000000,0.000000000000000000,21.067643302767735047,1.724495145664896187,22.792138448432631234,57092.48
2021-06-14,0.000000000000000000,0.000000000000000000,15.628307099821699339,1.727943048557523371,17.356250148379222710,44772.69
2021-06-15,0.000000000000000000,0.000000000000000000,20.217120771388761222,1.209879927670118215,21.427000699058879437,54635.50
2021-06-16,0.000000000000000000,0.000000000000000000,18.004926173072487327,1.627523632191420246,19.632449805263907573,46367.06
2021-06-17,0.000000000000000000,0.000000000000000000,16.238857510912794860,0.905024783137086801,17.143882294049881661,40718.43
2021-06-18,0.000000000000000000,0.000000000000000000,12.108205568416413365,0.518730397237042875,12.626935965653456240,28144.53
2021-06-19,0.000000000000000000,0.000000000000000000,10.264854360838968395,1.152344567714770060,11.417198928553738455,24871.17
2021-06-20,0.000000000000000000,0.000000000000000000,10.789264062465612376,0.825614539893203295,11.614878602358815671,26045.35
2021-06-21,0.000000000000000000,0.000000000000000000,5.422038146172076712,0.790027145870556107,6.212065292042632819,11749.63
2021-06-22,0.000000000000000000,0.000000000000000000,7.598008178721241005,0.187882927137185875,7.785891105858426880,14522.71
2021-06-23,0.000000000000000000,0.000000000000000000,9.016889442337127029,0.362128484941701911,9.379017927278828940,18476.01
2021-06-24,0.000000000000000000,0.000000000000000000,8.396051151303080467,1.345761627924045815,9.741812779227126282,19341.81
2021-06-25,0.000000000000000000,0.000000000000000000,12.034268614487976202,2.655179605459380468,14.689448219947356670,26752.28
2021-06-26,0.000000000000000000,0.000000000000000000,13.949996679902550716,0.509343227775699705,14.459339907678250421,26372.61
2021-06-27,0.000000000000000000,0.000000000000000000,11.579500045017461159,0.604114078193563219,12.183614123211024378,24049.70
2021-06-28,0.000000000000000000,0.000000000000000000,17.751433184136406654,2.022372788026427990,19.773805972162834644,41139.73
2021-06-29,0.000000000000000000,0.000000000000000000,10.072414439086552028,0.394293737585378071,10.466708176671930099,22623.23
2021-06-30,0.000000000000000000,0.000000000000000000,13.175042773560320820,0.935876634618689770,14.110919408179010590,32104.44
2021-07-01,0.000000000000000000,0.000000000000000000,11.056456500811171452,1.091322646280430239,12.147779147091601691,25742.24
2021-07-02,0.000000000000000000,0.000000000000000000,9.445548580135720308,1.016291020703123807,10.461839600838844115,22510.11
2021-07-03,0.000000000000000000,0.000000000000000000,8.933346138008253482,1.551517885849255478,10.484864023857508960,23351.99
2021-07-04,0.000000000000000000,0.000000000000000000,14.890103087412959326,1.795784937886303343,16.685888025299262669,38754.31
2021-07-05,0.000000000000000000,0.000000000000000000,7.154502600288827650,1.278632686209088009,8.433135286497915659,18617.65
2021-07-06,0.000000000000000000,0.000000000000000000,6.470946458797559578,0.117059802420845278,6.588006261218404856,15272.97
2021-07-07,0.000000000000000000,0.000000000000000000,8.514223633161694551,0.824087362939412629,9.338310996101107180,21639.11
2021-07-08,0.000000000000000000,0.000000000000000000,9.008963660671867553,1.061436769093672380,10.070400429765539933,21350.76
2021-07-09,0.000000000000000000,0.000000000000000000,8.701353459157465353,0.884566012272481567,9.585919471429946920,20629.25
2021-07-10,0.000000000000000000,0.000000000000000000,8.338621484349862348,0.886266285567639447,9.224887769917501795,19480.52
2021-07-11,0.000000000000000000,0.000000000000000000,9.458958698999180842,1.505848989625410928,10.964807688624591770,23484.52
2021-07-12,0.000000000000000000,0.000000000000000000,9.762536257706471194,1.587956530209870297,11.350492787916341491,23118.24
2021-07-13,0.000000000000000000,0.000000000000000000,7.562217777832604896,0.390728667219493213,7.952946445052098109,15385.33
2021-07-14,0.000000000000000000,0.000000000000000000,14.828956777509514058,0.550501913107411668,15.379458690616925726,30625.16
2021-07-15,0.000000000000000000,0.000000000000000000,10.022043015248666529,1.153331364520184905,11.175374379768851434,21303.39
2021-07-16,0.000000000000000000,0.000000000000000000,10.872529844134429008,0.858718481065328932,11.731248325199757940,22039.48
2021-07-17,0.000000000000000000,0.000000000000000000,11.177567758055323703,1.375364084613972557,12.552931842669296260,23848.70
2021-07-18,0.000000000000000000,0.000000000000000000,19.389091379806576412,1.244961730550781925,20.634053110357358337,39230.11
2021-07-19,0.000000000000000000,0.000000000000000000,18.531081281389305516,1.970021128298322323,20.501102409687627839,37353.43
2021-07-20,0.000000000000000000,0.000000000000000000,9.824209632516387338,1.150494318053127385,10.974703950569514723,19601.32
2021-07-21,0.000000000000000000,0.000000000000000000,20.085320832831554016,1.847988421538764517,21.933309254370318533,43717.92
2021-07-22,0.000000000000000000,0.000000000000000000,10.466838104825933769,1.380059582372174223,11.846897687198107992,23991.86
2021-07-23,0.000000000000000000,0.000000000000000000,13.182345650946199524,1.307590719401322264,14.489936370347521788,30818.76
2021-07-24,0.000000000000000000,0.000000000000000000,10.049392765840405116,0.425769003943349253,10.475161769783754369,22893.54
2021-07-25,0.000000000000000000,0.000000000000000000,8.499861498039323425,0.954229675979442561,9.454091174018765986,20714.96
2021-07-26,0.000000000000000000,0.000000000000000000,6.100749762152492459,1.915804701322711979,8.016554463475204438,17907.06
2021-07-27,0.000000000000000000,0.000000000000000000,11.042311264964572315,2.592808296494648605,13.635119561459220920,31230.78
2021-07-28,0.000000000000000000,0.000000000000000000,10.397283136354281925,0.720863323443251796,11.118146459797533721,25561.17
2021-07-29,0.000000000000000000,0.000000000000000000,12.042036247211541300,1.910466894215907530,13.952503141427448830,33207.29
2021-07-30,0.000000000000000000,0.000000000000000000,11.270680621727448930,3.762364355608061457,15.033044977335510387,37002.13
2021-07-31,0.000000000000000000,0.000000000000000000,13.008531533190908120,2.623889040547273866,15.632420573738181986,39736.05
2021-08-01,0.000000000000000000,0.000000000000000000,10.574332031097332152,7.649313373493029063,18.223645404590361215,46810.73
2021-08-02,0.000000000000000000,0.000000000000000000,141.848811903147313225,10.696931923563939435,152.545743826711252660,398082.33
2021-08-03,0.000000000000000000,0.000000000000000000,16.982223372682593380,3.110469454782154470,20.092692827464747850,50514.79
2021-08-04,0.000000000000000000,0.000000000000000000,11.812260112024605551,2.797857635061203986,14.610117747085809537,39832.29
2021-08-05,0.000000000000000000,0.000000000000000000,18.440219908854694330,2.245012758810507189,20.685232667665201519,58453.16
2021-08-06,0.000000000000000000,0.000000000000000000,17.190225527045551994,1.174923246228302471,18.365148773273854465,53129.89
2021-08-07,0.000000000000000000,0.000000000000000000,14.759325473892073036,1.004484405514304574,15.763809879406377610,49816.26
2021-08-08,0.000000000000000000,0.000000000000000000,12.580521683070208323,1.669413571429214022,14.249935254499422345,42922.78
2021-08-09,0.000000000000000000,0.000000000000000000,12.551063556112982140,1.032165618274097220,13.583229174387079360,42936.69
2021-08-10,0.000000000000000000,0.000000000000000000,11.543543801218868496,0.756952537984736057,12.300496339203604553,38671.99
2021-08-11,0.000000000000000000,0.000000000000000000,18.009919365032914934,1.030307995306322684,19.040227360339237618,60325.36
2021-08-12,0.000000000000000000,0.000000000000000000,13.961214912924935335,0.347731246649338935,14.308946159574274270,43624.80
2021-08-13,0.000000000000000000,0.000000000000000000,14.678934237253909997,1.824203731884402094,16.503137969138312091,54848.20
2021-08-14,0.000000000000000000,0.000000000000000000,13.600136963125375493,0.415782396076553463,14.015919359201928956,45811.73
2021-08-15,0.000000000000000000,0.000000000000000000,8.418688050849825679,1.394536712368922338,9.813224763218748017,32483.81
2021-08-16,0.000000000000000000,0.000000000000000000,13.705173194425391899,1.180155606517919096,14.885328800943310995,46899.82
2021-08-17,0.000000000000000000,0.000000000000000000,12.862966588116783037,1.612585012688767646,14.475551600805550683,43645.84
2021-08-18,0.000000000000000000,0.000000000000000000,15.921581222043881159,2.220884661932579707,18.142465883976460866,55113.64
2021-08-19,0.000000000000000000,0.000000000000000000,21.165853095631945342,2.115355807216589440,23.281208902848534782,73954.96
2021-08-20,0.000000000000000000,0.000000000000000000,17.601875535913011578,1.294492268996385589,18.896367804909397167,62015.80
2021-08-21,0.000000000000000000,0.000000000000000000,19.594273804420304070,1.688186180312051962,21.282459984732356032,68748.30
2021-08-22,0.000000000000000000,0.000000000000000000,19.149500004744207583,0.935535533804662941,20.085035538548870524,65156.26
2021-08-23,0.000000000000000000,0.000000000000000000,19.117667450498029565,3.312894662170263728,22.430562112668293293,74431.03
2021-08-24,0.000000000000000000,0.000000000000000000,34.338073617810833911,5.845478243695152518,40.183551861505986429,127631.09
2021-08-25,0.000000000000000000,0.000000000000000000,80.688953864091975501,3.280309808410916628,83.969263672502892129,271063.68
2021-08-26,0.000000000000000000,0.000000000000000000,43.584956396716271454,6.113624447406474750,49.698580844122746204,155240.95
2021-08-27,0.000000000000000000,0.000000000000000000,38.542608004852898105,1.766275633408653799,40.308883638261551904,131675.82
2021-08-28,0.000000000000000000,0.000000000000000000,30.329786994263673865,4.465797212533434401,34.795584206797108266,112775.57
2021-08-29,0.000000000000000000,0.000000000000000000,27.037647964230886927,2.550907766210874055,29.588555730441760982,95785.07
2021-08-30,0.000000000000000000,0.000000000000000000,21.156433231212088759,0.899841035546061375,22.056274266758150134,71220.57
2021-08-31,0.000000000000000000,0.000000000000000000,23.663960378312104918,1.665451699488544854,25.329412077800649772,87175.64
2021-09-01,0.000000000000000000,0.000000000000000000,17.765856796976632457,0.684077385157129162,18.449934182133761619,70394.58
2021-09-02,0.000000000000000000,0.000000000000000000,30.455570760043280844,0.657304287735011982,31.112875047778292826,118008.65
2021-09-03,0.000000000000000000,0.000000000000000000,82.395326694881410550,1.597290921173744569,83.992617616055155119,330273.86
2021-09-04,0.000000000000000000,0.000000000000000000,39.281397396539372081,2.056078829965549274,41.337476226504921355,160820.74
2021-09-05,0.000000000000000000,0.000000000000000000,40.226644878813589074,2.732244957734576296,42.958889836548165370,169746.90
2021-09-06,0.000000000000000000,0.000000000000000000,25.469069761863118494,0.925813306291729674,26.394883068154848168,103800.89
2021-09-07,0.000000000000000000,0.000000000000000000,13.330755765053816550,3.146849848266770707,16.477605613320587257,56676.97
2021-09-08,0.000000000000000000,0.000000000000000000,22.396560886478243215,1.529020263604401214,23.925581150082644429,83629.73
2021-09-09,0.000000000000000000,0.000000000000000000,16.852323070991237256,1.613061531517569415,18.465384602508806671,63237.65
2021-09-10,0.000000000000000000,0.000000000000000000,21.494501395315211354,2.322476195021946591,23.816977590337157945,76456.07
2021-09-11,0.000000000000000000,0.000000000000000000,21.105931272264122037,1.032265420539155833,22.138196692803277870,72285.86
2021-09-12,0.000000000000000000,0.000000000000000000,16.000382860710894182,2.239535777711785536,18.239918638422679718,62167.73
2021-09-13,0.000000000000000000,0.000000000000000000,13.725741607845420126,0.707165902188499696,14.432907510033919822,47564.30
2021-09-14,0.000000000000000000,0.000000000000000000,17.020180101864566747,1.914302391178228482,18.934482493042795229,64763.56
2021-09-15,0.000000000000000000,0.000000000000000000,14.153089626379537880,0.271860151805487746,14.424949778185025626,51792.93
2021-09-16,0.000000000000000000,0.000000000000000000,13.970277897275449904,0.545623992268958540,14.515901889544408444,51839.77
2021-09-17,0.000000000000000000,0.000000000000000000,16.354931660437750067,0.592609139558365423,16.947540799996115490,57594.40
2021-09-18,0.000000000000000000,0.000000000000000000,16.304993096267058106,1.209922969621686571,17.514916065888744677,59996.88
2021-09-19,0.000000000000000000,0.000000000000000000,15.089315910178757512,5.884066039505314953,20.973381949684072465,69715.83
2021-09-20,0.000000000000000000,0.000000000000000000,15.060353702458351457,1.238046581991626617,16.298400284449978074,48492.76
2021-09-21,0.000000000000000000,0.000000000000000000,13.668361855676659217,1.598602160898508328,15.266964016575167545,41943.14
2021-09-22,0.000000000000000000,0.000000000000000000,18.245873118453060084,2.473519122289959535,20.719392240743019619,63599.11
2021-09-23,0.000000000000000000,0.000000000000000000,20.299693592941543068,4.018082380496552191,24.317775973438095259,76683.43
2021-09-24,0.000000000000000000,0.000000000000000000,20.714868393001341537,3.528997244751978813,24.243865637753320350,70963.73
2021-09-25,0.000000000000000000,0.000000000000000000,29.838598258800741114,2.911470790327660971,32.750069049128402085,96403.61
2021-09-26,0.000000000000000000,0.000000000000000000,19.373798118580686237,2.307622306462714974,21.681420425043401211,66404.23
2021-09-27,0.000000000000000000,0.000000000000000000,20.044266014638017463,1.579361600857946450,21.623627615495963913,63691.43
2021-09-28,0.000000000000000000,0.000000000000000000,22.206130353238058094,1.435655958550420110,23.641786311788478204,66271.37
2021-09-29,0.000000000000000000,0.000000000000000000,18.245433280605174782,6.468882358215840834,24.714315638821015616,70394.28
2021-09-30,0.000000000000000000,0.000000000000000000,14.660851984777630880,2.366017120691503723,17.026869105469134603,51173.94
2021-10-01,0.000000000000000000,0.000000000000000000,18.798809618392413273,0.951433227399365090,19.750242845791778363,65262.23
2021-10-02,0.000000000000000000,0.000000000000000000,19.494857499166586252,0.867087805078797253,20.361945304245383505,68990.72
2021-10-03,0.000000000000000000,0.000000000000000000,15.605536132803454233,1.265496668268649552,16.871032801072103785,57702.45
2021-10-04,0.000000000000000000,0.000000000000000000,15.810858573412715774,1.358377890832692000,17.169236464245407774,58194.40
2021-10-05,0.000000000000000000,0.000000000000000000,12.593120955594715765,2.556676404371676787,15.149797359966392552,53336.23
2021-10-06,0.000000000000000000,0.000000000000000000,10.362047064163963791,1.164977774348727805,11.527024838512691596,41328.11
2021-10-07,0.000000000000000000,0.000000000000000000,10.314481840067036698,1.277676922852703195,11.592158762919739893,41606.53
2021-10-08,0.000000000000000000,0.000000000000000000,14.558086992404344064,1.148559409587573548,15.706646401991917612,55941.26
2021-10-09,0.000000000000000000,0.000000000000000000,23.264704768810695173,2.902107620786581113,26.166812389597276286,93705.71
2021-10-10,0.000000000000000000,0.000000000000000000,15.005068936802424862,2.341928552829390296,17.346997489631815158,59389.89
2021-10-11,0.000000000000000000,0.000000000000000000,16.092241201470566955,0.741907606747234977,16.834148808217801932,59550.79
2021-10-12,0.000000000000000000,0.000000000000000000,22.296661141033159423,3.968261794247892541,26.264922935281051964,91624.92
2021-10-13,0.000000000000000000,0.000000000000000000,21.371124837379190670,1.817145944473562853,23.188270781852753523,83425.78
2021-10-14,0.000000000000000000,0.000000000000000000,17.525288038314277559,1.151898958275574514,18.677186996589852073,70749.81
2021-10-15,0.000000000000000000,0.000000000000000000,12.394120869519991965,4.769136698878600074,17.163257568398592039,66387.02
2021-10-16,0.000000000000000000,0.000000000000000000,14.588769131404823160,8.723305544485806341,23.312074675890629501,89412.44
2021-10-17,0.000000000000000000,0.000000000000000000,14.407214503205196808,1.610461369391486965,16.017675872596683773,61713.58
2021-10-18,0.000000000000000000,0.000000000000000000,15.340082023651521754,1.335399548191794415,16.675481571843316169,62452.01
2021-10-19,0.000000000000000000,0.000000000000000000,20.325288193843518138,1.388971613599850921,21.714259807443369059,84158.43
2021-10-20,0.000000000000000000,0.000000000000000000,17.870829606398459351,6.876933332325378069,24.747762938723837420,103073.60
2021-10-21,0.000000000000000000,0.000000000000000000,9.530186604930032230,1.031884946403354884,10.562071551333387114,42951.30
2021-10-22,0.000000000000000000,0.000000000000000000,10.637787726538317643,1.165478596630574110,11.803266323168891753,46897.60
2021-10-23,0.000000000000000000,0.000000000000000000,16.691445740163205721,3.272182434259456373,19.963628174422662094,83198.74
2021-10-24,0.000000000000000000,0.000000000000000000,9.361184174313132761,1.348605535432457205,10.709789709745589966,43694.12
2021-10-25,0.000000000000000000,0.000000000000000000,11.274677488119718237,0.713356136725676354,11.988033624845394591,50498.15
2021-10-26,0.000000000000000000,0.000000000000000000,10.292678752244236192,1.483999212476098904,11.776677964720335096,48742.41
2021-10-27,0.000000000000000000,0.000000000000000000,5.096226263570669609,0.226649036829116088,5.322875300399785697,20988.11
2021-10-28,0.000000000000000000,0.000000000000000000,7.154644939825300567,2.164738639572212603,9.319383579397513170,39859.68
2021-10-29,0.000000000000000000,0.000000000000000000,9.207777247611147032,0.699355387288764076,9.907132634899911108,43728.86
2021-10-30,0.000000000000000000,0.000000000000000000,10.588013405004158003,0.438522905634063699,11.026536310638221702,47547.09
2021-10-31,0.000000000000000000,0.000000000000000000,9.495379675610706544,0.150128421156988297,9.645508096767694841,41404.16
2021-11-01,0.000000000000000000,0.000000000000000000,14.090168833859470009,0.613780101839957146,14.703948935699427155,63705.47
2021-11-02,0.000000000000000000,0.000000000000000000,30.251006688068301657,3.754561201424158260,34.005567889492459917,156197.47
2021-11-03,0.000000000000000000,0.000000000000000000,38.390193571405569192,3.408746032696718206,41.798939604102287398,192594.88
2021-11-04,0.000000000000000000,0.000000000000000000,21.077296335085566958,4.272720541380559892,25.350016876466126850,115001.47
2021-11-05,0.000000000000000000,0.000000000000000000,14.642663832868330625,1.964060450805421529,16.606724283673752154,74464.39
2021-11-06,0.000000000000000000,0.000000000000000000,18.976518835528275536,2.720969086694375135,21.697487922222650671,97921.30
2021-11-07,0.000000000000000000,0.000000000000000000,22.119366349996781209,2.650626526677515694,24.769992876674296903,114241.46
2021-11-08,0.000000000000000000,0.000000000000000000,32.129868469503576791,10.380370808633129418,42.510239278136706209,204756.22
2021-11-09,0.000000000000000000,0.000000000000000000,157.856307811727989885,15.268972768105808052,173.125280579833797937,819975.00
2021-11-10,0.000000000000000000,0.000000000000000000,142.452945244783128676,9.559429294447663125,152.012374539230791801,703922.98
2021-11-11,0.000000000000000000,0.000000000000000000,120.460543954318277143,7.114696001342355883,127.575239955660633026,602789.16
2021-11-12,0.000000000000000000,0.000000000000000000,83.284029294397802086,2.958055420791073393,86.242084715188875479,402758.64
2021-11-13,0.000000000000000000,0.000000000000000000,89.840295328313629256,3.296187400007112715,93.136482728320741971,433251.33
2021-11-14,0.000000000000000000,0.000000000000000000,83.818516971831351093,14.315121499964788423,98.133638471796139516,453878.76
2021-11-15,0.000000000000000000,0.000000000000000000,94.731475402639854667,2.927984298959495649,97.659459701599350316,446395.38
2021-11-16,0.000000000000000000,0.000000000000000000,69.637865089909160007,1.879190612694715855,71.517055702603875862,302392.03
2021-11-17,0.000000000000000000,0.000000000000000000,54.690397558903293826,5.146533442504194791,59.836931001407488617,256791.98
2021-11-18,0.000000000000000000,0.000000000000000000,55.821714828286067002,1.887720260487361952,57.709435088773428954,230195.85
2021-11-19,0.000000000000000000,0.000000000000000000,53.476646227858362624,3.354007763167191712,56.830653991025554336,244067.20
2021-11-20,0.000000000000000000,0.000000000000000000,42.266746915077844122,2.591152976446900368,44.857899891524744490,198240.02
2021-11-21,0.000000000000000000,0.000000000000000000,36.706453760415643471,2.962826041038286602,39.669279801453930073,169541.91
2021-11-22,0.000000000000000000,0.000000000000000000,24.316658410729833483,0.914214062140864316,25.230872472870697799,103426.62
2021-11-23,0.000000000000000000,0.000000000000000000,44.518952124033050943,0.953582686583615009,45.472534810616665952,197861.11
2021-11-24,0.000000000000000000,0.000000000000000000,33.969730822413240431,1.811321404970997375,35.781052227384237806,152566.11
2021-11-25,0.000000000000000000,0.000000000000000000,33.241811756042573664,1.570376455858231935,34.812188211900805599,157398.44
2021-11-26,0.000000000000000000,0.000000000000000000,35.696100710297719853,2.633077005289369507,38.329177715587089360,154953.68
2021-11-27,0.000000000000000000,0.000000000000000000,45.487216576537522444,4.229282192802659498,49.716498769340181942,202548.25
2021-11-28,0.000000000000000000,0.000000000000000000,43.077672440034367322,8.384574960435348986,51.462247400469716308,221024.18
2021-11-29,0.000000000000000000,0.000000000000000000,48.386267079737810997,2.789075175701371498,51.175342255439182495,227441.77
2021-11-30,0.000000000000000000,0.000000000000000000,47.086321565277467232,2.618167911398492516,49.704489476675959748,230594.57
2021-12-01,0.000000000000000000,0.000000000000000000,51.497145155757920648,1.841907652415504066,53.339052808173424714,244439.95
2021-12-02,0.000000000000000000,0.000000000000000000,39.022657888677995366,2.398294664963733670,41.420952553641729036,187254.61
2021-12-03,0.000000000000000000,0.000000000000000000,42.038063536714043981,3.523423771275183067,45.561487307989227048,193556.17
2021-12-04,0.000000000000000000,0.000000000000000000,32.881161384533375074,5.603776672610939124,38.484938057144314198,158486.96
2021-12-05,0.000000000000000000,0.000000000000000000,36.467447695694698733,2.570521148411592213,39.037968844106290946,163529.06
2021-12-06,0.000000000000000000,0.000000000000000000,40.782884196146677335,3.295466647706232245,44.078350843852909580,191641.94
2021-12-07,0.000000000000000000,0.000000000000000000,41.245500256624492356,2.567889341725701659,43.813389598350194015,188660.79
2021-12-08,0.000000000000000000,0.000000000000000000,40.529078314599084297,10.174214831786876794,50.703293146385961091,224909.67
2021-12-09,0.000000000000000000,0.000000000000000000,46.490345122710231219,3.780591527254696915,50.270936649964928134,208806.17
2021-12-10,0.000000000000000000,0.000000000000000000,43.204946183884784593,3.429859585922134639,46.634805769806919232,182701.64
2021-12-11,0.000000000000000000,0.000000000000000000,53.243050660048005711,4.175569338850649609,57.418619998898655320,234616.10
2021-12-12,0.000000000000000000,0.000000000000000000,57.330764585555468414,5.740735323150308791,63.071499908705777205,260912.77
2021-12-13,0.000000000000000000,0.000000000000000000,42.231421419418636587,6.298301171583325721,48.529722591001962308,183901.60
2021-12-14,0.000000000000000000,0.000000000000000000,48.563408533593948671,2.424100661880741501,50.987509195474690172,196949.06
2021-12-15,0.000000000000000000,0.000000000000000000,43.422103526472227676,2.914502303361276704,46.336605829833504380,186146.66
2021-12-16,0.000000000000000000,0.000000000000000000,42.463972281350475346,1.242599235361546150,43.706571516712021496,173575.89
2021-12-17,0.000000000000000000,0.000000000000000000,42.065489746213950844,1.717874427213675691,43.783364173427626535,170189.09
2021-12-18,0.000000000000000000,0.000000000000000000,53.110945742573362758,6.149606609628763258,59.260552352202126016,235272.69
2021-12-19,0.000000000000000000,0.000000000000000000,57.347513374083946993,2.663787401337331368,60.011300775421278361,235709.86
2021-12-20,0.000000000000000000,0.000000000000000000,48.730995591083178364,4.107327721857812456,52.838323312940990820,207970.58
2021-12-21,0.000000000000000000,0.000000000000000000,45.541943201921409748,2.774609579657464858,48.316552781578874606,194445.93
2021-12-22,0.000000000000000000,0.000000000000000000,43.582808141129740446,1.635503619941501165,45.218311761071241611,180229.46
2021-12-23,0.000000000000000000,0.000000000000000000,39.944978966119442091,2.722894759621083010,42.667873725740525101,175278.35
2021-12-24,0.000000000000000000,0.000000000000000000,48.103715452689417054,3.268251323486868605,51.371966776176285659,207954.46
2021-12-25,0.000000000000000000,0.000000000000000000,37.903107552844179215,2.326921821171574176,40.230029374015753391,165334.21
2021-12-26,0.000000000000000000,0.000000000000000000,41.080410658377115893,3.698693477539751505,44.779104135916867398,182412.96
2021-12-27,0.000000000000000000,0.000000000000000000,31.304628772538193043,2.493950451799322138,33.798579224337515181,136751.19
2021-12-28,0.000000000000000000,0.000000000000000000,33.441554870392554270,3.514575026815986301,36.956129897208540571,140495.64
2021-12-29,0.000000000000000000,0.000000000000000000,27.715404172982234187,1.531527583449337015,29.246931756431571202,106147.34
2021-12-30,0.000000000000000000,0.000000000000000000,25.758548489610655524,0.790347454423951713,26.548895944034607237,98540.61
2021-12-31,0.000000000000000000,0.000000000000000000,38.545626449018881809,4.783196519918221551,43.328822968937103360,159672.52
2022-01-01,0.000000000000000000,0.000000000000000000,37.940865607926090438,15.495577408102729783,53.436443016028820221,201246.62
2022-01-02,0.000000000000000000,0.000000000000000000,41.218091847809873632,2.766345967946153218,43.984437815756026850,168654.91
2022-01-03,0.000000000000000000,0.000000000000000000,41.705994943159414414,3.356224635758386389,45.062219578917800803,169593.90
2022-01-04,0.000000000000000000,0.000000000000000000,48.232132991883100478,3.394305123280780052,51.626438115163880530,195822.86
2022-01-05,0.000000000000000000,0.000000000000000000,36.648439785597052621,11.306761641378316107,47.955201426975368728,170312.53
2022-01-06,0.000000000000000000,0.000000000000000000,43.189537880414075301,3.110101128122494763,46.299639008536570064,158094.61
2022-01-07,0.000000000000000000,0.000000000000000000,37.804233917891574460,1.427951602233313457,39.232185520124887917,125218.94
2022-01-08,0.000000000000000000,0.000000000000000000,42.951031683249981425,10.281056634963812081,53.232088318213793506,164502.27
2022-01-09,0.000000000000000000,0.000000000000000000,43.163459950085359523,3.543456749952807473,46.706916700038166996,147395.35
2022-01-10,0.000000000000000000,0.000000000000000000,38.598136626795486257,3.469270667589516912,42.067407294385003169,129720.78
2022-01-11,0.000000000000000000,0.000000000000000000,32.970518584685488823,3.587804565675984749,36.558323150361473572,118331.29
2022-01-12,0.000000000000000000,0.000000000000000000,31.117530392758183918,6.866657246034515447,37.984187638792699365,128133.54
2022-01-13,0.000000000000000000,0.000000000000000000,36.919010617726038342,3.123668218238822717,40.042678835964861059,130274.85
2022-01-14,0.000000000000000000,0.000000000000000000,30.877761719142725599,2.613659129203181153,33.491420848345906752,110958.64
2022-01-15,0.000000000000000000,0.000000000000000000,41.035922234226712185,2.598198134781910156,43.634120369008622341,145337.60
2022-01-16,0.000000000000000000,0.000000000000000000,32.208854617182632651,3.400037282652841225,35.608891899835473876,119440.51
2022-01-17,0.000000000000000000,0.000000000000000000,34.751176676275718971,2.573353905558860857,37.324530581834579828,119858.21
2022-01-18,0.000000000000000000,0.000000000000000000,37.874277291033120279,3.195056022178010193,41.069333313211130472,129995.49
2022-01-19,0.000000000000000000,0.000000000000000000,42.171333557668414695,1.915361461595825942,44.086695019264240637,136227.01
2022-01-20,0.000000000000000000,0.000000000000000000,38.629369912340554010,3.934777025835131682,42.564146938175685692,127996.98
2022-01-21,0.000000000000000000,0.000000000000000000,27.506832804322150448,2.838042142272728948,30.344874946594879396,77478.67
2022-01-22,0.000000000000000000,0.000000000000000000,24.741488013520186962,1.939524399463930741,26.681012412984117703,64174.02
2022-01-23,0.000000000000000000,0.000000000000000000,38.630382847006270084,4.546553820726630978,43.176936667732901062,109587.00
2022-01-24,0.000000000000000000,0.000000000000000000,35.784501762982026950,2.711960842868813799,38.496462605850840749,94159.98
2022-01-25,0.000000000000000000,0.000000000000000000,31.768153099615672493,10.019198733720836957,41.787351833336509450,102840.34
2022-01-26,0.000000000000000000,0.000000000000000000,31.437838370600679442,2.938376860287760505,34.376215230888439947,84930.35
2022-01-27,0.000000000000000000,0.000000000000000000,25.635329325478817875,3.501172828894692648,29.136502154373510523,70555.81
2022-01-28,0.000000000000000000,0.000000000000000000,29.407726050206006987,3.102881322791450116,32.510607372997457103,82924.49
2022-01-29,0.000000000000000000,0.000000000000000000,32.204061178388191046,4.170202233490133509,36.374263411878324555,94475.53
2022-01-30,0.000000000000000000,0.000000000000000000,72.258317290020830645,3.918819486726602047,76.177136776747432692,198598.26
2022-01-31,0.000000000000000000,0.000000000000000000,39.000599232386134562,8.894114907538550705,47.894714139924685267,128739.94
2022-02-01,0.000000000000000000,0.000000000000000000,60.699204204965453559,4.799255409923584490,65.498459614889038049,183157.90
2022-02-02,0.000000000000000000,0.000000000000000000,31.854850216068934804,8.395502809685340283,40.250353025754275087,107955.61
2022-02-03,0.000000000000000000,0.000000000000000000,31.873272114934914374,4.261282966005927486,36.134555080940841860,96899.18
2022-02-04,0.000000000000000000,0.000000000000000000,111.799946044598877093,5.840674374342542322,117.640620418941419415,350973.70
2022-02-05,0.000000000000000000,0.000000000000000000,109.055119279116079925,4.587162907038088783,113.642282186154168708,342636.80
2022-02-06,0.000000000000000000,0.000000000000000000,71.407762696068389147,2.519105563804242347,73.926868259872631494,226218.16
2022-02-07,0.000000000000000000,0.000000000000000000,36.985539777047770329,5.739644555116732289,42.725184332164502618,134582.19
2022-02-08,0.000000000000000000,0.000000000000000000,40.707953625728803323,5.640425871894287497,46.348379497623090820,144781.93
2022-02-09,0.000000000000000000,0.000000000000000000,33.614599021666084345,4.347448382873993116,37.962047404540077461,123059.64
2022-02-10,0.000000000000000000,0.000000000000000000,28.328230095132894542,3.085183955007114299,31.413414050140008841,96592.83
2022-02-11,0.000000000000000000,0.000000000000000000,27.238779227874561934,3.784759061707641275,31.023538289582203209,90867.06
2022-02-12,0.000000000000000000,0.000000000000000000,27.302427054638113338,2.902399420937488025,30.204826475575601363,87957.51
2022-02-13,0.000000000000000000,0.000000000000000000,33.096035678640819995,6.940169628645639885,40.036205307286459880,115664.48
2022-02-14,0.000000000000000000,0.000000000000000000,37.246383191683835966,6.335009805452099602,43.581392997135935568,127855.50
2022-02-15,0.000000000000000000,0.000000000000000000,25.082579948656836247,4.781126894123885146,29.863706842780721393,95066.93
2022-02-16,0.000000000000000000,0.000000000000000000,37.602267058700128269,6.561508089879148916,44.163775148579277185,138357.72
2022-02-17,0.000000000000000000,0.000000000000000000,23.845250664348538132,1.760705023442393207,25.605955687790931339,73796.25
2022-02-18,0.000000000000000000,0.000000000000000000,28.597666411675233124,3.834162870150346900,32.431829281825580024,90496.97
2022-02-19,0.000000000000000000,0.000000000000000000,86.594973281638187761,6.224181704435750077,92.819154986073937838,256823.18
2022-02-20,0.000000000000000000,0.000000000000000000,37.385509792636101001,4.577428174831259849,41.962937967467360850,110453.24
2022-02-21,0.000000000000000000,0.000000000000000000,17.500552126372487001,3.280261687343431991,20.780813813715918992,53421.34
2022-02-22,0.000000000000000000,0.000000000000000000,26.291338837698497356,3.419922907315578733,29.711261745014076089,78553.11
2022-02-23,0.000000000000000000,0.000000000000000000,33.075705863658227574,3.761926311083598366,36.837632174741825940,95629.36
2022-02-24,0.000000000000000000,0.000000000000000000,36.287106321206525896,1.618295963647210457,37.905402284853736353,98471.32
2022-02-25,0.000000000000000000,0.000000000000000000,47.060652508880506160,1.400257646425206382,48.460910155305712542,133905.89
2022-02-26,0.000000000000000000,0.000000000000000000,51.748314958816603605,3.534971321740295753,55.283286280556899358,153478.57
2022-02-27,0.000000000000000000,0.000000000000000000,48.361373246468474660,9.484584084923686452,57.845957331392161112,151767.72
2022-02-28,0.000000000000000000,0.000000000000000000,60.864073624978829242,10.798939877221514734,71.663013502200343976,209216.42
2022-03-01,0.000000000000000000,0.000000000000000000,66.692629781122746768,4.391721927163037822,71.084351708285784590,211503.98
2022-03-02,0.000000000000000000,0.000000000000000000,62.411839966722205317,7.869666652418466367,70.281506619140671684,207317.80
2022-03-03,0.000000000000000000,0.000000000000000000,34.230418741507378401,12.030797147870502152,46.261215889377880553,131242.47
2022-03-04,0.000000000000000000,0.000000000000000000,51.661375361588684844,4.666814287065086095,56.328189648653770939,147394.46
2022-03-05,0.000000000000000000,0.000000000000000000,31.538224139352721438,5.514715605277777140,37.052939744630498578,98756.69
2022-03-06,0.000000000000000000,0.000000000000000000,37.458253201359521771,17.110850597407417508,54.569103798766939279,139414.24
2022-03-07,0.000000000000000000,0.000000000000000000,27.722841392683190865,5.700817202448912468,33.423658595132103333,83403.90
2022-03-08,0.000000000000000000,0.000000000000000000,24.742606198679235857,5.188978831773098912,29.931585030452334769,77097.05
2022-03-09,0.000000000000000000,0.000000000000000000,37.509717879172988211,4.387992314454891224,41.897710193627879435,114425.72
2022-03-10,0.000000000000000000,0.000000000000000000,30.194896351839556131,2.872711036092264817,33.067607387931820948,86275.30
2022-03-11,0.000000000000000000,0.000000000000000000,29.958176122490584116,3.169162232764023528,33.127338355254607644,84778.49
2022-03-12,0.000000000000000000,0.000000000000000000,37.305056194048110389,4.187931826468079766,41.492988020516190155,106854.84
2022-03-13,0.000000000000000000,0.000000000000000000,33.737280981110972753,5.376507310606892525,39.113788291717865278,98517.85
2022-03-14,0.000000000000000000,0.000000000000000000,28.656106992366449019,8.207611623727027011,36.863718616093476030,95428.37
2022-03-15,0.000000000000000000,0.000000000000000000,31.243014038127014143,4.367446575401335838,35.610460613528349981,93285.13
2022-03-16,0.000000000000000000,0.000000000000000000,28.660739109441117751,4.850565729709546760,33.511304839150664511,92849.52
2022-03-17,0.000000000000000000,0.000000000000000000,26.620454490788808078,1.471472537612058541,28.091927028400866619,79116.98
2022-03-18,0.000000000000000000,0.000000000000000000,17.987477785341550926,2.391547580434682959,20.379025365776233885,60043.05
2022-03-19,0.000000000000000000,0.000000000000000000,60.102312195858513249,3.833937514039315612,63.936249709897828861,188413.09
2022-03-20,0.000000000000000000,0.000000000000000000,29.749133813972634759,9.386058821242362344,39.135192635214997103,111962.07
2022-03-21,0.000000000000000000,0.000000000000000000,32.243060227297686082,6.528896006464737741,38.771956233762423823,112361.52
2022-03-22,0.000000000000000000,0.000000000000000000,26.881760538047751140,2.072247021530498777,28.954007559578249917,86076.23
2022-03-23,0.000000000000000000,0.000000000000000000,28.495019476724024262,3.607004878031845239,32.102024354755869501,97337.54
2022-03-24,0.000000000000000000,0.000000000000000000,36.962979474249875934,13.570239292117856988,50.533218766367732922,157062.88
2022-03-25,0.000000000000000000,0.000000000000000000,25.045727151504486780,4.636336938041446826,29.682064089545933606,92267.59
2022-03-26,0.000000000000000000,0.000000000000000000,29.231195656706069163,8.076431508159499358,37.307627164865568521,117304.40
2022-03-27,0.000000000000000000,0.000000000000000000,24.015574840397813093,3.989006482595488780,28.004581322993301873,92204.12
2022-03-28,0.000000000000000000,0.000000000000000000,20.668676216230220927,1.362737116664611911,22.031413332894832838,73417.17
2022-03-29,0.000000000000000000,0.000000000000000000,18.748419202282469898,2.100266872001092423,20.848686074283562321,70982.84
2022-03-30,0.000000000000000000,0.000000000000000000,17.456392375724597021,3.940106951546282687,21.396499327270879708,72499.79
2022-03-31,0.000000000000000000,0.000000000000000000,17.914089660655217298,2.039076612310111045,19.953166272965328343,65456.25
2022-04-01,0.000000000000000000,0.000000000000000000,18.492008613925768486,1.016062859137209091,19.508071473062977577,67264.73
2022-04-02,0.000000000000000000,0.000000000000000000,14.122954912882918046,2.038891060644526542,16.161845973527444588,55635.46
2022-04-03,0.000000000000000000,0.000000000000000000,17.669447684438048935,1.626222867030358451,19.295670551468407386,67937.93
2022-04-04,0.000000000000000000,0.000000000000000000,13.214308255586259899,6.293000713571334546,19.507308969157594445,68663.24
2022-04-05,0.000000000000000000,0.000000000000000000,13.547674064077971613,3.533747144535986796,17.081421208613958409,58232.27
2022-04-06,0.000000000000000000,0.000000000000000000,21.689139012990744537,4.739890793031282564,26.429029806022027101,83761.82
2022-04-07,0.000000000000000000,0.000000000000000000,32.175284832659483042,2.741414508690477973,34.916699341349961015,112936.90
2022-04-08,0.000000000000000000,0.000000000000000000,27.672382457660555065,3.233504163797361252,30.905886621457916317,98660.86
2022-04-09,0.000000000000000000,0.000000000000000000,28.729817273706962924,3.172211155841545309,31.902028429548508233,104143.34
2022-04-10,0.000000000000000000,0.000000000000000000,30.206840489115857930,2.761787440230696909,32.968627929346554839,106015.59
2022-04-11,0.000000000000000000,0.000000000000000000,22.636883030486739904,3.066544971441715410,25.703428001928455314,76613.31
2022-04-12,0.000000000000000000,0.000000000000000000,20.694570499826164580,2.074541272145600126,22.769111771971764706,69082.00
2022-04-13,0.000000000000000000,0.000000000000000000,18.830021095144307639,3.749518209998407891,22.579539305142715530,70447.71
2022-04-14,0.000000000000000000,0.000000000000000000,24.033914261832007390,3.023713188820409121,27.057627450652416511,81716.20
2022-04-15,0.000000000000000000,0.000000000000000000,31.355746725869155795,2.971917212607480446,34.327663938476636241,104425.87
2022-04-16,0.000000000000000000,0.000000000000000000,33.341131180466688763,3.215202522015554178,36.556333702482242941,111962.53
2022-04-17,0.000000000000000000,0.000000000000000000,38.703487862076739272,2.685551887137630796,41.389039749214370068,123807.52
2022-04-18,0.000000000000000000,0.000000000000000000,27.909232796985288109,3.097159745779214899,31.006392542764503008,94890.16
2022-04-19,0.000000000000000000,0.000000000000000000,29.161233598571943521,4.435423676553425139,33.596657275125368660,104328.37
2022-04-20,0.000000000000000000,0.000000000000000000,23.800628042159693019,3.753653224450741088,27.554281266610434107,84816.81
2022-04-21,0.000000000000000000,0.000000000000000000,30.034710368246375669,6.258747866798783310,36.293458235045158979,108423.44
2022-04-22,0.000000000000000000,0.000000000000000000,43.750294392528058002,6.242842488188361377,49.993136880716419379,148356.47
2022-04-23,0.000000000000000000,0.000000000000000000,53.286574679303304637,4.354088441863461557,57.640663121166766194,169291.20
2022-04-24,0.000000000000000000,0.000000000000000000,108.490404840447647081,4.582164931635145830,113.072569772082792911,330414.54
2022-04-25,0.000000000000000000,0.000000000000000000,137.487277782523420833,4.756149151069488097,142.243426933592908930,428024.70
2022-04-26,0.000000000000000000,0.000000000000000000,397.844114767053417712,7.314812371598986572,405.158927138652404284,1136644.47
2022-04-27,0.000000000000000000,0.000000000000000000,396.725230560177630885,16.249081409872073271,412.974311970049704156,1193051.97
2022-04-28,0.000000000000000000,0.000000000000000000,332.265448189953608301,25.652099779593137398,357.917547969546745699,1050502.14
2022-04-29,0.000000000000000000,0.000000000000000000,208.848818825230089650,11.606706626262416899,220.455525451492506549,620520.58
2022-04-30,0.000000000000000000,0.000000000000000000,295.454168999475101189,18.560193776455109094,314.014362775930210283,857418.16
2022-05-01,0.000000000000000000,0.000000000000000000,205.433962170410156331,13.385055631799324769,218.819017802209481100,619084.95
2022-05-02,0.000000000000000000,0.000000000000000000,661.998320528511010032,29.315525093657840401,691.313845622168850433,1975291.05
2022-05-03,0.000000000000000000,0.000000000000000000,339.216493829338649338,32.174160011451256911,371.390653840789906249,1032973.37
2022-05-04,0.000000000000000000,0.000000000000000000,186.155197955352978740,20.284162694819657103,206.439360650172635843,607044.91
2022-05-05,0.000000000000000000,0.000000000000000000,145.705921061469036687,22.869167551035744345,168.575088612504781032,463600.04
2022-05-06,0.000000000000000000,0.000000000000000000,164.561492208274781843,25.967187215023991924,190.528679423298773767,513732.58
2022-05-07,0.000000000000000000,0.000000000000000000,172.128221321045782248,27.070076509089214815,199.198297830134997063,525728.13
2022-05-08,0.000000000000000000,0.000000000000000000,114.373942413316070253,26.490253967427693735,140.864196380743763988,353853.76
2022-05-09,0.000000000000000000,0.000000000000000000,90.123384359115889762,13.344549565034847653,103.467933924150737415,231925.76
2022-05-10,0.000000000000000000,0.000000000000000000,56.699968963559284985,11.089462139341842776,67.789431102901127761,158845.52
2022-05-11,0.000000000000000000,0.000000000000000000,33.330068950630514352,3.804511005576165185,37.134579956206679537,77091.25
2022-05-12,0.000000000000000000,0.000000000000000000,13.685844124940673485,4.432190194056537117,18.118034318997210602,35652.49
2022-05-13,0.000000000000000000,0.000000000000000000,46.864662357224912999,7.225651112802669449,54.090313470027582448,108618.49
2022-05-14,0.000000000000000000,0.000000000000000000,87.026028116829625690,7.046322178979648148,94.072350295809273838,193598.07
2022-05-15,0.000000000000000000,0.000000000000000000,111.530903604357662424,36.507620570716999602,148.038524175074662026,317656.80
2022-05-16,0.000000000000000000,0.000000000000000000,88.304877624446655327,11.543613543051273328,99.848491167497928655,201802.82
2022-05-17,0.000000000000000000,0.000000000000000000,43.542823673430889315,8.096791141462991420,51.639614814893880735,108003.81
2022-05-18,0.000000000000000000,0.000000000000000000,67.904539747548780550,7.089662490077744681,74.994202237626525231,143611.65
2022-05-19,0.000000000000000000,0.000000000000000000,55.337427927947982114,8.165314328901836779,63.502742256849818893,128340.67
2022-05-20,0.000000000000000000,0.000000000000000000,75.845288597517671997,9.306656960100908171,85.151945557618580168,166925.59
2022-05-21,0.000000000000000000,0.000000000000000000,70.453763619420672864,10.652756585512277961,81.106520204932950825,160088.95
2022-05-22,0.000000000000000000,0.000000000000000000,80.709467497567054314,6.178535951841587125,86.888003449408641439,177755.15
2022-05-23,0.000000000000000000,0.000000000000000000,53.417385928673134189,8.641314329430510677,62.058700258103644866,122440.97
2022-05-24,0.000000000000000000,0.000000000000000000,70.549158770662139674,10.770018578956481531,81.319177349618621205,160907.48
2022-05-25,0.000000000000000000,0.000000000000000000,105.623533598236420716,8.777802341852358466,114.401335940088779182,222117.63
2022-05-26,0.000000000000000000,0.000000000000000000,62.323221552804618829,17.754776046132072231,80.077997598936691060,144603.09
2022-05-27,0.000000000000000000,0.000000000000000000,38.929559654344099311,11.327184428680517661,50.256744083024616972,86596.45
2022-05-28,0.000000000000000000,0.000000000000000000,75.320914569013473630,10.021369605673610430,85.342284174687084060,153010.18
2022-05-29,0.000000000000000000,0.000000000000000000,60.608228031484566966,11.145528081531875238,71.753756113016442204,129932.21
2022-05-30,0.000000000000000000,0.000000000000000000,40.094285467331168576,8.303195249354635235,48.397480716685803811,96510.12
2022-05-31,0.000000000000000000,0.000000000000000000,47.347795705996597449,5.976484878439463234,53.324280584436060683,103866.44
2022-06-01,0.000000000000000000,0.000000000000000000,49.821328017240840449,6.704643613635768034,56.525971630876608483,103172.47
2022-06-02,0.000000000000000000,0.000000000000000000,38.748367655382527082,6.861205092218251354,45.609572747600778436,83602.13
2022-06-03,0.000000000000000000,0.000000000000000000,42.369282838965161255,13.014372367775774894,55.383655206740936149,98334.57
2022-06-04,0.000000000000000000,0.000000000000000000,38.238781649543441634,10.168315444322436674,48.407097093865878308,87200.53
2022-06-05,0.000000000000000000,0.000000000000000000,35.338079963567812687,5.762874669362048353,41.100954632929861040,74160.10
2022-06-06,0.000000000000000000,0.000000000000000000,36.953028026016081792,6.658056134571019021,43.611084160587100813,81014.57
2022-06-07,0.000000000000000000,0.000000000000000000,39.394833672608691019,16.092717488965812854,55.487551161574503873,100709.91
2022-06-08,0.000000000000000000,0.000000000000000000,33.953095591362046233,7.995778410656524165,41.948874002018570398,75223.85
2022-06-09,0.000000000000000000,0.000000000000000000,58.017732758050848924,6.633475008122591290,64.651207766173440214,115634.07
2022-06-10,0.000000000000000000,0.000000000000000000,65.588990377060689851,13.549790633589892963,79.138781010650582814,131599.09
2022-06-11,0.000000000000000000,0.000000000000000000,54.963454302447900937,13.406791116140400247,68.370245418588301184,104610.21
2022-06-12,0.000000000000000000,0.000000000000000000,37.561985324435159214,12.072847938921658711,49.634833263356817925,71838.23
2022-06-13,0.000000000000000000,0.000000000000000000,23.171154631765826736,6.780867772378152103,29.952022404143978839,36041.13
2022-06-14,0.000000000000000000,0.000000000000000000,96.627212727056248320,12.077039420298791564,108.704252147355039884,131927.83
2022-06-15,0.000000000000000000,0.000000000000000000,80.836819401584839607,24.545647474181916747,105.382466875766756354,130167.47
2022-06-16,0.000000000000000000,0.000000000000000000,54.403848847595629682,12.071550735290013020,66.475399582885642702,70944.71
2022-06-17,0.000000000000000000,0.000000000000000000,86.514239192268236735,15.341092762638230671,101.855331954906467406,110652.61
2022-06-18,0.000000000000000000,0.000000000000000000,92.597771723074091653,16.002200665161277622,108.599972388235369275,107944.38
2022-06-19,0.000000000000000000,0.000000000000000000,74.857198818436188794,11.667901152762938854,86.525099971199127648,97453.32
2022-06-20,0.000000000000000000,0.000000000000000000,85.515034179050546541,12.182247047252361227,97.697281226302907768,110288.95
2022-06-21,0.000000000000000000,0.000000000000000000,83.994226906947010547,38.369520962327825459,122.363747869274836006,137684.91
2022-06-22,0.000000000000000000,0.000000000000000000,63.876665767427809247,18.546717499514847440,82.423383266942656687,86500.73
2022-06-23,0.000000000000000000,0.000000000000000000,54.166605404801879238,16.472676864927811122,70.639282269729690360,80786.66
2022-06-24,0.000000000000000000,0.000000000000000000,129.795782669643800110,12.068419495875001637,141.864202165518801747,173667.30
2022-06-25,0.000000000000000000,0.000000000000000000,63.352856242949491504,12.126051041068945682,75.478907284018437186,93778.66
2022-06-26,0.000000000000000000,0.000000000000000000,80.704437234447917793,27.143017824509881669,107.847455058957799462,129181.52
2022-06-27,0.000000000000000000,0.000000000000000000,58.605019504702491935,10.464385573483526298,69.069405078186018233,82336.84
2022-06-28,0.000000000000000000,0.000000000000000000,101.448187275782964850,38.346410618437990615,139.794597894220955465,159674.00
2022-06-29,0.000000000000000000,0.000000000000000000,209.135619198134029441,41.108846624750374707,250.244465822884404148,274281.99
2022-06-30,0.000000000000000000,0.000000000000000000,115.033912994825113308,18.439407437404718213,133.473320432229831521,142488.48
2022-07-01,0.000000000000000000,0.000000000000000000,199.699006460627432696,28.506112753544237915,228.205119214171670611,241427.91
2022-07-02,0.000000000000000000,0.000000000000000000,126.538571616694730324,45.502731916201586767,172.041303532896317091,183433.31
2022-07-03,0.000000000000000000,0.000000000000000000,561.247530440682992953,81.691610219050463398,642.939140659733456351,690345.06
2022-07-04,0.000000000000000000,0.000000000000000000,519.324600698493534554,52.934634638157607635,572.259235336651142189,659711.89
2022-07-05,0.000000000000000000,0.000000000000000000,320.793669936228934150,58.737111545796346755,379.530781482025280905,430245.26
2022-07-06,0.000000000000000000,0.000000000000000000,201.082186734276645770,55.338516039686562584,256.420702773963208354,304545.19
2022-07-07,0.000000000000000000,0.000000000000000000,142.666446041762579540,34.616648528389107958,177.283094570151687498,219653.75
2022-07-08,0.000000000000000000,0.000000000000000000,110.821874740761615285,26.161132980120844240,136.983007720882459525,167343.68
2022-07-09,0.000000000000000000,0.000000000000000000,100.760254455287777729,22.884167774936325775,123.644422230224103504,150514.83
2022-07-10,0.000000000000000000,0.000000000000000000,96.359387300182369205,23.437318403658986232,119.796705703841355437,139974.52
2022-07-11,0.000000000000000000,0.000000000000000000,82.823288222942669604,32.182712180752590336,115.006000403695259940,126142.48
2022-07-12,0.000000000000000000,0.000000000000000000,94.955905811835553808,18.117118858135432660,113.073024669970986468,117331.77
2022-07-13,0.000000000000000000,0.000000000000000000,121.854573055334405099,28.059415642501422545,149.913988697835827644,166780.81
2022-07-14,0.000000000000000000,0.000000000000000000,89.332965145193795244,18.600197906544686390,107.933163051738481634,128559.19
2022-07-15,0.000000000000000000,0.000000000000000000,78.826656874847864115,19.565585590976094606,98.392242465823958721,121257.62
2022-07-16,0.000000000000000000,0.000000000000000000,86.129692124703821678,19.266030239155068358,105.395722363858890036,142755.34
2022-07-17,0.000000000000000000,0.000000000000000000,65.969214402936533607,22.788209967399500921,88.757424370336034528,118757.40
2022-07-18,0.000000000000000000,0.000000000000000000,120.288728983212090132,16.063314086839905605,136.352043070051995737,215208.00
2022-07-19,0.000000000000000000,0.000000000000000000,148.255343574992513520,20.151597624794022694,168.406941199786536214,259611.35
2022-07-20,0.000000000000000000,0.000000000000000000,137.179743108777778175,23.305762052871027520,160.485505161648805695,244067.72
2022-07-21,0.000000000000000000,0.000000000000000000,140.827590044783265690,21.446003959960394506,162.273594004743660196,255904.75
2022-07-22,0.000000000000000000,0.000000000000000000,110.366611981347624888,15.935506739956574263,126.302118721304199151,194137.24
2022-07-23,0.000000000000000000,0.000000000000000000,99.829725085643352774,18.401729261569937024,118.231454347213289798,183586.74
2022-07-24,0.000000000000000000,0.000000000000000000,107.439898571603343247,21.194283468322878492,128.634182039926221739,205702.75
2022-07-25,0.000000000000000000,0.000000000000000000,130.536593139724127321,48.255241910339331386,178.791835050063458707,257319.59
2022-07-26,0.000000000000000000,0.000000000000000000,62.549718549658389610,13.949379362886124784,76.499097912544514394,111038.82
2022-07-27,0.000000000000000000,0.000000000000000000,86.905550616548163631,19.185517820727989531,106.091068437276153162,174074.84
2022-07-28,0.000000000000000000,0.000000000000000000,140.404064099862961683,15.373657594920616151,155.777721694783577834,268780.17
2022-07-29,0.000000000000000000,0.000000000000000000,94.438269888294401608,16.734184181917583371,111.172454070211984979,191626.85
2022-07-30,0.000000000000000000,0.000000000000000000,64.179333129007572158,15.814883576864752753,79.994216705872324911,135707.79
2022-07-31,0.000000000000000000,0.000000000000000000,71.084813846660611307,21.273834546042316349,92.358648392702927656,155278.31
2022-08-01,0.000000000000000000,0.000000000000000000,64.472693018950068816,24.297265507174247232,88.769958526124316048,145090.95
2022-08-02,0.000000000000000000,0.000000000000000000,69.085824278034493819,20.504544262759967212,89.590368540794461031,146349.34
2022-08-03,0.000000000000000000,0.000000000000000000,74.667999020300458652,20.661226401819792139,95.329225422120250791,154326.58
2022-08-04,0.000000000000000000,0.000000000000000000,65.259592900266098941,13.690507831151174513,78.950100731417273454,127064.10
2022-08-05,0.000000000000000000,0.000000000000000000,65.254561311732573149,19.490105819547224861,84.744667131279798010,146888.31
2022-08-06,0.000000000000000000,0.000000000000000000,66.592502561787673424,14.322946651223557765,80.915449213011231189,136585.28
2022-08-07,0.000000000000000000,0.000000000000000000,55.403754640412821620,9.235000163473953236,64.638754803886774856,109875.54
2022-08-08,0.000000000000000000,0.000000000000000000,49.001069543620434172,11.955727088331577160,60.956796631952011332,108161.19
2022-08-09,0.000000000000000000,0.000000000000000000,52.446309612250846768,29.742817520449472665,82.189127132700319433,139924.08
2022-08-10,0.000000000000000000,0.000000000000000000,38.753145574473327471,19.753779214568337272,58.506924789041664743,108301.58
2022-08-11,0.000000000000000000,0.000000000000000000,48.023746786519880527,11.688217982294412749,59.711964768814293276,112381.02
2022-08-12,0.000000000000000000,0.000000000000000000,123.047969605272797109,15.108588771304870327,138.156558376577667436,270860.82
2022-08-13,0.000000000000000000,0.000000000000000000,56.023926872702529762,11.097233834042683442,67.121160706745213204,133087.84
2022-08-14,0.000000000000000000,0.000000000000000000,59.448258077037268971,26.462387193622999985,85.910645270660268956,166540.36
2022-08-15,0.000000000000000000,0.000000000000000000,61.968234631651681154,14.378890192152884550,76.347124823804565704,145557.32
2022-08-16,0.000000000000000000,0.000000000000000000,90.405942404815807414,16.080966431715730834,106.486908836531538248,200152.79
2022-08-17,0.000000000000000000,0.000000000000000000,78.568597292792957487,16.535065620032715984,95.103662912825673471,174035.90
2022-08-18,0.000000000000000000,0.000000000000000000,93.502538024260453985,14.900770171966451273,108.403308196226905258,200137.76
2022-08-19,0.000000000000000000,0.000000000000000000,88.869634452358844250,11.627473648770391093,100.497108101129235343,161516.94
2022-08-20,0.000000000000000000,0.000000000000000000,73.057740866760033451,17.982176783347318255,91.039917650107351706,143553.26
2022-08-21,0.000000000000000000,0.000000000000000000,90.336037897593986709,27.214937752408650847,117.550975650002637556,190065.65
2022-08-22,0.000000000000000000,0.000000000000000000,75.566943340848492094,19.945916064553931247,95.512859405402423341,155207.20
2022-08-23,0.000000000000000000,0.000000000000000000,61.098212849727836346,20.803011850430830372,81.901224700158666718,136169.39
2022-08-24,0.000000000000000000,0.000000000000000000,64.379551310107996084,46.993031262414895017,111.372582572522891101,184448.59
2022-08-25,0.000000000000000000,0.000000000000000000,53.358734126541945481,16.817721817211904593,70.176455943753850074,118961.61
2022-08-26,0.000000000000000000,0.000000000000000000,64.782700239718695126,18.097692751289904349,82.880392991008599475,124913.18
2022-08-27,0.000000000000000000,0.000000000000000000,61.363513901272898868,35.677134722452531267,97.040648623725430135,145021.74
2022-08-28,0.000000000000000000,0.000000000000000000,58.593471741853427653,49.266370565612756089,107.859842307466183742,154001.20
2022-08-29,0.000000000000000000,0.000000000000000000,76.008311425426870189,27.222210446250490968,103.230521871677361157,160244.23
2022-08-30,0.000000000000000000,0.000000000000000000,57.952356335716000008,27.284684034718764788,85.237040370434764796,129473.50
2022-08-31,0.000000000000000000,0.000000000000000000,86.028179362093011572,20.609945734843257171,106.638125096936268743,165699.08
2022-09-01,0.000000000000000000,0.000000000000000000,57.583569326502646975,33.267502742027428111,90.851072068530075086,144139.77
2022-09-02,0.000000000000000000,0.000000000000000000,54.125110017841607578,29.716861141981451101,83.841971159823058679,132040.31
2022-09-03,0.000000000000000000,0.000000000000000000,51.192618052270649323,24.712403399800608393,75.905021452071257716,118212.18
2022-09-04,0.000000000000000000,0.000000000000000000,87.205003298969422699,37.287732630598757277,124.492735929568179976,196527.97
2022-09-05,0.000000000000000000,0.000000000000000000,62.905597185149341412,40.267938649908501292,103.173535835057842704,166988.43
2022-09-06,0.000000000000000000,0.000000000000000000,93.366608167735374673,52.489237781304898553,145.855845949040273226,227620.77
2022-09-07,0.000000000000000000,0.000000000000000000,115.703681901921403901,55.521340455006503663,171.225022356927907564,278205.18
2022-09-08,0.000000000000000000,0.000000000000000000,85.585783019034488017,38.431873183981106616,124.017656203015594633,202853.43
2022-09-09,0.000000000000000000,0.000000000000000000,111.982729991283527046,48.204201957569437158,160.186931948852964204,275408.22
2022-09-10,0.000000000000000000,0.000000000000000000,181.031561038004280025,24.195502319538556796,205.227063357542836821,364499.68
2022-09-11,0.000000000000000000,0.000000000000000000,114.899044447502046056,18.395255240529544898,133.294299688031590954,235075.83
2022-09-12,0.000000000000000000,0.000000000000000000,82.201064361662431743,16.617789876156689721,98.818854237819121464,169550.69
2022-09-13,0.000000000000000000,0.000000000000000000,70.806092694503225587,14.308552930242022926,85.114645624745248513,133994.03
2022-09-14,0.000000000000000000,0.000000000000000000,86.387481777827255090,20.476891467865101198,106.864373245692356288,174967.61
2022-09-15,0.000000000000000000,0.000000000000000000,72.108491453978600093,18.941303738236863220,91.049795192215463313,133698.63
2022-09-16,0.000000000000000000,0.000000000000000000,90.049334504505057305,22.019227649633243559,112.068562154138300864,160524.77
2022-09-17,0.000000000000000000,0.000000000000000000,98.440958696063377853,12.652328839517310431,111.093287535580688284,163312.08
2022-09-18,0.000000000000000000,0.000000000000000000,96.628554696216090428,33.550214684570651697,130.178769380786742125,173273.19
2022-09-19,0.000000000000000000,0.000000000000000000,90.422000583524416779,24.049851759640859550,114.471852343165276329,157805.74
2022-09-20,0.000000000000000000,0.000000000000000000,113.065351516352568350,26.311471055725156669,139.376822572077725019,184791.37
2022-09-21,0.000000000000000000,0.000000000000000000,123.335318211576920646,34.410358173858793785,157.745676385435714431,197455.83
2022-09-22,0.000000000000000000,0.000000000000000000,85.760946682668789559,49.910604178819553563,135.671550861488343122,180143.87
2022-09-23,0.000000000000000000,0.000000000000000000,94.963146847864304582,24.590415024497597420,119.553561872361902002,158436.17
2022-09-24,0.000000000000000000,0.000000000000000000,117.838352123291889595,23.528648056192426060,141.367000179484315655,186650.42
2022-09-25,0.000000000000000000,0.000000000000000000,93.889270112114329035,24.576743466307215288,118.466013578421544323,153650.42
2022-09-26,0.000000000000000000,0.000000000000000000,127.436706848342919747,18.592226954759245125,146.028933803102164872,195123.54
2022-09-27,0.000000000000000000,0.000000000000000000,77.745111618198322857,33.294055581217076418,111.039167199415399275,147631.36
2022-09-28,0.000000000000000000,0.000000000000000000,95.367025223753737288,44.869363647752716144,140.236388871506453432,187435.68
2022-09-29,0.000000000000000000,0.000000000000000000,102.531828579949342467,30.357746536704747336,132.889575116654089803,177598.50
2022-09-30,0.000000000000000000,0.000000000000000000,84.832000665580502223,18.506537634148784328,103.338538299729286551,137249.35
2022-10-01,0.000000000000000000,0.000000000000000000,87.119036297722765560,26.011393991665027647,113.130430289387793207,148305.63
2022-10-02,0.000000000000000000,0.000000000000000000,76.735811608499716312,25.956600114728206709,102.692411723227923021,130980.06
2022-10-03,0.000000000000000000,0.000000000000000000,46.077885775653332807,28.434184049951986055,74.512069825605318862,98627.19
2022-10-04,0.000000000000000000,0.000000000000000000,61.601421898559969763,42.162891710933921269,103.764313609493891032,141392.41
2022-10-05,0.000000000000000000,0.000000000000000000,65.515161631120570945,27.635206175453338681,93.150367806573909626,126064.25
2022-10-06,0.000000000000000000,0.000000000000000000,69.713571873432358850,30.026172377266795090,99.739744250699153940,134763.37
2022-10-07,0.000000000000000000,0.000000000000000000,68.406536232389130315,24.509467394969293638,92.916003627358423953,123750.73
2022-10-08,0.000000000000000000,0.000000000000000000,62.150590099651104506,21.939708511060650852,84.090298610711755358,110597.24
2022-10-09,0.000000000000000000,0.000000000000000000,58.537490888248370092,10.498017678904481248,69.035508567152851340,91303.38
2022-10-10,0.000000000000000000,0.000000000000000000,35.331575558783214407,21.867617610517520103,57.199193169300734510,73828.37
2022-10-11,0.000000000000000000,0.000000000000000000,55.822753422772734034,16.909327489793198213,72.732080912565932247,93003.97
2022-10-12,0.000000000000000000,0.000000000000000000,46.147162959309575798,30.706208532250662350,76.853371491560238148,99484.38
2022-10-13,0.000000000000000000,0.000000000000000000,57.844148066505447208,22.825119904019893502,80.669267970525340710,103927.08
2022-10-14,0.000000000000000000,0.000000000000000000,51.775425281617473172,24.025353083618197029,75.800778365235670201,98392.44
2022-10-15,0.000000000000000000,0.000000000000000000,40.620973738889902299,16.782585515797911329,57.403559254687813628,73136.15
2022-10-16,0.000000000000000000,0.000000000000000000,53.107874128556889666,19.796283957396663566,72.904158085953553232,95321.46
2022-10-17,0.000000000000000000,0.000000000000000000,55.741835832827813389,28.061693057973805097,83.803528890801618486,111676.58
2022-10-18,0.000000000000000000,0.000000000000000000,42.296036398836373113,20.884153049027669475,63.180189447864042588,82730.15
2022-10-19,0.000000000000000000,0.000000000000000000,33.672384167307096630,31.883377393030875806,65.555761560337972436,84227.38
2022-10-20,0.000000000000000000,0.000000000000000000,42.083967052456844954,25.718105411581049032,67.802072464037893986,86987.92
2022-10-21,0.000000000000000000,0.000000000000000000,33.385637145166577236,13.965558294804403330,47.351195439970980566,61554.78
2022-10-22,0.000000000000000000,0.000000000000000000,32.330347566643713136,20.569416271995336088,52.899763838639049224,69505.00
2022-10-23,0.000000000000000000,0.000000000000000000,37.685451815252804579,16.690871984054019471,54.376323799306824050,74216.37
2022-10-24,0.000000000000000000,0.000000000000000000,38.652377100012276805,15.024999468567572819,53.677376568579849624,72172.17
2022-10-25,0.000000000000000000,0.000000000000000000,44.864144372682373206,15.473363408809774864,60.337507781492148070,88238.17
2022-10-26,0.000000000000000000,0.000000000000000000,27.779686449359110246,21.460627549769041817,49.240313999128152063,77016.42
2022-10-27,0.000000000000000000,0.000000000000000000,32.067754162128378853,20.235053914106872260,52.302808076235251113,79214.04
2022-10-28,0.000000000000000000,0.000000000000000000,27.955467311812901867,16.615131676240554758,44.570598988053456625,69365.98
2022-10-29,0.000000000000000000,0.000000000000000000,24.020462255367594022,20.506578237343590781,44.527040492711184803,72209.50
2022-10-30,0.000000000000000000,0.000000000000000000,44.216937087957186640,35.193653924705431393,79.410591012662618033,126345.43
2022-10-31,0.000000000000000000,0.000000000000000000,27.900712523679942187,15.861601351458337171,43.762313875138279358,68907.80
2022-11-01,0.000000000000000000,0.000000000000000000,29.053279365667072194,11.171334041778305914,40.224613407445378108,63555.41
2022-11-02,0.000000000000000000,0.000000000000000000,32.120000770802821036,15.393414701874264973,47.513415472677086009,72224.19
2022-11-03,0.000000000000000000,0.000000000000000000,24.717603324843590418,18.827785492997580075,43.545388817841170493,66683.84
2022-11-04,0.000000000000000000,0.000000000000000000,24.230699867673078678,23.863011579088825773,48.093711446761904451,79152.03
2022-11-05,0.000000000000000000,0.000000000000000000,19.901474133060217032,20.214169442287817603,40.115643575348034635,65271.64
2022-11-06,0.000000000000000000,0.000000000000000000,21.193724521124004174,20.440365717027808947,41.634090238151813121,65431.99
2022-11-07,0.000000000000000000,0.000000000000000000,20.918872637292401309,31.491344256133723511,52.410216893426124820,82161.78
2022-11-08,0.000000000000000000,0.000000000000000000,24.629514301962144032,21.203962178853208104,45.833476480815352136,60965.48
2022-11-09,0.000000000000000000,0.000000000000000000,16.129497328428728873,12.575541833948537429,28.705039162377266302,31628.06
2022-11-10,0.000000000000000000,0.000000000000000000,22.560909920493919839,20.064663901304353217,42.625573821798273056,55354.85
2022-11-11,0.000000000000000000,0.000000000000000000,31.744634411256420039,28.358216269713560279,60.102850680969980318,77475.17
2022-11-12,0.000000000000000000,0.000000000000000000,33.595367802180724452,20.457454321897498032,54.052822124078222484,67807.10
2022-11-13,0.000000000000000000,0.000000000000000000,23.989839844231769113,16.638210331051374003,40.628050175283143116,49610.51
2022-11-14,0.000000000000000000,0.000000000000000000,19.155442445035504161,15.396194026476761479,34.551636471512265640,42874.91
2022-11-15,0.000000000000000000,0.000000000000000000,25.163143152843574696,16.254048174292419074,41.417191327135993770,51828.03
2022-11-16,0.000000000000000000,0.000000000000000000,27.490033120922484046,14.389969168839786848,41.880002289762270894,50922.20
2022-11-17,0.000000000000000000,0.000000000000000000,28.002411460429199413,17.154195646164551742,45.156607106593751155,54128.77
2022-11-18,0.000000000000000000,0.000000000000000000,26.255544933377085899,21.515647803216683463,47.771192736593769362,57880.08
2022-11-19,0.000000000000000000,0.000000000000000000,45.735690002419465799,19.901046555115638774,65.636736557535104573,79909.44
2022-11-20,0.000000000000000000,0.000000000000000000,33.872539267388238009,11.065230322043284461,44.937769589431522470,51321.73
2022-11-21,0.000000000000000000,0.000000000000000000,39.237997287101368994,18.452370913739508486,57.690368200840877480,63860.24
2022-11-22,0.000000000000000000,0.000000000000000000,32.928669867810657022,14.001348240331957593,46.930018108142614615,53221.10
2022-11-23,0.000000000000000000,0.000000000000000000,20.612387007202417987,14.269993034628808786,34.882380041831226773,41264.46
2022-11-24,0.000000000000000000,0.000000000000000000,20.940179378804274670,12.661605771613876724,33.601785150418151394,40415.22
2022-11-25,0.000000000000000000,0.000000000000000000,24.739580245707757769,10.544552946756081854,35.284133192463839623,42264.39
2022-11-26,0.000000000000000000,0.000000000000000000,21.999152169534270669,14.007039484510775147,36.006191654045045816,43386.38
2022-11-27,0.000000000000000000,0.000000000000000000,22.757369324626860258,15.074009924361523550,37.831379248988383808,45072.74
2022-11-28,0.000000000000000000,0.000000000000000000,22.702778159451135848,15.147756401284547384,37.850534560735683232,44226.08
2022-11-29,0.000000000000000000,0.000000000000000000,24.857906277602682648,10.058209307940940322,34.916115585543622970,42461.14
2022-11-30,0.000000000000000000,0.000000000000000000,24.029256922067616437,8.595016398732684549,32.624273320800300986,42245.52
2022-12-01,0.000000000000000000,0.000000000000000000,24.120932164579202516,12.207208905221400397,36.328141069800602913,46333.37
2022-12-02,0.000000000000000000,0.000000000000000000,31.153476068744784631,12.711161018198299953,43.864637086943084584,56810.69
2022-12-03,0.000000000000000000,0.000000000000000000,23.302521775067774486,8.477991723229201994,31.780513498296976480,39467.97
2022-12-04,0.000000000000000000,0.000000000000000000,27.109355285643715090,13.845312481060140691,40.954667766703855781,52460.84
2022-12-05,0.000000000000000000,0.000000000000000000,23.208599799713886465,12.345163477259005922,35.553763276972892387,44745.83
2022-12-06,0.000000000000000000,0.000000000000000000,22.092113154310958569,9.432106286722776340,31.524219441033734909,40100.36
2022-12-07,0.000000000000000000,0.000000000000000000,26.688376357500430477,13.948731091758641475,40.637107449259071952,50081.78
2022-12-08,0.000000000000000000,0.000000000000000000,34.445276849995268603,15.778777811963425878,50.224054661958694481,64349.42
2022-12-09,0.000000000000000000,0.000000000000000000,35.476893271779414478,9.491158463624853704,44.968051735404268182,56750.84
2022-12-10,0.000000000000000000,0.000000000000000000,31.759818295373965656,7.293141130756321671,39.052959426130287327,49396.34
2022-12-11,0.000000000000000000,0.000000000000000000,38.845094026864039985,16.381289779910631597,55.226383806774671582,69798.16
2022-12-12,0.000000000000000000,0.000000000000000000,38.254157531088535124,15.570863683995315891,53.825021215083851015,68613.11
2022-12-13,0.000000000000000000,0.000000000000000000,29.903224336171082740,16.684164282540923301,46.587388618712006041,61466.95
2022-12-14,0.000000000000000000,0.000000000000000000,23.869876522517293368,19.700091866834890739,43.569968389352184107,56984.55
2022-12-15,0.000000000000000000,0.000000000000000000,22.840282307135476137,15.357193220776558745,38.197475527912034882,48359.91
2022-12-16,0.000000000000000000,0.000000000000000000,24.652348760527503401,13.729528405996682332,38.381877166524185733,44758.45
2022-12-17,0.000000000000000000,0.000000000000000000,23.768896807884699464,13.628196849962074431,37.397093657846773895,44434.48
2022-12-18,0.000000000000000000,0.000000000000000000,40.405555975505862781,9.105957813256691728,49.511513788762554509,58622.09
2022-12-19,0.000000000000000000,0.000000000000000000,74.832812936646545138,8.214910010601230559,83.047722947247775697,96920.55
2022-12-20,0.000000000000000000,0.000000000000000000,33.879868299484802561,16.502167960101513906,50.382036259586316467,61357.33
2022-12-21,0.000000000000000000,0.000000000000000000,28.202824716646511422,21.846453099575838459,50.049277816222349881,60679.59
2022-12-22,0.000000000000000000,0.000000000000000000,25.390111427490968052,11.945139504163944864,37.335250931654912916,45450.30
2022-12-23,0.000000000000000000,0.000000000000000000,23.840233112129052651,16.447456105544792140,40.287689217673844791,49157.92
2022-12-24,0.000000000000000000,0.000000000000000000,24.222931222373616622,11.093928724888742099,35.316859947262358721,43099.22
2022-12-25,0.000000000000000000,0.000000000000000000,16.502166789842942870,9.125043885139274168,25.627210674982217038,31226.19
2022-12-26,0.000000000000000000,0.000000000000000000,20.311409824283123548,12.794547366077691933,33.105957190360815481,40708.18
2022-12-27,0.000000000000000000,0.000000000000000000,17.735346276242497721,10.178759396624942493,27.914105672867440214,33816.43
2022-12-28,0.000000000000000000,0.000000000000000000,19.708791969229820224,13.072946784125090383,32.781738753354910607,39002.73
2022-12-29,0.000000000000000000,0.000000000000000000,17.979633307404717261,13.013699744022324726,30.993333051427041987,37214.19
2022-12-30,0.000000000000000000,0.000000000000000000,19.560246730288126029,23.088734650218172144,42.648981380506298173,51113.01
2022-12-31,0.000000000000000000,0.000000000000000000,55.199578197786915187,12.390578008104875073,67.590156205891790260,80821.16
2023-01-01,0.000000000000000000,0.000000000000000000,22.451756117145888039,12.269784091835209086,34.721540208981097125,41652.31
2023-01-02,0.000000000000000000,0.000000000000000000,23.614253927584508786,26.455883942441430286,50.070137870025939072,60802.67
2023-01-03,0.000000000000000000,0.000000000000000000,29.885750151925888247,23.433245243246103909,53.318995395171992156,64745.79
2023-01-04,0.000000000000000000,0.000000000000000000,23.261596305968936235,25.213243857403670191,48.474840163372606426,60882.01
2023-01-05,0.000000000000000000,0.000000000000000000,22.916497478042419127,12.818272295342558186,35.734769773384977313,44671.59
2023-01-06,0.000000000000000000,0.000000000000000000,28.311728513255388288,18.506162813153688582,46.817891326409076870,59416.45
2023-01-07,0.000000000000000000,0.000000000000000000,41.599782700958030076,16.779335496917659779,58.379118197875689855,73795.29
2023-01-08,0.000000000000000000,0.000000000000000000,15.969545501987899976,17.924548897916945570,33.894094399904845546,43810.71
2023-01-09,0.000000000000000000,0.000000000000000000,30.623175379084082742,24.934112548903796777,55.557287927987879519,73406.73
2023-01-10,0.000000000000000000,0.000000000000000000,23.106185539911605011,16.715574953347559234,39.821760493259164245,53188.95
2023-01-11,0.000000000000000000,0.000000000000000000,25.737693264633593552,14.792237483161644007,40.529930747795237559,56305.40
2023-01-12,0.000000000000000000,0.000000000000000000,25.650640619976850448,21.661238549796338555,47.311879169773189003,67006.87
2023-01-13,0.000000000000000000,0.000000000000000000,22.382097487429787871,20.018787299647536479,42.400884787077324350,61521.56
2023-01-14,0.000000000000000000,0.000000000000000000,22.881333403586592278,19.082277597922362463,41.963611001508954741,65103.76
2023-01-15,0.000000000000000000,0.000000000000000000,21.631260267412853953,26.476374551820310039,48.107634819233163992,74622.55
2023-01-16,0.000000000000000000,0.000000000000000000,22.904185663222636125,13.366924333365477239,36.271109996588113364,57183.76
2023-01-17,0.000000000000000000,0.000000000000000000,19.420243263117795138,27.669627326392930893,47.089870589510726031,73808.19
2023-01-18,0.000000000000000000,0.000000000000000000,25.205885184606622469,12.598923768454418344,37.804808953061040813,57150.03
2023-01-19,0.000000000000000000,0.000000000000000000,25.700144373647855811,10.777865806323430592,36.478010179971286403,56604.02
2023-01-20,0.000000000000000000,0.000000000000000000,18.584638569957626571,13.794119399867578698,32.378757969825205269,53750.04
2023-01-21,0.000000000000000000,0.000000000000000000,24.650841687603928057,14.632551884405202054,39.283393572009130111,63801.48
2023-01-22,0.000000000000000000,0.000000000000000000,18.288747735102990104,11.325750899270395273,29.614498634373385377,48236.10
2023-01-23,0.000000000000000000,0.000000000000000000,19.044592394614297794,24.754827714972180079,43.799420109586477873,71361.68
2023-01-24,0.000000000000000000,0.000000000000000000,24.369368751797247259,14.381599509287390321,38.750968261084637580,60237.99
2023-01-25,0.000000000000000000,0.000000000000000000,22.966390404350312376,19.629793996287215592,42.596184400637527968,68800.51
2023-01-26,0.000000000000000000,0.000000000000000000,21.331394026750730193,24.214975293266889447,45.546369320017619640,72951.45
2023-01-27,0.000000000000000000,0.000000000000000000,19.465498389298231133,18.005805121357331702,37.471303510655562835,59834.18
2023-01-28,0.000000000000000000,0.000000000000000000,21.852220990173830784,18.566289779701716316,40.418510769875547100,63477.68
2023-01-29,0.000000000000000000,0.000000000000000000,23.832687302738742473,13.662074171468108181,37.494761474206850654,61772.60
2023-01-30,0.000000000000000000,0.000000000000000000,21.369263899688398787,16.030524453024757855,37.399788352713156642,58622.67
2023-01-31,0.000000000000000000,0.000000000000000000,28.561933386901144926,17.341755104556739777,45.903688491457884703,72851.91
2023-02-01,0.000000000000000000,0.000000000000000000,19.935684836248818985,19.800955657249672119,39.736640493498491104,65212.20
2023-02-02,0.000000000000000000,0.000000000000000000,15.023852851828699836,18.694339249960006437,33.718192101788706273,55401.75
2023-02-03,0.000000000000000000,0.000000000000000000,14.292551171152867162,18.799553544493808737,33.092104715646675899,55066.59
2023-02-04,0.000000000000000000,0.000000000000000000,28.681675566227701840,33.273584782628861226,61.955260348856563066,103178.17
2023-02-05,0.000000000000000000,0.000000000000000000,16.341300805179264400,16.225218549579677956,32.566519354758942356,53151.82
2023-02-06,0.000000000000000000,0.000000000000000000,18.324662837541139486,22.636383331433932820,40.961046168975072306,66167.25
2023-02-07,0.000000000000000000,0.000000000000000000,15.854588878004815021,36.098507606617357520,51.953096484622172541,86901.94
2023-02-08,0.000000000000000000,0.000000000000000000,16.181113623899197942,22.149740023386000976,38.330853647285198918,63290.43
2023-02-09,0.000000000000000000,0.000000000000000000,16.580777496163273928,27.933336559945976707,44.514114056109250635,68784.99
2023-02-10,0.000000000000000000,0.000000000000000000,17.448970778739076410,28.614403780991451007,46.063374559730527417,69786.68
2023-02-11,0.000000000000000000,0.000000000000000000,18.057219882993503461,13.462384724249765085,31.519604607243268546,48567.79
2023-02-12,0.000000000000000000,0.000000000000000000,15.066000511999835193,27.822268118968928842,42.888268630968764035,64915.91
2023-02-13,0.000000000000000000,0.000000000000000000,13.271225378362022911,13.560156762762232320,26.831382141124255231,40493.92
2023-02-14,0.000000000000000000,0.000000000000000000,82.268091620854748617,20.109291700909651917,102.377383321764400534,159339.58
2023-02-15,0.000000000000000000,0.000000000000000000,11.721376011035066894,16.310914442418245756,28.032290453453312650,46987.16
2023-02-16,0.000000000000000000,0.000000000000000000,15.760492613400446769,13.131219417521092567,28.891712030921539336,47322.02
2023-02-17,0.000000000000000000,0.000000000000000000,14.618987718421592473,16.730006577809001904,31.348994296230594377,53137.33
2023-02-18,0.000000000000000000,0.000000000000000000,16.941901199657273427,9.511966009196696144,26.453867208853969571,44803.77
2023-02-19,0.000000000000000000,0.000000000000000000,55.029450495123600689,10.361305575683658210,65.390756070807258899,109922.59
2023-02-20,0.000000000000000000,0.000000000000000000,35.999228881812796171,18.819766089657372952,54.818994971470169123,93271.14
2023-02-21,0.000000000000000000,0.000000000000000000,42.111258829901831827,15.560484289555731864,57.671743119457563691,95575.34
2023-02-22,0.000000000000000000,0.000000000000000000,17.721760392128301028,10.498281917184378475,28.220042309312679503,46387.54
2023-02-23,0.000000000000000000,0.000000000000000000,77.736882490986510394,20.921211249792609144,98.658093740779119538,162926.28
2023-02-24,0.000000000000000000,0.000000000000000000,73.265702291528468697,16.721303319645812809,89.987005611174281506,144784.34
2023-02-25,0.000000000000000000,0.000000000000000000,96.851559471218118816,10.168025335357708526,107.019584806575827342,170693.06
2023-02-26,0.000000000000000000,0.000000000000000000,41.833391737860575885,12.672075306183336376,54.505467044043912261,89390.53
2023-02-27,0.000000000000000000,0.000000000000000000,32.152018985423087286,22.005609754938959986,54.157628740362047272,88444.28
2023-02-28,0.000000000000000000,0.000000000000000000,32.218678580040641828,18.231798361792344883,50.450476941832986711,80916.01
2023-03-01,0.000000000000000000,0.000000000000000000,26.302337939869683658,12.199777995134438851,38.502115935004122509,64142.99
2023-03-02,0.000000000000000000,0.000000000000000000,26.064855020500436420,15.351590397045409762,41.416445417545846182,68246.02
2023-03-03,0.000000000000000000,0.000000000000000000,33.009801387691714763,21.377090999543272937,54.386892387234987700,85298.65
2023-03-04,0.000000000000000000,0.000000000000000000,21.104542605462171629,20.913806111348734781,42.018348716810906410,65805.35
2023-03-05,0.000000000000000000,0.000000000000000000,36.789774628797811944,16.488547301067851575,53.278321929865663519,83391.43
2023-03-06,0.000000000000000000,0.000000000000000000,16.536231877356455759,29.674709009295774032,46.210940886652229791,72369.18
2023-03-07,0.000000000000000000,0.000000000000000000,19.101131207714639784,11.699646456249333235,30.800777663963973019,48116.97
2023-03-08,0.000000000000000000,0.000000000000000000,19.704025310427002482,18.288569663253920937,37.992594973680923419,58233.64
2023-03-09,0.000000000000000000,0.000000000000000000,16.998870871662015604,11.455958492374710711,28.454829364036726315,40953.76
2023-03-10,0.000000000000000000,0.000000000000000000,21.976911531477859613,18.863506420919143927,40.840417952397003540,58371.13
2023-03-11,0.000000000000000000,0.000000000000000000,12.070232699403345373,9.580821490241264855,21.651054189644610228,32157.66
2023-03-12,0.000000000000000000,0.000000000000000000,14.724080191053814851,9.604926378236138332,24.329006569289953183,38602.65
2023-03-13,0.000000000000000000,0.000000000000000000,10.475782283235207102,13.895235621102390108,24.371017904337597210,40879.43
2023-03-14,0.000000000000000000,0.000000000000000000,9.146881978033796238,20.865127728190918294,30.012009706224714532,51154.77
2023-03-15,0.000000000000000000,0.000000000000000000,11.251355054798109485,8.919854392888821893,20.171209447686931378,33361.57
2023-03-16,0.000000000000000000,0.000000000000000000,13.209169213797368890,9.652313617029366015,22.861482830826734905,38339.57
2023-03-17,0.000000000000000000,0.000000000000000000,25.123974695509540921,12.231025444512656156,37.355000140022197077,66831.05
2023-03-18,0.000000000000000000,0.000000000000000000,16.468938958904419314,19.666094051996582498,36.135033010901001812,63650.98
2023-03-19,0.000000000000000000,0.000000000000000000,14.289012222715607461,15.950640580874664565,30.239652803590272026,53904.10
2023-03-20,0.000000000000000000,0.000000000000000000,16.198046080273603366,9.244781242261075818,25.442827322534679184,44145.85
2023-03-21,0.000000000000000000,0.000000000000000000,17.307513657240198635,14.557597858762913928,31.865111516003112563,57658.33
2023-03-22,0.000000000000000000,0.000000000000000000,33.322877516997379513,10.397237708610593452,43.720115225607972965,76041.60
2023-03-23,0.000000000000000000,0.000000000000000000,12.246916769153016785,13.702803856943567027,25.949720626096583812,47183.86
2023-03-24,0.000000000000000000,0.000000000000000000,13.979421785176347177,18.200484088507248687,32.179905873683595864,56324.49
2023-03-25,0.000000000000000000,0.000000000000000000,29.144112333742254520,12.898347289557023145,42.042459623299277665,73316.58
2023-03-26,0.000000000000000000,0.000000000000000000,16.045452015912794256,12.311053773986173883,28.356505789898968139,50340.25
2023-03-27,0.000000000000000000,0.000000000000000000,16.075364843486276425,13.094070674898246499,29.169435518384522924,50057.43
2023-03-28,0.000000000000000000,0.000000000000000000,12.005275217245649141,13.311590292561709678,25.316865509807358819,44912.88
2023-03-29,0.000000000000000000,0.000000000000000000,13.321415219136600481,14.430785876982056528,27.752201096118657009,49752.48
2023-03-30,0.000000000000000000,0.000000000000000000,11.873993545061345464,10.405839839605333059,22.279833384666678523,39949.97
2023-03-31,0.000000000000000000,0.000000000000000000,12.716977969066505507,26.277161387147957110,38.994139356214462617,71052.39
2023-04-01,0.000000000000000000,0.000000000000000000,15.439441062921774456,17.290869904413354475,32.730310967335128931,59629.52
2023-04-02,0.000000000000000000,0.000000000000000000,13.602005935181261036,27.471749262767651305,41.073755197948912341,73760.93
2023-04-03,0.000000000000000000,0.000000000000000000,20.786494485397732215,17.730384601717383392,38.516879087115115607,69716.97
2023-04-04,0.000000000000000000,0.000000000000000000,17.188139646104413748,46.977978815641905370,64.166118461746319118,120075.00
2023-04-05,0.000000000000000000,0.000000000000000000,9.907489248997554369,8.165177768774095326,18.072667017771649695,34510.28
2023-04-06,0.000000000000000000,0.000000000000000000,13.212556927117296013,15.939560307420785700,29.152117234538081713,54574.49
2023-04-07,0.002697984627609664,0.000000000000000000,14.232459230384510584,22.798627050114476614,37.033784265126596862,69098.53
2023-04-08,0.021354226428656607,0.039873944315198087,12.548138531292144809,22.628781926196769287,35.238148628232768790,65152.92
2023-04-09,0.016155262846144548,0.006580672036066309,13.140615501901084652,18.684010040227182566,31.847361477010478075,59213.80
2023-04-10,0.163663403417053111,0.108396284459282116,10.610680166686257315,13.604662908736610704,24.487402763299203246,46745.75
2023-04-11,0.013019562173540412,0.000000000000000000,10.422098764531311210,18.760258337296821706,29.195376664001673328,55255.10
2023-04-12,0.058464519446386416,0.000000000000000000,13.088213114169969633,20.147359388527691786,33.294037022144047835,63875.22
2023-04-13,0.005212272182273892,0.000000000000000000,18.582567435063225489,14.238004591051920617,32.825784298297419998,66032.46
2023-04-14,0.007096829136749628,0.000000000000000000,7.958098411013239130,17.003621094588468892,24.968816334738457650,52515.95
2023-04-15,0.000000000000000000,0.000000000000000000,9.535446972581844430,13.787908497608232499,23.323355470190076929,48816.48
2023-04-16,0.002380873018521089,0.000000000000000000,9.560847405849941638,17.007948011093734913,26.571176289962197640,56334.35
2023-04-17,0.028787195436388516,0.000000000000000000,7.200843666093312421,13.638192090549912245,20.867822952079613182,43308.45
2023-04-18,1.726788768754385852,0.113050974189135734,7.137709877082080160,19.589766366367061305,28.567315986392663051,60109.35
2023-04-19,0.791128286368902479,0.055485638895669676,5.433004859908710645,12.992756675384161385,19.272375460557444185,37315.17
2023-04-20,1.459531592968400114,0.081930048557819052,15.658340941824059799,14.914537195604900121,32.114339778955179086,62454.06
2023-04-21,0.754343699826330988,0.117386019779985546,11.160092950620702239,50.508885187601819586,62.540707857828838359,115644.65
2023-04-22,1.009268737294828540,1.422944649952055576,9.956765444677132266,21.261069282481948308,33.650048114405964690,63095.83
2023-04-23,1.030881295908887394,0.220185317127578440,15.555475359742799155,22.425389157982601586,39.231931130761866575,73065.52
2023-04-24,4.722439558825995546,0.476117204062669349,3.947575558004838943,29.679509276938347083,38.825641597831850921,71528.13
2023-04-25,10.158148919217938170,1.336548194980266386,1.345272614687886307,45.641285253695283911,58.481254982581374774,109218.71
2023-04-26,5.435712274844862395,1.643191862173999675,2.085477232672117303,38.943054297408598854,48.107435667099578227,89792.53
2023-04-27,8.222233692199656758,0.487323354270689044,0.856454545641936785,29.938459583301060637,39.504471175413343224,75429.68
2023-04-28,6.986448992944051262,1.839565475869840735,1.098216328284425448,11.388938994725868435,21.313169791824185880,40345.40
2023-04-29,4.874757060059986935,0.236873718769536025,1.176994824544273094,15.260144124856460065,21.548769728230256119,41097.20
2023-04-30,3.563435206242062307,0.911209733247933522,2.408537798561651434,21.183751415850527450,28.066934153902174713,52796.15
2023-05-01,3.023477686092756192,0.491744798700184377,0.752181002896523157,16.327991305267506874,20.595394792956970600,37717.17
2023-05-02,2.982904651131637044,0.178964351338750409,0.613040989814368782,15.099515459926642606,18.874425452211398841,35304.02
2023-05-03,6.527822750196171771,0.247936369812963864,2.866832371032159300,23.899783959932053502,33.542375450973348437,63868.05
2023-05-04,4.000799377427201536,0.257529770073775065,1.894466411829555978,14.390848064827369736,20.543643624157902315,38565.50
2023-05-05,5.054944214109386846,1.296317054480221787,0.227704298890703984,12.564903156066179463,19.143868723546492080,38182.47
2023-05-06,5.029765593101240352,1.492628242271396920,0.560816333866839295,9.681199226881519088,16.764409396120995655,31880.21
2023-05-07,8.038093255924256441,0.297241742081778789,7.817125417845679505,3.456406250305687050,19.608866666157401785,36838.81
2023-05-08,6.065331385483431239,0.779043839953129255,1.628808143849649426,5.829543814993540368,14.302727184279750288,26461.23
2023-05-09,5.911151275436462638,1.901745862444108458,1.676181745292412324,8.485871828833452229,17.974950712006435649,33233.53
2023-05-10,4.893758638231495759,0.437399663091139517,1.335634527593511785,8.805500437255330471,15.472293266171477532,28532.38
2023-05-11,4.779135165981175401,2.026583938337431181,0.706364849168529765,7.267797517780807829,14.779881471267944176,26575.70
2023-05-12,8.735671241278934499,1.835362231973809135,2.181165130380894397,10.279047607107037020,23.031246210740675051,41648.40
2023-05-13,7.575542864517675100,0.532036537018525510,2.258383325869017091,18.162916986952630414,28.528879714357848115,51274.96
2023-05-14,9.234005799658009984,0.431278655511275351,0.917139927734930015,18.052176142925607177,28.634600525829822527,51559.46
2023-05-15,6.035266822479273435,2.344439130748553956,0.677645724028964708,12.451360391842183205,21.508712069098975304,39083.48
2023-05-16,5.822901619580175828,0.906878868168764199,2.321162566917145857,11.490285268768476750,20.541228323434562634,37463.09
2023-05-17,4.247873605414149887,0.627941161500040390,0.669618350707150276,14.048901116815145577,19.594334234436486130,35689.33
2023-05-18,6.018890242281790256,0.853056523100471189,1.129103251729252258,13.254982237380186339,21.256032254491700042,38301.88
2023-05-19,6.810899918202298827,0.590960813264577091,0.363215930107197485,16.763952222429806276,24.529028884003879679,44440.44
2023-05-20,7.681263290132071935,1.490901345031895643,5.274085133878908949,14.609913371634398634,29.056163140677275161,52883.86
2023-05-21,7.642356174604588612,1.384237467535958118,0.806663236149280268,21.433405909854615757,31.266662788144442755,56424.51
2023-05-22,8.900699011062345657,1.135609812179677755,0.823288727474155528,8.514153313233868570,19.373750863950047510,35222.84
2023-05-23,6.410436879121912912,1.692574887682214728,1.165076558190783785,14.168729415086826891,23.436817740081738316,43461.23
2023-05-24,5.432547125419078147,0.189099633565651278,1.265580571029856638,19.090015871899331886,25.977243201913917949,46773.07
2023-05-25,9.014916263179977992,1.114847528262995053,2.076762292345736678,9.186794137585958342,21.393320221374668065,38632.74
2023-05-26,7.515899621469237313,28.514835975307381552,1.831930185887271470,18.432503163116552751,56.295168945780443086,102969.49
2023-05-27,8.774891335350376316,0.842092534851506999,2.333789995237237090,20.506379995356965448,32.457153860796085853,59436.72
2023-05-28,7.029009578632793954,2.119535041142038590,2.818728795350114210,15.078111557245022214,27.045384972369968968,51766.35
2023-05-29,8.109804743836047576,0.347432306026021781,1.571347091189327495,16.088262006776183109,26.116846147827579961,49447.02
2023-05-30,7.623862053530636263,0.614078369928245874,0.847478339158419362,13.126441820917914120,22.211860583535215619,42213.64
2023-05-31,5.717134362976216193,1.594633072976211657,1.958406574162463288,11.811473235947598943,21.081647246062490081,39511.38
2023-06-01,7.139898908670849366,1.632529498128345805,1.409770705170842437,12.609775894077228737,22.791975006047266345,42419.61
2023-06-02,9.042126697284888717,4.974484951450707162,1.347618230878707452,15.834439751251718507,31.198669630866021838,59504.52
2023-06-03,6.680317040601380260,0.620654360752805007,1.727616581410696493,15.711423050162513358,24.740011032927395118,46807.61
2023-06-04,7.852532309427762943,2.298413318054493447,0.927490812676218544,25.295585490715043046,36.374021930873517980,68755.99
2023-06-05,6.503559086830726922,1.485513898399958612,1.340906667533635472,33.406811453812367196,42.736791106576688202,77380.09
2023-06-06,7.345400764998657280,0.118250382592121552,3.774962905332521048,17.270856835534544486,28.509470888457844366,53680.48
2023-06-07,8.033669417989461134,3.514496578193600199,3.919547229967258892,24.321561349871697320,39.789274576022017545,72941.70
2023-06-08,6.815230125928194948,2.531880056482897756,2.607643247902516586,16.882885194442374937,28.837638624755984227,53233.80
2023-06-09,6.540042103110942204,0.527401331468879412,5.173378323216091271,9.751870935248384249,21.992692693044297136,40485.71
2023-06-10,5.889342221767140931,0.364124748085821493,0.736537857574531618,12.222923657251356615,19.212928484678850657,33672.10
2023-06-11,6.373241317942362478,0.356595346562879803,0.694806365183630882,9.851119771930537873,17.275762801619411036,30274.64
2023-06-12,9.652698173429881719,3.567925016917048220,1.773049684844684225,14.834956641547542923,29.828629516739157087,51956.26
2023-06-13,10.509170472911323697,1.337855405262204610,1.357013772513453566,10.310285476761775284,23.514325127448757157,40882.71
2023-06-14,9.371937413191001925,1.163504108357192162,3.866454593289998167,24.481106169186739514,38.883002284024931768,64166.67
2023-06-15,10.896181689676920728,1.440217219034514670,1.526919872191023130,9.428631382949180438,23.291950163851638966,38774.34
2023-06-16,8.625679183873295856,1.019246672518584125,2.344749680856607460,23.037471969892121344,35.027147507140608785,60147.69
2023-06-17,9.972297738023360445,3.488692231298869826,2.053870675855869600,14.053011644623206458,29.567872289801306329,51084.41
2023-06-18,9.903718631175219220,1.799760533336817759,2.402942775944496298,13.855773124167320504,27.962195064623853781,48099.46
2023-06-19,9.302549441580118890,3.379658172973172572,3.155147190197676102,12.922866526345349250,28.760221331096316814,49891.69
2023-06-20,9.156172990852042303,6.114844014428790084,1.524993019844804625,14.780980344066330404,31.576990369191967416,56604.91
2023-06-21,7.105914479037376718,6.296710812379328445,3.942567555062864299,12.024483072918044827,29.369675919397614289,55555.75
2023-06-22,9.328032393868009826,1.821201993301724026,2.530490959007021859,14.446130097724393728,28.125855443901149439,52674.10
2023-06-23,6.495343619345748937,0.679986451883512741,1.026703727600387481,11.922114363911191442,20.124148162740840601,38056.17
2023-06-24,9.899584726529929855,1.429862097446893868,1.058745151380955704,12.149469070008492513,24.537661045366271940,46067.93
2023-06-25,11.233949693960143434,0.401092354906525449,2.902992964329423007,15.902134329978913590,30.440169343175005480,57841.50
2023-06-26,7.793871868841331978,1.068715321533090946,3.197093572474798199,12.120742352411942503,24.180423115261163626,44965.19
2023-06-27,8.867650346890280773,1.491070200330633521,4.248186493731285802,10.774347083784951063,25.381254124737151159,47979.39
2023-06-28,7.576966503620138099,1.313400127102876354,0.745616231076168190,18.545955723675002890,28.181938585474185533,51522.22
2023-06-29,4.781109281402556089,1.276940977227932929,2.778042709970362010,7.271404494708207937,16.107497463309058965,29844.45
2023-06-30,5.623116744963642378,1.285153566961699698,1.790803918570002135,8.394343475514337298,17.093417706009681509,33061.23
2023-07-01,6.551187543462604802,1.199342372085756087,1.763461851277662581,10.809136208301676619,20.323127975127700089,39121.99
2023-07-02,8.167369509246213289,3.503939851189970021,1.943490173030344219,12.177545256130921841,25.792344789597449370,49953.97
2023-07-03,8.289449885566776570,12.413477480871132181,1.521736314996064679,12.759723496159788223,34.984387177593761653,68374.24
2023-07-04,6.824239521669974156,1.014119434314365183,0.651970300699747338,13.637881279255644758,22.128210535939731435,42849.54
2023-07-05,2.863092948524056706,0.491580646814387661,1.910070723443482002,8.566906039334045777,13.831650358115972146,26427.82
2023-07-06,5.227585052543620209,3.002770971991308019,0.407097488387131161,6.223735831351890118,14.861189344273949507,27554.76
2023-07-07,4.692224503260607005,0.127030016641249105,1.468230633427609792,12.014481431745373268,18.301966585074839170,34225.11
2023-07-08,7.796759633599942373,9.592848069575563482,2.757345297298037669,12.958731766480565352,33.105684766954108876,61715.88
2023-07-09,6.926877987352038883,1.235543333735112971,2.312367945570962513,14.084774708146618107,24.559563974804732474,45750.52
2023-07-10,5.234702296311620645,1.423439717646255496,1.460037956838082777,9.141168300517556866,17.259348271313515784,32455.18
2023-07-11,6.098770959680729338,4.507023668231844468,1.907158265042615886,15.347368380613305407,27.860321273568495099,52321.93
2023-07-12,5.806492847490116474,0.550444505520718215,0.634543075589875560,11.514123061410608207,18.505603490011318456,34640.27
2023-07-13,7.934298351885312941,0.354419495637624861,0.440751966643511681,8.428785347625127407,17.158255161791576890,34387.41
2023-07-14,8.626346404413831489,2.062593512308081584,0.902709617722748300,20.836607161620061450,32.428256696064722823,62855.60
2023-07-15,8.820346383520180693,6.376074870421751736,1.015094623493756059,12.004593591356087397,28.216109468791775885,54487.56
2023-07-16,7.083514384499014260,2.627381934689519394,0.763862050638871228,21.389143282173540621,31.863901652000945503,61258.35
2023-07-17,8.601898338778987655,5.577055588056103002,1.071735624393612843,11.680783105065550398,26.931472656294253898,51522.89
2023-07-18,6.738951294764330763,2.337697706238134372,1.116887556559572980,11.852064798346321911,22.045601355908360026,41830.96
2023-07-19,9.679378130141259163,4.643967305759044705,3.883193069957644939,8.067345032093899738,26.273883537951848545,49670.17
2023-07-20,5.423932511620609849,1.620807417277924494,0.611623482857940134,9.996080207669052113,17.652443619425526590,33377.28
2023-07-21,6.543905943712476455,0.471541414226034204,1.064180923337962849,12.476555349879519859,20.556183631155993367,38895.38
2023-07-22,9.958909597530548276,1.463409692082564289,2.319478668695969989,15.352593991211154901,29.094391949520237455,54213.33
2023-07-23,9.181649396416601797,0.800632727287680603,0.996467827975445108,11.079343302822032315,22.058093254501759823,41672.73
2023-07-24,7.205574462679843193,0.849141962528631480,1.956884558163693171,16.400709686225179246,26.412310669597347090,48875.19
2023-07-25,6.303221708136745020,1.530722807024761209,2.185274743080747078,20.013186274529051743,30.032405532771305050,55796.31
2023-07-26,8.268685490366040304,0.217076024922463463,1.018581684489614409,17.034389560241957972,26.538732760020076148,49663.79
2023-07-27,7.325998661222180956,0.097954617733781318,1.338464009333146922,10.948228436187815436,19.710645724476924632,36669.05
2023-07-28,7.929750252121510344,0.054347449077976601,1.730505009525220429,10.212270010667818289,19.926872721392525663,37352.35
2023-07-29,8.860738873122502406,3.412530525978680420,1.166193565015168957,8.936287374640298858,22.375750338756650641,42094.59
2023-07-30,9.707119534188780465,0.888966167101421532,1.225370798163127151,19.689780666202158429,31.511237165655487577,58669.99
2023-07-31,7.789747039698311711,0.481019424701240244,1.933120509347457135,13.098305243618117292,23.302192217365126382,43247.10
2023-08-01,7.516105656736285987,3.645980033715716943,1.532150430484305366,21.543447327202056077,34.237683448138364373,64033.23
2023-08-02,8.806748924080565170,1.778373917675246363,0.655194381084401907,13.022293911649153369,24.262611134489366809,44579.39
2023-08-03,7.752241102934917448,1.527012652099699702,1.161404555997749832,12.992117112265145271,23.432775423297512253,42999.38
2023-08-04,8.445860004094131534,0.723048001284610389,2.385880778497691297,8.681823477312741556,20.236612261189174776,36991.31
2023-08-05,7.193464570904107368,0.136897447718767025,7.808286544926075928,10.200282140380068448,25.338930703929018769,46513.09
2023-08-06,8.170550733111306819,0.625775074193863930,0.943011558605897402,9.641732327865039947,19.381069693776108098,35415.57
2023-08-07,7.904087080558940220,2.594130441358392558,1.242683447739440735,14.904685805081734921,26.645586774738508434,48680.15
2023-08-08,8.209209420773142111,2.298570626328907128,1.689311858952589504,6.671790344204936780,18.868882250259575523,35014.14
2023-08-09,9.711096013176353428,11.593306718528297459,7.033121674524406801,13.468090665552144974,41.805615071781202662,77565.25
2023-08-10,9.880211393791091540,13.273124751441854876,11.915157194333883149,10.147448602931499867,45.215941942498329432,83701.93
2023-08-11,8.861864047785296552,7.782964861995670855,33.434728901600244591,12.018782792571561977,62.098340603952773975,114735.38
2023-08-12,12.092739826058269388,12.641988436785440388,63.020246245271165556,12.990071569758673705,100.745046077873549037,186274.57
2023-08-13,10.843298160584029851,8.523920294224865595,89.318455828209303751,18.249408298797063895,126.935082581815263092,233479.63
2023-08-14,9.707781364979463708,4.944067599645613293,8.329129521017508932,9.126313312819416138,32.107291798462002071,59206.04
2023-08-15,9.369582125690644309,5.205644250996398811,11.791105052081505626,9.697566608159356147,36.063898036927904893,65887.85
2023-08-16,7.017554586342861187,20.326419086624144338,14.617135479386926206,11.685348631671786370,53.646457784025718101,96907.66
2023-08-17,8.814674819564667764,8.994472805920652973,10.594626120533649462,8.028952612481924128,36.432726358500894327,61336.32
2023-08-18,8.109808250198429873,16.933465443756368318,8.848346091865367772,7.804070665110422154,41.695690450930588117,69274.89
2023-08-19,9.927694656151633388,16.481594309274233690,10.447445701960736634,13.416742795113173207,50.273477462499776919,83891.35
2023-08-20,8.693882260201891980,12.501093406329548777,8.152470538811907982,13.700172875652049827,43.047619080995398566,72492.62
2023-08-21,9.684657167210050700,8.413883301013867688,15.237020053813374939,4.477973151996020238,37.813533674033313565,63039.70
2023-08-22,12.542576786338846861,5.959824705793087683,9.739346485216581689,14.184887724617521559,42.426635701966037792,69336.37
2023-08-23,10.934536050824583466,3.213902638311389965,5.873193029679777915,7.935671349717901826,27.957303068533653172,46916.55
2023-08-24,8.350303706270038067,0.581656204171684425,3.311627504313028785,9.002250128009153477,21.245837542763904754,35251.62
2023-08-25,16.016775141790162738,7.984958074169823808,1.683579384421977842,12.452093854194163815,38.137406454576128203,63051.15
2023-08-26,10.195422303172111216,0.667385167161683875,3.481986639985089685,12.280371195545699717,26.625165305864584493,43827.42
2023-08-27,7.306277663953897678,0.505211726848983400,4.879379458995648733,9.165600753469712094,21.856469603268241905,36216.61
2023-08-28,7.860249441129927432,0.322494251035000722,3.083200393024402332,9.101633612526318319,20.367577697715648805,33675.09
2023-08-29,6.137479011287265878,0.103388974226328448,1.075794720870177718,7.264622239969812893,14.581284946353584937,25197.19
2023-08-30,7.704638165317823350,0.380524768450647369,2.318459756495892801,8.766179487189998371,19.169802177454361891,32683.97
2023-08-31,7.985430628235372465,0.423796508183573594,2.213273780191131270,12.182146759522408741,22.804647676132486070,37528.81
2023-09-01,9.415511568335314839,1.704665758783807937,1.948349215009959357,16.752537873442726166,29.821064415571808299,48595.51
2023-09-02,7.205213927448999244,0.187444709456490813,2.471099612407703312,8.713660317312438405,18.577418566625631774,30400.65
2023-09-03,7.781687975833118562,0.585664009602331101,1.696720505415443114,16.285671404922642524,26.349743895773535301,43105.78
2023-09-04,6.450488726673825272,0.501524450879547676,0.882060977585781138,9.062762494129063707,16.896836649268217793,27551.82
2023-09-05,9.111755518273407372,2.823953677176535931,1.486153056783885821,8.152022089629376610,21.573884341863205734,35239.19
2023-09-06,6.473289180613290251,2.296719029039239409,1.727984493498072353,11.504834923126140684,22.002827626276742697,35925.24
2023-09-07,8.581515053414148892,0.388440445763451194,2.246384613462635356,7.120305019075500887,18.336645131715736329,30180.36
2023-09-08,6.349751637068301885,2.625423630884145851,1.532476670630264962,8.554372110406501137,19.062024048989213835,31185.38
2023-09-09,7.498966823285691948,0.384585693316632763,3.313751677236885798,10.041337210832666141,21.238641404671876650,34722.10
2023-09-10,6.493375195128178944,0.429644854570147517,2.231985230202149644,11.639845986229429253,20.794851266129905358,33636.30
2023-09-11,7.135952514932944055,0.753434835251075903,2.598654091035546067,10.349360416157103897,20.837401857376669922,32293.60
2023-09-12,6.764059345127653228,1.490981228486692146,1.004663777276898798,6.215817514141829764,15.475521865033073936,24667.52
2023-09-13,8.423050032472271569,1.456742356627483194,0.931179416478109437,4.766078650938687745,15.577050456516551945,25046.96
2023-09-14,4.848251020603049660,0.466347855794174756,2.053173688109395962,7.456659021011751720,14.824431585518372098,24116.41
2023-09-15,6.916041204067995099,0.309316774738138889,1.753146897415204615,7.281341581229158338,16.259846457450496941,26708.26
2023-09-16,6.054094297546216858,0.366217144680209340,3.305430381685509542,5.951390550363438285,15.677132374275374025,25630.86
2023-09-17,6.890033505498615851,0.806083576197007054,2.171198657426615835,12.021595453322977141,21.888911192445215881,35529.86
2023-09-18,6.937646925813564677,0.956330306817444294,2.940910308888413484,8.229001655074729534,19.063889196594151989,31207.19
2023-09-19,7.393089309111450765,0.883795861295900415,2.026307572641190791,7.239016609795447940,17.542209352843989911,28834.92
2023-09-20,4.650509669871035048,3.937216550212260533,1.125490468693973679,7.850923282285076330,17.564139971062345590,28502.08
2023-09-21,6.597913767950762110,0.877347865233741598,1.730017812606111434,5.975543713957774392,15.180823159748389534,24043.95
2023-09-22,8.633604071734487372,1.980883838692531030,2.001319959386609823,7.993817709628487732,20.609625579442115957,32835.09
2023-09-23,6.747777824934638560,1.204734508201200784,0.852034594902827122,11.931923957700189622,20.736470885738856088,33052.50
2023-09-24,6.704849770147949428,1.237829982999579512,1.501393584369468922,19.384246866646490150,28.828320204163488012,45576.85
2023-09-25,5.572590284356935098,10.748595309366714344,2.806577331635797199,7.840256532628482938,26.968019457987929579,42844.42
2023-09-26,5.364394107869133777,1.365507885926431864,1.706804545742118681,5.638964659004442503,14.075671198542126825,22416.21
2023-09-27,9.054503293600769308,0.489564201489048136,1.802467749370056163,10.007857823627794919,21.354393068087668526,34113.99
2023-09-28,9.957551598053955923,0.907271652501658572,2.531866584115657991,7.992687705824198723,21.389377540495471209,35343.98
2023-09-29,12.107935509712809934,0.546249078572292110,1.873773527076269225,10.266595854486615046,24.794553969847986315,41348.17
2023-09-30,10.363193936224986598,0.854302792501263985,3.016406944780989701,9.597408834342323063,23.831312507849563347,39830.78
2023-10-01,10.396621413518441631,1.749915989233744447,4.036007081002783567,8.604949861553858344,24.787494345308827989,42961.20
2023-10-02,8.648993271612833202,1.038517083901691866,3.851615862004132088,23.038843000074355722,36.577969217593012878,60879.33
2023-10-03,9.379105985326933842,1.489551895668285004,2.266199845122406744,24.427145881752913111,37.562003607870538701,62215.62
2023-10-04,10.711056784412549189,0.986554215222471166,1.484923285980686098,15.596285809663959252,28.778820095279665705,47406.58
2023-10-05,9.962346641411957857,1.273762921030898668,0.822825139630952820,12.149913211771959652,24.208847913845768997,39009.73
2023-10-06,12.015853075501424199,1.595969169965032094,1.371304549462386356,9.952853061473990465,24.935979856402833114,41036.39
2023-10-07,22.504651801953080593,0.460770127591197706,1.120406292913335888,9.373285653889659079,33.459113876347273266,54691.01
2023-10-08,18.065418028422828265,0.313744422288362428,1.108732100908708901,8.024121644063265399,27.512016195683164993,44948.12
2023-10-09,12.443203174834173543,0.938254437145845669,1.370532605159021018,8.300199286465323848,23.052189503604364078,36438.05
2023-10-10,12.050091406338191033,0.400420324639154245,0.677040295492497895,5.332642236221691537,18.460194262691534710,28937.46
2023-10-11,9.251783698044393155,0.102986248556009124,1.420084577138955827,7.342200004478340270,18.117054528217698376,28343.23
2023-10-12,9.196062067904902881,1.718916190031444151,2.391293283066318497,12.651443157848361356,25.957714698851026885,39935.94
2023-10-13,10.640173218371828549,1.000229001826044466,3.362125566780074193,7.141918846705484822,22.144446633683432030,34348.25
2023-10-14,11.005438028923648142,0.777288949575763769,2.577070280981849284,6.675365216014834274,21.035162475496095469,32718.57
2023-10-15,11.368543724141151247,0.697936795205500647,2.572103568117475781,8.433524067805034840,23.072108155269162515,35927.30
2023-10-16,13.977104190400079909,2.633723297151788660,0.904228899959008280,6.229962317270154014,23.745018704781030863,38016.52
2023-10-17,10.588681267478049933,1.511946216664926360,0.937565175486536829,12.388867158007736928,25.427059817637250050,39810.82
2023-10-18,9.983662818936598595,0.816824966174270619,2.473477176611300623,9.055565697433429771,22.329530659155599608,34918.98
2023-10-19,11.163883235589023053,0.333141207868943209,1.512832993722533513,11.965545320716493957,24.975402757896993732,39142.52
2023-10-20,7.224403725966302824,0.375939687326818130,1.370021753797421793,12.136892729561657055,21.107257896652199802,33863.90
2023-10-21,12.516181691193684722,0.690731784904252525,3.730605578551919128,21.987046504912112009,38.924565559561968384,63407.73
2023-10-22,10.544270457595686182,0.641797700669867903,1.714203813372904827,12.009364398020658523,24.909636369659117435,41392.60
2023-10-23,7.079201155146776716,1.063598678010727896,1.211049918275491589,6.797768687126415596,16.151618438559411797,28503.68
2023-10-24,3.832248762032389699,0.940452700342055022,1.449427098594794126,8.456068058260200940,14.678196619229439787,26166.78
2023-10-25,6.016297746657086548,0.440962564864547434,1.866925239244361872,9.704529831611339516,18.028715382377335370,32208.30
2023-10-26,4.661523421432340720,2.080576278657183874,1.897285099654806923,9.241491794126292462,17.880876593870623979,32224.78
2023-10-27,6.738929846929458238,4.773859786189952928,1.847706796160670343,13.116552491111531697,26.477048920391613206,47153.77
2023-10-28,7.895870575450698925,1.030281874121063003,1.798660942637043402,10.844607951918280073,21.569421344127085403,38323.69
2023-10-29,7.035940910243555942,0.700022170122138065,1.154572973032252343,4.694365101644838069,13.584901155042784419,24393.03
2023-10-30,4.398166108806700832,0.687367556885920752,1.839262293432039523,4.759944076403762996,11.684740035528424103,21149.85
2023-10-31,6.230040532067697417,1.334090717478699612,0.544154887219514322,13.867198033573816497,21.975484170339727848,39907.69
2023-11-01,8.401587089785315612,0.322947671988264285,1.137900615307633377,9.334033137833008327,19.196468514914221601,35435.77
2023-11-02,5.090413143497184269,1.887200699226026678,4.622577596874132094,9.168007707771643491,20.768199147368986532,37373.64
2023-11-03,6.265171203949266694,2.000538822935625287,0.932929615444308851,9.793577008841637388,18.992216651170838220,34842.01
2023-11-04,5.629872677528003430,0.892394562501367685,3.171986846963702697,13.279308970168142975,22.973563057161216787,42655.63
2023-11-05,4.799717014269351341,0.431279408763092118,1.802794595547160470,9.354241624482193978,16.388032643061797907,31042.58
2023-11-06,2.722688767642683202,0.420583519144783496,1.533989832852443041,6.128750204836955277,10.806012324476865016,20533.69
2023-11-07,4.118012165385217889,0.458159626173398945,2.327073180831820609,12.232934915049867717,19.136179887440305160,36126.34
2023-11-08,4.414024963209250599,8.825139247647188360,0.649425041919492337,17.070923503519937552,30.959512756295868848,58561.78
2023-11-09,4.171935716484388704,12.891358095127885362,0.553621146533737729,11.028288386182322942,28.645203344328334737,61021.78
2023-11-10,4.177054919414969924,0.440805421641154908,1.839095118086189463,12.576950432777226389,19.033905891919540684,39571.49
2023-11-11,5.013480224437574557,0.424181278161236460,0.887347210873723846,13.476330402184492583,19.801339115657027446,40613.78
2023-11-12,5.386886721402328036,0.111988449152451451,2.288896088247221450,12.119122452313214073,19.906893711115215010,40700.40
2023-11-13,2.300351653800986780,1.235840230178267637,1.261739085162336148,10.622956145529974623,15.420887114671565188,31763.17
2023-11-14,4.755608054550630726,0.523045768698513982,2.271893198113316836,5.900325651983794543,13.450872673346256087,26637.19
2023-11-15,5.274007333026692872,0.411775731560191645,2.520497471278852033,24.028809913196997856,32.235090449062734406,66411.23
2023-11-16,4.543831223126155512,0.844543457876486199,1.385828250322035289,7.316035607956072279,14.090238539280749279,27662.48
2023-11-17,6.071015731524534254,1.277764992697671381,1.232445583456194006,12.205695604114873828,20.786921911793273469,40707.86
2023-11-18,6.394241085164262729,0.478782746553137505,2.170596467328591271,9.397665492468574174,18.441285791514565679,36196.26
2023-11-19,11.605614176039827305,1.297920763471823837,0.994574395689063149,7.638975920321164877,21.537085255521879168,43340.34
2023-11-20,3.085990357247412536,0.564591421691198424,0.451647746996239662,7.535420434596781793,11.637649960531632415,23539.01
2023-11-21,4.128788240827757931,0.284694689097532113,0.495125324320246618,4.973500230406046479,9.882108484651583141,19199.37
2023-11-22,5.517320385432643917,1.141475673432774746,0.623326453882686880,4.841612194415987187,12.123734707164092730,25027.65
2023-11-23,5.541758096769205097,0.819798381885892728,2.152231325570501490,18.300378298541455830,26.814166102767055145,55273.34
2023-11-24,4.425885884417794661,0.818533979245931540,1.382792551420147807,6.745412902422118989,13.372625317505992997,27827.63
2023-11-25,4.442130575820750127,0.409411617235518162,1.234902624431979356,9.491298208380238551,15.577743025868486196,32480.68
2023-11-26,4.784704617152172001,1.193119127002921509,1.059979297210047194,10.800628763476387390,17.838431804841528094,36826.48
2023-11-27,6.620873479666309739,1.447998489759799624,1.078938239883877935,12.354450587034512098,21.502260796344499396,43602.85
2023-11-28,5.956603753992134639,0.143886948967689973,1.136166690081422060,4.452784250944390660,11.689441643985637332,23941.09
2023-11-29,5.507347527765463548,5.993660319537679678,3.343865715138550803,12.981581413619111158,27.826454976060805187,56433.38
2023-11-30,4.810894270019184525,0.488027806839660080,1.168266638526029863,17.694408166711559771,24.161596882096434239,49606.72
2023-12-01,3.360312798286257042,9.311956636732768463,0.717987269114088559,11.189702008336613338,24.579958712469727402,51257.52
2023-12-02,4.080082842881939547,1.879573074174087275,0.642861748274784958,5.756632636077582817,12.359150301408394597,26765.76
2023-12-03,4.262290430786722176,2.352392499207548832,2.090851082530543296,7.125840239496113577,15.831374252020927881,34713.45
2023-12-04,2.940016106798848627,0.804402774560420370,0.581249693300033669,9.964019529804414005,14.289688104463716671,32049.30
2023-12-05,4.250487099650158719,0.886849415492712696,0.608453842986656569,5.687595109626173527,11.433385467755701511,26248.38
2023-12-06,3.942506121043926814,1.352263454442349181,0.682598929902749405,4.548578891862984227,10.525947397252009627,23473.92
2023-12-07,6.416766242374703984,0.291744593969148540,1.405945993998372632,13.505427850931146327,21.619884681273371483,50915.53
2023-12-08,3.238657936557857833,1.502553782690996304,2.676050859599102435,9.403034168185818904,16.820296747033775476,39699.86
2023-12-09,5.265030733228475700,4.355274535846831477,0.918536742878423852,7.803859945605490508,18.342701957559221537,42925.49
2023-12-10,7.855110664036563377,2.626020708587879663,5.734031649176401378,11.767923142784042853,27.983086164584887271,65787.28
2023-12-11,5.038311936464315965,11.724658544060688122,5.697128235062411009,5.974982906100303494,28.435081621687718590,63186.16
2023-12-12,4.539947156132268344,2.182009952106039700,7.218991754474327405,7.954087170691863179,21.895036033404498628,48268.92
2023-12-13,4.488334835811553416,3.248629445993195214,2.489703150142461972,6.360895006091136329,16.587562438038346931,37508.73
2023-12-14,2.958644725978203687,1.900988204842668261,2.416778392890488655,6.896773254082115951,14.173184577793476554,32800.58
2023-12-15,3.350750500564586721,1.147798730086276821,9.516028718817184734,6.828083237010795865,20.842661186478844141,46229.44
2023-12-16,2.935451369253668606,0.923195750928639474,1.140945187732689853,6.060123332431544013,11.059715640346541946,24606.74
2023-12-17,3.349128865124241344,1.233234202216454268,1.083021834105165797,8.734214334351458628,14.399599235797320037,31647.73
2023-12-18,3.340506378630966816,1.119194805601480013,2.744454606016330990,3.448827261988260271,10.652983052237038090,23604.56
2023-12-19,4.599866196446073685,1.150066462647848857,1.273860297755485338,4.488871792101926924,11.512664748951334804,25077.00
2023-12-20,3.606598395532501483,1.072688207121501080,1.784278111194113206,31.584340157513781176,38.047904871361896945,83693.98
2023-12-21,5.133510123123826406,3.443547117400628447,1.344874827820424566,8.322361183105750769,18.244293251450630188,40828.90
2023-12-22,3.876310695263744751,0.580987220135727834,2.445354384420811496,9.136010899504071646,16.038663199324355727,37333.76
2023-12-23,6.185517209834910312,10.874612451265642638,2.778529610399931547,6.962832914884407993,26.801492186384892490,61898.20
2023-12-24,7.272152787525826361,1.813552917020178465,2.024344286141938436,7.709217391039573969,18.819267381727517231,42685.79
2023-12-25,11.523917140402893023,1.061020290556823759,2.704616078092977913,11.987510888009236429,27.277064397061931124,61998.84
2023-12-26,8.064766148165902325,0.571388150021122922,2.224458690807660157,17.038297933428872070,27.898910922423557474,62262.00
2023-12-27,7.050238377182861439,1.076783688116368496,0.953941620727996492,9.348583225061283246,18.429546911088509673,43829.15
2023-12-28,3.527190741068020922,0.355906890098412107,1.538592006981587324,9.466300368935942992,14.887990007083963345,34912.38
2023-12-29,6.071908202952515219,0.155172366052426830,0.738883049822584752,7.333852657549363299,14.299816276376890100,32873.73
2023-12-30,7.902984209699482943,2.081981109814854744,1.328993946607777833,15.154890193812001716,26.468849459934117236,60697.43
2023-12-31,10.548816446425655464,8.209833229830985236,0.710344175160291550,9.704029435344335907,29.173023286761268157,66516.14
2024-01-01,15.041442487162639428,0.227619291408424910,2.080337873512644089,9.334317119066777242,26.683716771150485669,62722.74
2024-01-02,6.018267422565313919,0.133814362388237848,1.228915344563311479,8.446808813422692622,15.827805942939555868,37329.09
2024-01-03,6.709621004906583190,0.319581769821031327,2.023879002940496112,10.142213605515426872,19.195295383183537501,42444.21
2024-01-04,7.605993631439949947,0.394131391962115843,1.736467452942113525,10.147253087862323522,19.883845564206502837,45184.76
2024-01-05,8.357702922331963072,0.556948570935788267,6.445126306770502007,9.837559726698226576,25.197337526736479922,57139.34
2024-01-06,9.196732470309023233,0.330782431182442931,1.801530903298888333,7.936157901715616728,19.265203706505971225,43160.18
2024-01-07,4.994544307948151966,0.336321377303337969,0.885998703066286006,4.543697581093547686,10.760561969411323627,23904.93
2024-01-08,5.358911995618207048,0.630752184102174795,1.254467802952562550,4.736158024608892217,11.980290007281836610,27948.43
2024-01-09,6.021874464421977743,3.374522115453838215,1.398074986592818932,11.910677003130003058,22.705148569598637948,53167.40
2024-01-10,3.284800907014976544,0.671602272815498017,3.390070229858194656,6.983895971990254485,14.330369381678923702,37043.86
2024-01-11,5.883023816804535354,0.658940362512448898,2.312328912068454892,8.222911746188211475,17.077204837573650619,44753.41
2024-01-12,6.983930512963790966,5.232273085449930216,1.531972738358680780,5.037202793585100031,18.785379130357501993,47454.12
2024-01-13,7.096237330779533617,0.587919868691477374,1.492309624103836508,6.443977737515502000,15.620444561090349499,40239.87
2024-01-14,4.336721280807549808,1.056721695052110833,0.805577246171352251,6.145955179838944012,12.344975401869956904,30545.49
2024-01-15,7.002290179143623414,1.510670378987542550,2.762429414665923525,7.790267964351271042,19.065657937148360531,47942.13
2024-01-16,4.286331059655189159,0.806211794333810734,1.002267921685020814,7.611863629041170254,13.706674404715190961,35487.27
2024-01-17,3.655203893414760411,0.698395249232403835,1.731216285840793046,4.411611957194744205,10.496427385682701497,26535.81
2024-01-18,5.392718203176753685,3.255797590774879846,8.750638029101177916,4.783824618204253617,22.182978441257065064,54730.06
2024-01-19,4.112085413822456963,0.910163838992786175,0.853373657905724889,9.183463235227764258,15.059086145948732285,37490.34
2024-01-20,6.562071352574140078,1.045398221223568523,1.176926541523488503,11.994655901073504693,20.779052016394701797,51281.21
2024-01-21,14.022918952914336943,0.923840117726997128,1.975824675998925534,7.402412375268602184,24.324996121908861789,59664.19
2024-01-22,7.845178753897582928,1.118477341861794247,1.185140477940518857,15.051559088554637144,25.200355662254533176,58177.70
2024-01-23,8.057349911918369813,0.351696389560934950,2.137002196425961067,5.220612906674483407,15.766661404579749237,35365.73
2024-01-24,8.665432382800119394,2.374561874596763310,0.593996718283677332,5.716567802915128953,17.350558778595688989,38793.49
2024-01-25,4.672996282738100529,8.865448876988275027,0.857953471009452835,10.423820236184298116,24.820218866920126507,55056.71
2024-01-26,4.876439231314406793,0.371704230341458136,1.032103803679370582,3.807510349316520053,10.087757614651755564,22889.22
2024-01-27,9.974890186881658360,0.583269404850328673,0.747677425730511485,9.274606626906113494,20.580443644368612012,46664.70
2024-01-28,10.118303811051529368,2.274468919055718119,1.211718532804819779,7.377530791529198906,20.982022054441266172,47362.63
2024-01-29,7.986614380377127924,0.876828280727866632,1.195765169647676202,8.049814817555386951,18.109022648308057709,41925.05
2024-01-30,7.306069304647913266,5.882321067055507430,2.793870966923743541,7.840179725576458135,23.822441064203622372,55877.68
2024-01-31,4.578009913728298988,1.331299446188068987,1.567546628110126944,3.896911118220147471,11.373767106246642390,25967.92
2024-02-01,7.730361541241223008,2.490573488241555241,3.136249020178011310,10.337569815440945953,23.694753865101735512,54567.01
2024-02-02,7.823827127471736903,1.095281741630557956,1.654700494722742364,7.550616299676669932,18.124425663501707155,41819.15
2024-02-03,11.555782560279945887,1.859679193197419680,0.997219908504315253,8.512532977531568189,22.925214639513249009,52618.49
2024-02-04,12.813413018437775549,1.752239525158374049,1.151105904360365289,4.431990387061024484,20.148748835017539371,46114.39
2024-02-05,14.102011714086172405,0.413417051552177897,0.749757400923728555,10.686798345431386105,25.951984511993464962,59661.23
2024-02-06,10.056624670776970696,0.784843139315891151,1.255759550805620605,11.233325486634476292,23.330552847532958744,55355.89
2024-02-07,6.102016694160035390,0.824907740444158700,0.365947945508212620,9.034899093595686866,16.327771473708093576,39584.47
2024-02-08,6.928956536982393939,2.919613677761365144,0.810397018457048913,7.625306523199237819,18.284273756400045815,44249.81
2024-02-09,7.094616316971476741,0.568217016273907209,0.833967885035426812,6.232125363546041438,14.728926581826852200,36630.25
2024-02-10,5.818776843817518726,0.146191833330758622,2.415092130976273694,8.601211910322285450,16.981272718446836492,42469.08
2024-02-11,8.735356748637793332,0.241423248455353163,2.065326454181123881,12.443295506698205900,23.485401957972476276,58885.04
2024-02-12,9.073350873725780714,2.033007874035573763,1.033225861237973296,5.450734698597537713,17.590319307596865486,46781.97
2024-02-13,5.438769372123165353,1.347762128077049387,0.768238211393503872,7.586184001209386953,15.140953712803105565,40027.31
2024-02-14,8.927277668303212876,0.038747598048390430,0.669425112587964048,6.317700019325283985,15.953150398264851339,44317.17
2024-02-15,6.516246070607369544,0.201318612772655829,2.178477124528766986,5.297085457691252795,14.193127265600045154,40073.30
2024-02-16,6.273209292790266728,0.722869883818855777,0.674506053440168438,10.456940154320075378,18.127525384369366321,50825.85
2024-02-17,10.555688896153857557,0.055303060371580940,1.004018281656616298,8.244035755608906017,19.859045993790960812,55361.46
2024-02-18,8.483049788251608357,4.238524617238647219,1.260247136017216187,4.619637463773998678,18.601459005281470441,53474.53
2024-02-19,4.282257670409465632,6.918273705180526834,0.499587328128105200,6.856261754583645460,18.556380458301743126,54585.82
2024-02-20,2.933621812555968261,6.400629723590537654,3.284696811606814559,10.720485531107086671,23.339433878860407145,70356.61
2024-02-21,4.514318899176534374,17.535592658146714643,0.604312825647838925,8.643477753328956653,31.297702136300044595,93097.83
2024-02-22,4.095584655258323143,0.909726545203456101,6.672134619832910316,7.817731263951720509,19.495177084246410069,57886.49
2024-02-23,4.571078623814588050,4.099656576877051959,2.053804111667923240,5.190310970334872225,15.914850282694435474,46571.94
2024-02-24,6.504153519648960246,2.388829093171158188,3.995175680179981884,5.245358331329625800,18.133516624329726118,54222.80
2024-02-25,7.043631051519624566,1.300575261779051462,1.429897233554261501,5.001769816958355928,14.775873363811293457,45982.15
2024-02-26,5.238379432696428842,1.086640935647644201,2.577880563056948503,6.637510066778552422,15.540410998179573968,49398.04
2024-02-27,5.422265946487385518,6.144525661059113304,1.526572833327230254,6.748975646671557285,19.842340087545286361,64361.89
2024-02-28,3.475801337160279907,0.791131002196301195,2.408652989043506413,4.309530550526316726,10.985115878926404241,37140.72
2024-02-29,4.510619256507219190,3.599912526666939197,0.895405543817565478,4.701854923856237070,13.707792250847960935,45924.67
2024-03-01,2.865310975220732787,2.674261612736116600,1.459759477735681055,3.706828588250047719,10.706160653942578161,36790.33
2024-03-02,5.128121508114916212,0.375980654704137107,1.293777353623787373,6.065558183480482976,12.863437699923323668,44008.33
2024-03-03,4.725340539635006221,1.128266595644698906,1.215662677885909729,5.696964925507636116,12.766234738673250972,44543.04
2024-03-04,2.814316114920393075,6.333401689391648861,0.873970242547676590,4.873352161455156598,14.895040208314875124,54071.23
2024-03-05,2.251732711880479522,0.579518663089669243,0.289909729946539761,5.368981166145577429,8.490142271062265955,30230.32
2024-03-06,2.979464597702469869,0.029428675529409774,0.444184647497765013,6.344749094292053346,9.797827015021698002,37508.15
2024-03-07,1.733686199759983133,0.421342069045497694,0.482578360701893954,4.410433717944364561,7.048040347451739342,27287.22
2024-03-08,3.482442196313070457,1.154483423493208214,0.723855600227681894,4.644148886039005777,10.004930106072966342,38964.86
2024-03-09,1.814152423226166168,0.274232970305755666,0.864453174465110701,3.972950459824240851,6.925789027821273386,27115.58
2024-03-10,2.184539078002239149,0.524828722555495334,1.742225655081033476,6.433492585904666315,10.885086041543434274,42308.41
2024-03-11,2.608857221201604963,0.380849111937964728,1.097161176029640187,11.606773636942600798,15.693641146111810676,63841.73
2024-03-12,2.184941082629195022,1.478258962984662131,1.127343017942255481,4.873413126817861302,9.663956190373973936,38436.91
2024-03-13,2.137983946589457251,0.076001770800882242,0.236238690402527915,4.558307857417017738,7.008532265209885146,28127.76
2024-03-14,1.873985456744146530,0.305340694766693728,0.352715831537026107,4.674128954291133392,7.206170937338999757,27973.39
2024-03-15,2.267967394250573917,0.525098011566080261,1.331998108214392979,3.625177541710073401,7.750241055741120558,28996.47
2024-03-16,4.798899711700796994,0.209211145535491154,0.835054428743254743,12.297594748535374385,18.140760034514917276,63887.58
2024-03-17,5.155631986370815152,0.125949330438453298,0.866519199043958111,8.993728864437407279,15.141829380290633840,55260.71
2024-03-18,4.007597522167296978,0.339103205082197300,0.915771949646388751,5.324259147766932535,10.586731824662815564,37301.39
2024-03-19,2.387831017184816054,0.064992731558797115,0.884573579409089419,3.651625391111714040,6.989022719264416628,22069.31
2024-03-20,2.027040098487448902,0.197324951900502910,1.352670548198349350,4.794210169731751937,8.371245768318053099,29406.75
2024-03-21,4.539367824038808980,0.175971849973070021,1.126045733415379938,7.285452740739169228,13.126838148166428167,45798.62
2024-03-22,5.500506726234340663,0.579239760608548475,2.228008544781822665,6.181429376864738667,14.489184408489450470,48144.66
2024-03-23,7.348486396765834291,0.864118736300233621,0.505845574344846044,9.934973548301401503,18.653424255712315459,62469.41
2024-03-24,7.664446057659856751,4.626291174824754922,1.734580098216420414,8.733106327196896826,22.758423657897928913,78583.21
2024-03-25,4.310950926193793822,1.346687937837644258,0.913738638077832934,6.712984147059198276,13.284361649168469290,47659.44
2024-03-26,3.096254907388517913,0.337399248039560552,0.760439091623578262,4.329354239627003392,8.523447486678660119,30604.29
2024-03-27,3.493960947888018619,0.472286438695475932,0.603301447567960533,2.111074472338228147,6.680623306489683231,23425.20
2024-03-28,3.014392900979479107,0.682152602551440672,0.847001322073176287,2.616680266631007328,7.160227092235103394,25503.04
2024-03-29,5.476926949144946726,2.869975417438059449,0.287599043872810470,2.968889338428996159,11.603390748884812804,40771.88
2024-03-30,3.993000473405581340,9.367710208871894992,0.737144537712166539,4.504055438773544694,18.601910658763187565,65282.91
2024-03-31,5.013287547423455105,0.110820739445324739,1.002036023083042683,6.828828070957997480,12.954972380909820007,47233.19
2024-04-01,4.728629000059010123,0.889040610898256644,0.514692851550771559,5.437798019454506644,11.570160481962544970,40556.11
2024-04-02,2.363107315815669216,0.227452973582838474,0.354104442454319361,2.257332283165697561,5.201997015018524612,17038.32
2024-04-03,3.643502686660868025,0.199997182926727162,1.390429950460699554,5.273646166710640617,10.507575986758935358,34852.49
2024-04-04,3.996924197216966531,0.408906522774504108,0.562558741017272355,5.109300223308484982,10.077689684317227976,33546.81
2024-04-05,4.106975537552737801,0.129845740319939366,0.601249351642531822,5.602869590990678997,10.440940220505887986,34682.19
2024-04-06,8.738747917262459374,0.230774271426862319,0.806251085021490535,11.366711935426701618,21.142485209137513846,71032.62
2024-04-07,5.611169400608694477,0.164832085173440017,0.553387416816335183,8.719590529030311912,15.048979431628781589,51967.14
2024-04-08,5.332390898432007330,0.229741831350774956,0.406373490880193226,6.643441213998365558,12.611947434661341070,46594.81
2024-04-09,3.687088610047635464,0.149357598718878869,0.799745482182312375,3.546241792895819692,8.182433483844646400,28665.19
2024-04-10,4.944034320020085016,1.079543482433608526,0.653014427847159647,6.216987955741701092,12.893580186042554281,45655.85
2024-04-11,4.050910552037054980,0.386441207508644701,0.990163554387474650,7.441656478341428168,12.869171792274602499,45151.14
2024-04-12,3.273089011897086932,0.166403954082203474,0.545233813742118154,4.602082720065545370,8.586809499786953930,27850.37
2024-04-13,4.858248563179129538,0.109330441712393106,0.431459696044977815,3.635928091611105477,9.034966792547605936,27281.66
2024-04-14,5.181606762739979574,0.186387487237910990,0.572622120180776010,4.390711381826285481,10.331327751984952055,32590.58
2024-04-15,5.556628485533814871,0.211465416158385585,0.696840809579443755,8.255381204421269608,14.720315915692913819,45654.18
2024-04-16,6.715086873692163187,1.089624403443323690,0.563476966701168998,8.597742162403094892,16.965930406239750767,52292.73
2024-04-17,4.843041341267537540,0.305418637705146843,0.294344955521064829,24.455343092539401964,29.898148027033151176,89171.67
2024-04-18,5.885604382674528903,5.430400211840343335,0.695907619642390572,5.182596101918159435,17.194508316075422245,52706.39
2024-04-19,5.056351317655603112,0.176780644561199877,0.520001515870434185,5.125441439958569791,10.878574918045806965,33346.44
2024-04-20,11.535902012385803267,0.060100101941999789,0.691327795289103673,9.172742263819641157,21.460072173436547886,67653.52
2024-04-21,10.581823461394362557,0.050274237033544653,1.092173128443994281,17.184190267122898654,28.908461093994800145,90988.64
2024-04-22,7.336507556064005926,0.171597032785879907,0.552100475921639501,12.371560853961516927,20.431765918733042261,65417.82
2024-04-23,4.774930745031904561,0.845549249814709383,0.272271637000264089,4.601428030781234308,10.494179662628112341,33773.95
2024-04-24,3.628333590723823070,0.068620614161810908,0.602373866799542885,12.269387066468720090,16.568715138153896953,52007.34
2024-04-25,5.882545445098085982,3.339869217480879994,1.014833473326446590,8.636238023101539931,18.873486159006952497,59578.75
2024-04-26,5.466089549368490951,0.509449202506815391,0.463164424092165235,7.381420949204965769,13.820124125172437346,43280.45
2024-04-27,6.605737204099093047,0.283385747857151596,0.327969689717090235,7.068713178034553793,14.285805819707888671,46577.54
2024-04-28,6.730250403167342930,0.064035104607831368,0.620105638415542492,7.772807726064782777,15.187198872255499567,49486.68
2024-04-29,4.833590812757966954,0.045571678545262975,0.257598529833970691,10.625937724661940066,15.762698745799140686,50653.59
2024-04-30,3.558384291860119564,0.100723182959196865,0.192742619359536999,14.196651527979669087,18.048501622158522515,54469.44
2024-05-01,3.666670110869599976,0.868186755419179735,0.481994588338626566,4.279088433144966742,9.295939887772373019,27620.70
2024-05-02,3.240149669258316456,0.035689550141172989,0.635320030377473566,4.646335958505087145,8.557495208282050156,25585.28
2024-05-03,3.532277566118570331,0.053071169238853131,0.600211751578623332,7.603491927230580454,11.789052414166627248,36573.41
2024-05-04,5.019549837149039113,0.235949710772078411,0.262062833329665061,6.410814157884254665,11.928376539135037250,37185.38
2024-05-05,4.612467001908106952,0.025209557891288052,0.518537663846569181,7.204851637198911326,12.361065860844875511,38795.82
2024-05-06,4.170111633831014646,0.100016715259468335,0.277986041151987555,6.004595803424563990,10.552710193667034526,32350.45
2024-05-07,6.849019549329095914,3.775243519127691334,4.605379254449497065,5.262973999593862783,20.492616322500147096,61749.58
2024-05-08,5.282493325425641929,6.097754757486666396,0.769760200329450342,3.986547616462509462,16.136555899704268129,47977.53
2024-05-09,4.949413273062259674,0.136874262163562374,0.801583947752149576,8.953779946647357038,14.841651429625328662,45078.55
2024-05-10,5.329102619664301189,1.146308971136081510,0.442393344864599667,11.392370212505559920,18.310175148170542286,53275.66
2024-05-11,3.486565126006555635,0.060900373309979994,0.917665720249966454,4.982874925796532505,9.448006145363034588,27487.37
2024-05-12,5.466754258636293855,3.730091216402437541,0.353760258766140820,6.311682390369362191,15.862288124174234407,46480.47
2024-05-13,3.023097601268827652,0.749617885333417015,0.934921042895925636,2.655686447703180198,7.363322977201350501,21711.55
2024-05-14,2.693928673872994345,0.353182628695183979,0.801468898532801956,4.983324536338691525,8.831904737439671805,25443.59
2024-05-15,3.484357907820517418,0.168079367570432298,0.735998942058543669,4.287949731235360128,8.676385948684853513,26376.43
2024-05-16,2.893969032564101325,2.917561723869352421,0.629511949451812311,5.677391800407636444,12.118434506292902501,35695.60
2024-05-17,4.687617922429087741,2.849644215864109567,0.623156271319919628,16.469712378137016373,24.630130787750133309,76210.30
2024-05-18,3.762187032070569788,1.224967511537124109,0.804148383000377789,7.239463120360965593,13.030766046969037279,40692.67
2024-05-19,4.781206162655250078,0.433795323795167669,0.302692437057697121,5.545775391660301409,11.063469315168416277,33996.27
2024-05-20,2.301854479916482084,1.211830205244505426,0.330663281765007969,5.836766991529843367,9.681114958455838846,35371.45
2024-05-21,2.127361831827025073,0.704176011396610032,0.448838321932246426,9.093963739636107584,12.374339904791989115,46912.36
2024-05-22,1.432751167665631622,0.060568916413544809,0.232031238590564635,5.805109968107830575,7.530461290777571641,28153.46
2024-05-23,2.183768408854839257,0.644654894296099742,0.487063310353980811,5.368360525008366040,8.683847138513285850,32699.45
2024-05-24,2.304483945838818447,0.418512256980490963,0.962460525207266507,9.172311099720486179,12.857767827747062096,47914.34
2024-05-25,2.688454019923589614,0.301858774108300848,0.597604868675477250,8.322575716370483528,11.910493379077851240,44670.18
2024-05-26,2.687158210533953295,0.239636736917321211,0.658402936029264090,6.264023162278265949,9.849221045758804545,37676.99
2024-05-27,0.832275358455780067,0.036000228172548111,0.708553359555280965,3.339554089736389650,4.916383035919998793,19147.45
2024-05-28,1.680774579894277837,3.131384994019311597,0.443917271693625865,3.319418555651596021,8.575495401258811320,32920.58
2024-05-29,2.583632370067377449,3.407476388052995978,0.411945539018064888,11.660971861034328086,18.064026158172766401,67980.17
2024-05-30,2.411104749587874383,5.491491913627829295,0.234966206558831176,4.634122537139946516,12.771685406914481370,47892.67
2024-05-31,2.175709858071978133,0.528086007352317925,0.058570140494752900,2.814904849628088454,5.577270855547137412,20982.64
2024-06-01,2.766946306306132084,1.459925056237722421,0.029415706493704411,4.047164293913058394,8.303451362950617310,31663.87
2024-06-02,2.253929784238994156,0.539843075589069769,0.223249369408446552,4.103915816610128602,7.120938045846639079,26941.35
2024-06-03,3.046727983052543222,1.516729980534352266,0.036518081133278979,3.966226378052278366,8.566202422772452833,32264.74
2024-06-04,3.610710890594797261,0.267103670087906478,0.303771722714817321,11.718978891918327785,15.900565175315848845,60640.78
2024-06-05,3.246230936388163270,0.454073270470672362,0.015165820003121969,3.986803254699451893,7.702273281561409494,29800.10
2024-06-06,1.207787448885965379,0.210949701978765202,0.045721932359775916,5.435162610919335688,6.899621694143842185,26307.99
2024-06-07,1.263731128452139302,0.209819682924553900,0.097559428523826653,3.082755661193499923,4.653865901094019778,17121.03
2024-06-08,2.801296490372545197,3.762799945521489495,1.873984254365144275,3.703578859747391525,12.141659550006570492,44711.29
2024-06-09,3.416570943495666302,3.290171615472475786,0.810842870609583735,4.597545343879461823,12.115130773457187646,44895.87
2024-06-10,2.009894930150160805,0.210301421901218511,0.455846992171544713,8.046596945096999038,10.722640289319923067,39300.74
2024-06-11,2.275778355172925857,0.895677738641119373,0.181944320267476474,4.545275946276405632,7.898676360357927336,27636.55
2024-06-12,1.961256529506700390,3.365387209927446742,0.062214678792672654,2.668511663196698675,8.057370081423518461,28681.01
2024-06-13,2.397923159623811704,0.977414905908045159,0.193302085205123152,1.678611513636163382,5.247251664373143397,18186.24
2024-06-14,1.825379495344126650,2.251941195087161180,0.038664099676256329,4.813806338482213225,8.929791128589757384,31085.27
2024-06-15,3.141713540013801107,2.826709608569849262,0.110836045597456497,5.054196844009364717,11.133456038190471583,39681.43
2024-06-16,4.092419546909798201,0.583550689986802389,0.071148570105599288,7.682988489753863134,12.430107296756063012,44991.37
2024-06-17,2.255061313850327960,1.230053785430339638,0.057641880307337420,4.626669277929888501,8.169426257517893519,28641.34
2024-06-18,2.192155479060065205,0.236128100685199733,0.039885172490584876,2.833734974068067952,5.301903726303917766,18443.34
2024-06-19,2.871533992444459232,0.310676732873718599,0.077292489550814895,4.769612920833999374,8.029116135702992100,28546.39
2024-06-20,1.630594392482403751,0.643445554203591806,0.045946897141545959,3.965376939983426843,6.285363783810968359,22075.05
2024-06-21,2.781305293433567084,2.529579766732900680,0.028520862315952016,6.922427500305115782,12.261833422787535562,43110.52
2024-06-22,4.126888411687925572,0.421408863449534756,0.210700220635623861,5.129975887492947062,9.888973383266031251,34564.57
2024-06-23,5.384905512673802903,3.955586649869647615,0.109958619093290587,6.824801483887295155,16.275252265524036260,55632.70
2024-06-24,2.089081321376985152,0.402115812927470960,0.263385195449378043,5.018906872221467670,7.773489201975301825,26088.97
2024-06-25,3.088829963734957885,1.099973452328569531,0.380970734263917705,4.311526298071144261,8.881300448398589382,30152.00
2024-06-26,3.867460673817167390,0.299530628172266363,0.137493951252504315,4.388462000281321954,8.692947253523260022,29263.91
2024-06-27,1.638872896340673458,0.525853423738236838,0.024661727832540093,5.092222033331604338,7.281610081243054727,25073.49
2024-06-28,3.009509982841478203,3.871124394821504261,0.059913113363981929,4.740674969278402317,11.681222460305366710,39396.92
2024-06-29,2.916714724494451070,0.549955602854536922,0.249478233895047328,4.360235855239486457,8.076384416483521777,27232.76
2024-06-30,2.421496704865854724,0.619003461077920418,0.380998321326924174,4.719682987012713679,8.141181474283412995,27973.12
2024-07-01,1.918953001296364455,0.240551812921375713,0.088092506050680305,10.098744196977148087,12.346341517245568560,42471.81
2024-07-02,2.854153747406396229,0.737469034752843221,0.458228475364850014,3.045660571252567274,7.095511828776656738,24242.37
2024-07-03,1.496539566183272843,4.015280496114090105,0.180744691560006335,3.764437295540157882,9.457002049397527165,31166.29
2024-07-04,1.606230651840577619,0.595073996429044081,0.036542081945360633,4.012769109692320711,6.250615839907303044,19080.94
2024-07-05,2.031856138698620757,0.253681962589602685,0.106594696290043373,2.116339589348875143,4.508472386927141958,13451.28
2024-07-06,2.096236882907769775,0.208511491041975438,0.108646129390025640,4.188771268790061700,6.602165772129832553,20243.19
2024-07-07,3.008559118388615881,3.854579369045937084,0.037651402881191018,6.910463744805467500,13.811253635121211483,40467.39
2024-07-08,2.420984636505380030,0.401198940966485588,0.068606777938351438,4.989611414063400473,7.880401769473617529,23780.12
2024-07-09,3.457127159894990198,1.498439982750569524,0.063904008901621165,7.395258027291217166,12.414729178838398053,38040.93
2024-07-10,1.898111438380662775,0.873530330484541152,0.061339264506181245,3.786300497975458326,6.619281531346843498,20523.39
2024-07-11,2.426473115721226322,3.791247963868452204,0.613774006218829049,3.398991952677036685,10.230487038485544260,31731.51
2024-07-12,2.300387964513231462,1.402013284409184554,0.177352644170898402,6.085490735918324565,9.965244629011638983,31240.64
2024-07-13,2.307218050870352834,0.555501724783417084,0.251280101499574900,4.292531750336203416,7.406531627489548234,23519.39
2024-07-14,1.944479853345670884,3.319090879789017275,0.030647975384948875,3.351107102165495377,8.645325810685132411,28132.70
2024-07-15,2.481322731308191529,0.649356257507598533,0.027180313722899264,3.402404298291506296,6.560263600830195622,22885.15
2024-07-16,3.365448627508432093,0.116943674720942193,0.026566693961978035,14.317831489483969471,17.826790485675321792,61439.78
2024-07-17,1.959942431469923847,0.334197770058330425,0.013104567518117089,7.181372051458228566,9.488616820504599927,32141.28
2024-07-18,1.947603476595554567,0.566899142100080011,0.030745371044703877,7.989101563354498291,10.534349553094836746,36093.60
2024-07-19,2.226703477837937636,0.236464534183152387,0.097376483381858292,6.044388944166405046,8.604933439569353361,30157.37
2024-07-20,2.108118409891597157,0.230509366640546504,0.068711717749076894,7.216657197450298163,9.623996691731518718,33899.08
2024-07-21,2.508881614269332738,3.167153675680444258,0.047482260486813148,5.680680871337063705,11.404198421773653849,40299.06
2024-07-22,2.323179813434547157,0.172321189518325912,0.103902329166446907,7.786456117265313412,10.385859449384633388,35742.36
2024-07-23,2.346462074037588624,2.763353371845621725,0.022412146241452444,6.982977426216733340,12.115205018341396133,42204.53
2024-07-24,2.230794603861485619,0.370006119335867744,0.014641828840874813,4.930476373661573699,7.545918925699801875,25176.96
2024-07-25,1.606841036774429972,0.366179650428979420,0.075448364192182555,6.340029620678287371,8.388498672073879318,26609.24
2024-07-26,2.290184080296688847,1.045613642454141236,0.175736141803880752,3.819345392600340507,7.330879257155051342,24030.30
2024-07-27,1.938021437574823065,0.410127833639738086,0.024323845026561257,5.197072765632875531,7.569545881873997939,24636.66
2024-07-28,1.823779002908465016,0.488300003350760930,0.033768032413252958,4.019631342770048154,6.365478381442527058,20832.37
2024-07-29,1.451511117675262286,0.319986178193952890,0.070958311783512705,4.418151977519160379,6.260607585171888260,20773.57
2024-07-30,2.891846567749538430,10.799281767358841976,0.123534736981914515,3.963159954564051014,17.777823026654345935,58268.43
2024-07-31,1.813905772872059736,0.638110666928695585,0.056759905079355804,5.869096711070290227,8.377873055950401352,27081.19
2024-08-01,1.488808671555192588,1.914832847246562522,0.124372797596567068,5.770087147377322017,9.298101463775644195,29796.88
2024-08-02,1.935761419820256136,0.878956898795385392,0.155459045941621406,3.738536911045606770,6.708714275602869704,20014.50
2024-08-03,2.144962920831265529,2.803110293837900891,0.076984522150561401,2.366443344121404169,7.391501080941131990,21482.02
2024-08-04,1.172474344957423924,0.612376600056390594,0.216839376885335457,4.267968084410859925,6.269658406310009900,16823.41
2024-08-05,2.087925372104778114,5.819699086607414107,0.056553677837278870,3.176699138206707436,11.140877274756178527,26939.04
2024-08-06,2.047080819382833016,2.074991485929183221,0.073358162023090802,3.579951648531568733,7.775382115866675772,19099.97
2024-08-07,1.623357251436314165,0.828730979801033011,0.108760398486991307,3.771479245462845714,6.332327875187184197,14794.88
2024-08-08,1.679128949980908961,3.461953328114770351,0.667396122379957965,6.490451539501021609,12.298929939976658886,33008.85
2024-08-09,1.992868963989299133,1.862233927178909549,0.391342041814968603,3.982608655389376677,8.229053588372553962,21382.91
2024-08-10,1.648015386077471820,1.941884902718571021,0.427534306473046754,4.205955557088139048,8.223390152357228643,21442.98
2024-08-11,2.153913351759972362,1.560931475464670765,1.792619867847511581,7.275854464783599464,12.783319159855754172,32704.08
2024-08-12,2.999746649596137328,4.393929131293706749,2.950287921990328128,5.944363219798431610,16.288326922678603815,44380.18
2024-08-13,3.782230421284301127,7.998066409738776345,4.644757149441518491,6.552770580467888755,22.977824560932484718,62115.95
2024-08-14,3.820468346777198291,8.847743849807494675,15.531956149962092547,10.924685911508697836,39.124854258055483349,104228.11
2024-08-15,2.594406928469628880,7.796253787144016628,0.426808271871310196,2.715699684717871592,13.533168672202827296,34801.73
2024-08-16,4.919396797408603137,15.001381079150858218,0.879974190987177587,3.837199028842139784,24.637951096388778726,63865.51
2024-08-17,3.804756926357978542,9.847021092902799377,1.278305550297148635,5.319481501244103831,20.249565070802030385,52917.94
2024-08-18,3.189587753307004148,7.986423054073002534,0.477402660885796459,9.728096313113512561,21.381509781379315702,55924.48
2024-08-19,3.130116690839631475,8.553753654413978455,0.513048430086176464,4.565176344379290910,16.762095119719077304,44226.37
2024-08-20,3.233718217568325846,9.007155783283334693,0.423680756737015933,5.161346678792327892,17.825901436381004364,45892.60
2024-08-21,3.929533397334777014,3.563609023366500268,0.609725269302748918,4.348701175821411392,12.451568865825437592,32771.66
2024-08-22,4.056166125009509842,0.849227720824850578,1.122955556538435059,4.718688677339428178,10.747038079712223657,28192.30
2024-08-23,3.058212155511347284,0.968883169292066279,0.551608013180855349,9.167458635665598540,13.746161973649867452,37939.94
2024-08-24,2.479303232348413082,0.316107946084076251,0.054101840723672017,4.801058416861800009,7.650571436017961359,21181.37
2024-08-25,2.963774887433927629,0.567980324204477839,0.151263092726019952,3.611654331861786215,7.294672636226211635,20033.33
2024-08-26,2.744523250137618118,0.254191023944944104,0.047325566373876453,7.589731776941652660,10.635771617398091335,28507.27
2024-08-27,2.455408461367266215,0.153221540353074212,0.028657601299876115,7.930296253209741567,10.567583856229958109,25983.73
2024-08-28,2.751447627450852631,0.455785339124315351,0.050983216613595454,2.954557883057673684,6.212774066246437120,15706.14
2024-08-29,3.550018488456776398,1.463423060659164018,0.055013511763002682,5.634390159064068209,10.702845219943011307,27044.00
2024-08-30,3.056464752949867244,0.148379232459213994,0.053708701744973501,3.476823900631433742,6.735376587785488481,17018.87
2024-08-31,3.884866237041010561,2.473784789200930508,0.046562068740908125,3.229117771712460364,9.634330866695309558,24219.69
2024-09-01,2.351536241350666077,0.569659684833078564,0.018165011298269047,4.114719021076261776,7.054079958558275464,17125.26
2024-09-02,1.592872863697241976,0.714971597948241569,0.016857771208489216,5.211610055168240568,7.536312288022213329,19105.00
2024-09-03,2.393241992278946515,0.939957052021010128,0.060077491470023101,8.065334916339710699,11.458611452109690443,27805.35
2024-09-04,1.790604899941090742,0.623859298955842540,0.061460439142593075,2.326933973833195385,4.802858611872721742,11759.71
2024-09-05,2.070995722406116795,0.471875138441851041,0.077030151439181252,2.484556838271481052,5.104457850558630140,12079.88
2024-09-06,2.066139420535056640,2.447273984894727008,0.041242713530267101,5.714972784843579161,10.269628903803629910,22825.54
2024-09-07,2.242086535537559618,0.531309359130354969,0.030986733458856767,3.733573955334168383,6.537956583460939737,14870.26
2024-09-08,2.374611981458673440,4.238184788650386236,0.025705230945098772,5.044727731378738202,11.683229732432896650,26848.47
2024-09-09,2.061215986705446391,1.277389561629133539,0.208043461265187891,4.310087298166188467,7.856736307765956288,18540.31
2024-09-10,3.562405355639115599,0.232131404815852792,0.264574778409034512,7.626366243902875857,11.685477782766878760,27935.95
2024-09-11,4.047060944499072625,5.622856992498088570,0.164933727870099202,9.697603308018088474,19.532454972885348871,45763.47
2024-09-12,3.254665454262221094,1.364877140566317314,0.308430499209427935,7.093640559824381735,12.021613653862348078,28400.66
2024-09-13,3.124760608590130413,0.390092473731781777,0.399052839407371292,3.969960945494727066,7.883866867224010548,19258.51
2024-09-14,2.889414934913997646,0.701665683203761857,0.090262127585917247,5.735128253363355927,9.416470999067032677,22767.99
2024-09-15,2.694132837141782554,1.903351063800153959,0.208446261020543293,5.499658746829355167,10.305588908791834973,23907.50
2024-09-16,3.393778311740078309,2.236710080500565975,0.085199347574836419,4.085397956323984252,9.801085696139464955,22497.80
2024-09-17,5.527361458009389515,1.958340510824479186,0.067666706624233267,4.485872425393659798,12.039241100851761766,28187.45
2024-09-18,3.747672780105086894,0.406408766467276623,0.252482091735608435,2.648429490721717137,7.054993129029689089,16676.61
2024-09-19,2.718649892183798626,0.774315304615846651,0.238573602305088297,4.479259047929282357,8.210797847034015931,20241.73
2024-09-20,1.992380665515579532,0.282547792232441455,0.045716575404749188,4.120468972737462373,6.441114005890232548,16477.56
2024-09-21,2.071549983189617550,0.171814555101889154,0.086832393188046287,4.626809448685565221,6.957006380165118212,18190.11
2024-09-22,3.123580030012698355,2.048119135655356669,0.061773445214463524,8.177216370045252770,13.410688980927771318,34610.90
2024-09-23,2.973473955471749714,1.420406262886568633,0.034636993056730342,3.960433842142632166,8.388951053557680855,22212.64
2024-09-24,2.931461427739084556,3.106221314345565083,5.991092909358122297,4.165064185913610214,16.193839837356382150,42983.53
2024-09-25,2.560261556667075580,0.744779551631799679,0.064441317577667907,4.216017801393473547,7.585500227270016713,19542.38
2024-09-26,3.381306220778473953,2.452248211772160660,0.062455706857694212,5.450019637729119684,11.346029777137448509,29771.19
2024-09-27,4.402723513378361961,2.335014733072982055,0.165730836404946796,3.679273699919094658,10.582742782775385470,28609.11
2024-09-28,4.545633774658337936,8.625064732554418906,0.227055015601970706,7.576494970032365126,20.974248492847092674,56090.60
2024-09-29,2.730239544037642015,3.263523177870274374,0.016001504230262585,7.305086018422690979,13.314850244560869953,35368.50
2024-09-30,4.436414365911270553,5.813141201200343942,0.109951435261891282,8.782187803807513855,19.141694806181019632,49626.69
2024-10-01,2.607769930247796422,1.300556667746135142,0.133036721525634852,3.527111537083623421,7.568474856603189837,18572.89
2024-10-02,3.239588326056141557,1.680485744208780351,0.086342240048453938,5.478814050794933032,10.485230361108308878,24803.99
2024-10-03,3.572535343095685969,4.531719719987441134,0.038458252292525351,7.677783679888392382,15.820496995264044836,37136.66
2024-10-04,3.621847583877960911,1.412114327606571623,0.170216274351793223,4.264245736040829747,9.468423921877155504,22870.63
2024-10-05,3.462657959163412698,3.151557405790401794,0.184381148032924899,4.339177581380583408,11.137774094367322799,26875.68
2024-10-06,2.844169323330645939,0.876900471179603235,0.056779123355069368,3.521609876254636993,7.299458794119955535,17831.92
2024-10-07,2.069267164803728865,0.791632258627256665,0.067234138746812321,5.202312666512074565,8.130446228689872416,19747.39
2024-10-08,2.639600351369903137,3.111273220316893865,0.070502256015406049,6.771104443981326858,12.592480271683529909,30706.84
2024-10-09,2.824114108361933313,0.852236238298428195,0.065159308166647580,8.232190365501332400,11.973700020328341488,28378.53
2024-10-10,3.277414745489407392,1.167903678242199093,0.135550453411839157,12.335477784210346532,16.916346661353792174,40328.06
2024-10-11,2.743451523714968461,1.356733610429467059,0.015145863296660282,3.495352647370076365,7.610683644811172167,18587.26
2024-10-12,3.574523399048303051,2.785635155208780166,0.111756734775642787,4.680716481992406976,11.152631771025132980,27617.56
2024-10-13,2.249110545198710072,0.624324841811196995,0.121328449940915480,3.915599980780145579,6.910363817730968126,17009.98
2024-10-14,3.136768439907815921,0.932615280170329497,0.029810514263024994,6.345206863408396323,10.444401097749566735,27507.20
2024-10-15,1.793991360507607972,1.165096153594590569,0.023201266209904657,7.308384781635650554,10.290673561947753752,26698.96
2024-10-16,2.361065366466308778,2.636662069584117734,0.019077279241839946,8.083833783133730655,13.100638498425997113,34199.22
2024-10-17,1.529388037282967460,0.593037619267163394,0.080398424888600841,3.727888688272155863,5.930712769710887558,15444.80
2024-10-18,2.174689752099359295,1.030717799255785571,0.197196243307818092,4.319563279354600913,7.722167074017563871,20386.52
2024-10-19,2.220944352861867651,1.397972053857377097,0.073007842490473190,2.813141620198459110,6.505065869408177048,17233.94
2024-10-20,2.848833669737557007,3.077338293241701711,0.071290593152360096,5.334199202714803501,11.331661758846422315,31064.28
2024-10-21,2.645035367416416256,0.917130173210436901,0.049360200508890239,5.192319625291336538,8.803845366427079934,23506.50
2024-10-22,3.084252153398484925,0.559959499422413427,0.037922608554850444,6.625809580013529978,10.307943841389278774,27100.10
2024-10-23,3.079355483488840482,0.666323363803665871,0.044875040535946190,3.582799663394685062,7.373353551223137605,18560.28
2024-10-24,2.204130274187490147,1.012592770347740642,0.027644448439739564,3.218551771962484636,6.462919264937454989,16368.76
2024-10-25,1.934371101375052347,0.545163257867220971,0.130147048378048688,5.165936594264033052,7.775618001884355058,18857.58
2024-10-26,2.582037055094194596,0.976355506737161519,0.077033697405234565,4.274770846223936311,7.910197105460526991,19641.20
2024-10-27,2.424908748760690264,0.198170740590640830,0.261984171491221159,1.463021667581966510,4.348085328424518763,10897.52
2024-10-28,2.995954877778129815,0.464020936925445287,0.052878493112553745,2.740968550137086218,6.253822857953215065,16032.60
2024-10-29,1.832588002944117826,0.994651912121103711,0.126600238656446941,2.110225529319073171,5.064065683040741649,13347.21
2024-10-30,1.429898304603500394,0.220618348225709283,0.086273542340607356,3.461095877774160990,5.197886072943978023,13838.90
2024-10-31,1.941576344657336428,0.490722763426384071,0.046080393081808782,8.056967258157700098,10.535346759323229379,26518.90
2024-11-01,2.037130135528198411,0.187624527189411890,0.077839082065237023,3.173274602856210882,5.475868347639058206,13756.61
2024-11-02,1.941166932705311326,0.731421577772971246,0.015997877784683558,5.447959835082435197,8.136546223345401327,20240.23
2024-11-03,1.577468575673371462,0.615382223617109837,0.024495006771942223,3.629469907670234961,5.846815713732658483,14353.71
2024-11-04,1.493745522428215130,0.450295741632966612,0.020441308690185400,7.712294402699455868,9.676776975450823010,23224.67
2024-11-05,2.117693785518767811,2.441347945564757872,0.070105258943291529,2.507764960605883366,7.136911950632700578,17307.68
2024-11-06,1.170449947504617833,0.325310689277880317,0.016523527654694499,2.070758488652276459,3.583042653089469108,9745.43
2024-11-07,2.260709308590053632,0.734324667639580427,0.005164230371173312,10.451700009210092090,13.451898215810899461,38915.80
2024-11-08,2.454381692214492229,0.828496985659185279,0.027409982513110042,6.789762846794285227,10.100051507181072777,29873.55
2024-11-09,2.024378381564510162,0.929462598495543196,0.023157804371594858,11.125754004754855953,14.102752789186504169,44092.96
2024-11-10,1.925624234268414728,0.594570512267424101,0.093290425791939655,8.520200475692069615,11.133685648019848099,35493.08
2024-11-11,2.428407140281340217,0.324709462963956392,0.023610003897242127,6.215468322337157033,8.992194929479695769,30435.89
2024-11-12,1.775312243767526351,3.575343198678497678,0.520056172928451813,7.876164221274481024,13.746875836648956866,44633.77
2024-11-13,1.323543477608929234,0.178045256041464412,0.375906594838333774,7.054858758813749478,8.932354087302476898,28450.11
2024-11-14,1.586203378103214035,0.264698804163556717,0.010980912412560834,3.797094931428496174,5.658978026107827760,17232.34
2024-11-15,2.945571940965235127,0.485704612117735009,0.038761704203081501,5.056358544415253016,8.526396801701304653,26401.99
2024-11-16,2.004176691122146487,12.025137410486800025,0.168965852789257813,3.382764594667496002,17.581044549065700327,55094.90
2024-11-17,1.641941894212059418,1.181856946308857499,0.042502739404606199,3.811790472129713535,6.678092052055236651,20548.47
2024-11-18,2.591386246611590043,0.510899152106794509,0.096807664920897683,3.101505198043793803,6.300598261683076038,20221.92
2024-11-19,1.688351930433393089,9.098774339554158350,0.086488416992686519,5.260076201009930493,16.133690887990168451,50264.59
2024-11-20,2.009359354270245814,1.434477145386811704,0.131077341273338518,7.887526279909447082,11.462440120839843118,35312.00
2024-11-21,1.639570658530038530,0.336719865132064508,0.006052473841937427,5.385265412672220869,7.367608410176261334,24778.21
2024-11-22,1.885037199487600754,3.807805104596614294,0.040598833602121801,3.858166211030307160,9.591607348716644009,31901.80
2024-11-23,2.586239017094706569,0.719459932806985715,0.209786675134426467,2.695101454128454720,6.210587079164573471,21052.03
2024-11-24,1.368669721920454132,2.903507323252675459,0.059422283049080423,3.111433736777145776,7.443033064999355790,25051.22
2024-11-25,1.208356556993547931,0.341262254589501330,0.042101614876828987,3.670369918368067808,5.262090344827946056,17956.42
2024-11-26,1.564349792518331690,1.695965549871989044,0.041280242476531717,3.033410428713272793,6.335006013580125244,21023.42
2024-11-27,2.271857967636288516,0.093842911433951108,0.479547969167612230,3.920228556562770592,6.765477404800622446,24767.40
2024-11-28,1.829619590610988699,0.909363734757823195,0.165477233885825482,3.380186769768237898,6.284647329022875274,22526.15
2024-11-29,3.559323991293029593,0.848273920531486249,0.059254187376082597,2.984509766269141841,7.451361865469740280,26798.45
2024-11-30,3.582283165041792569,0.495398738723376925,0.088392310890198048,13.187901249785336932,17.353975464440704474,64484.77
2024-12-01,5.015412694098593361,1.438750878732942294,0.125543639855299272,9.633929671834362533,16.213636884521197460,60094.38
2024-12-02,3.408604651542721037,2.425217803788191325,0.426510140943265513,5.926417381333920130,12.186749977608098005,44415.04
2024-12-03,2.158651958738110839,0.252207877289112503,0.066303130489057377,6.142997181848521049,8.620160148364801768,31212.21
2024-12-04,2.176726308542311940,0.521777053722907831,0.004016013517944891,4.980951341357345891,7.683470717140510553,29534.60
2024-12-05,2.647242380401025638,2.937289776123150949,0.142422844176846988,5.638263686121720016,11.365218686822743591,43173.71
2024-12-06,2.968164293041892745,4.170639924023449863,0.084658841638985663,3.022405119075241218,10.245868177779569489,41046.51
2024-12-07,2.729546947478992036,1.503134985807922560,0.049729369043386715,6.264045029647402965,10.546456331977704276,42251.31
2024-12-08,2.432418412363639589,1.672968851104294113,0.041098378693814017,4.970202944841868548,9.116688587003616267,36595.39
2024-12-09,2.084937654722940706,1.518250978322926038,0.562813550401564271,3.801768496694759883,7.967770680142190898,29639.38
2024-12-10,1.894919442548384278,3.319779306863300885,0.024564427486091760,1.941636895755433022,7.180900072653209945,26015.24
2024-12-11,1.685348416021263847,0.755409993999594986,0.025646508838680713,6.007905595342954063,8.474310514202493609,32435.25
2024-12-12,2.862103881329849786,3.272990577145011459,0.248468606752265410,3.097653861926658023,9.481216927153784678,36808.17
2024-12-13,2.104644291618671371,0.413182982416439331,0.017924852076289622,2.909200091228491741,5.444952217339892065,21270.40
2024-12-14,4.894640585801589679,14.900405239761639416,0.226609426150254014,5.329648374624661961,25.351303626338145070,98193.20
2024-12-15,5.132631161267854405,1.801107772904033964,0.047713176402062320,5.237593369205531170,12.219045479779481859,48498.49
2024-12-16,3.119515409460016101,1.953723662703696822,0.013641032712911439,6.991100909083062612,12.077981013959686974,48177.22
2024-12-17,1.640181324005707244,1.140827648198149342,0.053789858937959918,2.632795297813143884,5.467594128954960388,21207.46
2024-12-18,2.494059269890810606,4.627661200770974612,0.103734063076907843,3.361340993956275463,10.586795527694968524,38378.93
2024-12-19,3.607377206802875055,4.129754092964052274,0.065056458027598773,4.204142141567060686,12.006329899361586788,41196.56
2024-12-20,1.947375844903625520,0.896062076771692656,0.101999560905996414,5.052321104100989955,7.997758586682304545,27705.55
2024-12-21,2.900469655762834050,0.532789985555431308,0.084316392038971904,4.718160582057859605,8.235736615415096867,27512.29
2024-12-22,4.865264659020163036,0.579119825724501134,0.031274348503235098,3.377114654786660018,8.852773488034559286,29016.29
2024-12-23,3.241815421773870083,0.627823298813816870,0.080684168597109591,4.648364181472040271,8.598687070656836815,29400.31
2024-12-24,3.943795124939090913,2.376281623486432274,0.031806001776528642,2.978877269808813376,9.330760020010865205,32602.81
2024-12-25,3.275418688118464904,0.926513835055262388,0.082013636780616320,4.688699504772039172,8.972645664726382784,31279.34
2024-12-26,2.806819441802045097,1.040713318335811918,0.669898187233454800,4.820926413098732642,9.338357360470044457,31114.95
2024-12-27,2.087839716074186784,1.452182359666100748,2.476602531812800804,3.618357549414143892,9.634982156967232228,31997.73
2024-12-28,2.339364142043499501,0.465818158142426612,0.024875889879705066,3.473531455480764286,6.303589645546395465,21452.30
2024-12-29,3.231240501104044136,0.707340817102085907,0.025359013905323051,5.056304487390649863,9.020244819502102957,30226.05
2024-12-30,3.218264698765777109,0.456567733692185057,0.280110153696935739,5.686857749488531446,9.641800335643429351,32253.62
2024-12-31,3.561574124843853614,5.378663761159767169,0.148646675326346744,4.341925814925626164,13.430810376255593691,44787.61
2025-01-01,1.724302004839422277,0.915611348407640525,0.021377978004388920,2.670403477069689746,5.331694808321141468,17867.81
2025-01-02,0.789875378365239984,0.208672409673669753,0.029085730669660148,3.420498080058962673,4.448131598767532558,15310.25
2025-01-03,3.163956635282237655,0.492992342368327191,0.027553030468700543,9.899417556479269433,13.583919564598534822,48970.98
2025-01-04,2.681954931733337991,0.704755432554255860,0.427038247363571298,6.431047972307942369,10.244796583959107518,37454.94
2025-01-05,3.329314125233009175,0.605424481378420556,0.008255429237385909,3.899114504836501279,7.842108540685316919,28548.81
2025-01-06,2.082485591364398393,1.734168246543579879,0.059195783022322022,2.815296012928714120,6.691145633859014414,24665.90
2025-01-07,2.861740885496623914,0.871880080727615295,0.168393221110440987,6.939520107407860061,10.841534294742540257,36704.66
2025-01-08,2.027536287672572174,7.902111266742208972,0.089137113674927661,3.698166510037620518,13.716951178127329325,45673.77
2025-01-09,2.888811017204346338,3.816347228941261485,0.037098362991320434,1.989755257748641473,8.732011866885569730,28079.71
2025-01-10,2.099315201994466820,2.007102229207919954,0.063834802605517482,3.544267411075851682,7.714519644883755938,25253.87
2025-01-11,3.182394275105933424,0.556291975045252028,0.062113000040653167,5.817923677890948451,9.618722928082787070,31623.68
2025-01-12,4.143422767766492895,0.396591520321983618,0.026471366815082403,7.455614137070330540,12.022099791973889456,39233.35
2025-01-13,2.547642748369147846,0.944589676692489285,0.019739538070611167,3.114224608606542631,6.626196571738790929,20770.01
2025-01-14,2.358563064903718787,0.700722334166848617,0.024990783949823686,2.518918640184394759,5.603194823204785849,18118.86
2025-01-15,2.357790288082742823,4.409221756480879588,0.124196995005266386,4.312237811564086000,11.203446851132974797,38545.89
2025-01-16,2.130121564010394890,0.915134746256134769,0.034268274490668535,5.613063791316280585,8.692588376073478779,28768.77
2025-01-17,2.264989183473520030,0.195465342458803284,0.135446472702471485,2.452213858422583110,5.048114857057377909,17569.64
2025-01-18,1.096206896910089794,8.927467795017732089,0.061037491198569445,1.754860332140298748,11.839572515266690076,39271.63
2025-01-19,1.058132790081466225,2.418316683318786161,0.148193807545723215,2.225739243892661339,5.850382524838636940,18739.89
2025-01-20,3.376759248141513753,2.013637643672219009,0.013512246074325012,5.222677929174805706,10.626587067062863480,34797.48
2025-01-21,3.479052897977612639,1.804627331079724083,0.208419598140012585,7.498777859481916822,12.990877686679266129,43061.18
2025-01-22,2.896201581832327029,2.225515844057496179,0.162500679507261483,8.273221242748297644,13.557439348145382335,43862.71
2025-01-23,3.985616997808437504,1.242708651826587151,0.036915670026889919,6.228140012519029868,11.493381332180944442,38421.87
2025-01-24,4.966151207582432601,0.344130740785237213,0.103768674161167232,4.705117016822172967,10.119167639351010013,33512.62
2025-01-25,2.776883754618150284,7.348007991178570745,0.092532682847480239,6.589785844434603615,16.807210273078804883,55965.41
2025-01-26,2.564760237135052138,0.751116090444355948,0.115862764267725979,5.876909000748475556,9.308648092595609621,30159.81
2025-01-27,3.118493960441741223,2.621025596247787845,0.017415202437300987,3.223369887358392932,8.980304646485222987,28430.78
2025-01-28,2.706827165066955019,4.554776300514274246,0.036079614779700306,3.710457012662557277,11.008140093023486848,33830.15
2025-01-29,4.639166060534909446,2.438243620053602359,0.382688633925616524,5.294518885950500396,12.754617200464628725,39799.64
2025-01-30,2.678370822562584468,2.273746410612526879,0.230795095344646012,3.848555819011313053,9.031468147531070412,29429.22
2025-01-31,2.571433381067456280,3.506688646348795209,0.063818557693700168,5.784497624169434788,11.926438209279386445,39235.65
2025-02-01,2.760017842505764039,1.471855111088355738,0.049679643260747752,3.910652486022962422,8.192205082877829951,25644.47
2025-02-02,1.747710781767847090,0.564604895837586604,0.113013350789175410,4.708823458840226933,7.134152487234836037,20376.78
2025-02-03,0.976915410622186674,2.922639342335742035,0.062053428904808664,3.998877232926881340,7.960485414789618713,22897.64
2025-02-04,2.748950360077516922,1.889143899733650632,0.304871276250108654,8.586175950320097167,13.529141486381373375,37029.80
2025-02-05,3.143252405098056725,0.635121374739205857,0.022370706543303030,4.645354282667659958,8.446098769048225570,23535.31
2025-02-06,3.397972656427947890,1.133999982201088541,0.085501421422715026,7.333078378836063128,11.950552438887814585,32071.01
2025-02-07,4.713359481590303670,1.779519479254218421,0.088372264045593189,5.227198723830959879,11.808449948721075159,30955.38
2025-02-08,4.274331328182216540,3.489524273180861212,0.095753048767897703,6.517867575874440539,14.377476226005415994,38000.24
2025-02-09,3.549723749250442562,0.939786816571197439,0.055375170388563076,4.898215433771698356,9.443101169981901433,24875.58
2025-02-10,3.748160125339617122,0.677566388535677306,0.388095749251143656,10.091568738125583553,14.905391001252021637,39576.70
2025-02-11,2.995365052254248408,0.811470590991980185,0.114494508951182179,3.858859847769040087,7.780189999966450859,20232.41
2025-02-12,3.824311612145312815,4.876780043254750708,1.534500077331421301,2.977551212691539779,13.213142945423024603,36143.55
2025-02-13,2.750929563097414553,0.318745571754654023,0.112661093431034828,4.389234613605873290,7.571570841888976694,20218.83
2025-02-14,2.809407246844620382,3.621664491443394471,0.041951044809247072,5.179673232200806666,11.652696015298068591,31801.37
2025-02-15,2.619781251519122617,0.780074224832333149,0.051044182852974385,3.369005273396341875,6.819904932600772026,18396.20
2025-02-16,2.809859537415982711,1.694098164839938386,0.072672429329643225,7.155547999121309768,11.732178130706874090,31303.60
2025-02-17,2.726180236323784590,0.175471703353795739,0.030937405551682650,3.334498307692182031,6.267087652921445010,17174.11
2025-02-18,3.713771548317911205,1.715634563816045034,0.222442703428055673,5.854309292645612699,11.506158108207624611,30697.00
2025-02-19,2.489791591945696648,0.618295220064810940,1.161261912761449657,5.275623194969732858,9.544971919741690103,25899.14
2025-02-20,2.095333811051247228,0.546311691054197731,1.249521558424850373,4.082194686947062189,7.973361747477357521,21867.44
2025-02-21,1.131505091000573818,0.147465158331620952,1.421033829656782436,4.097911701023751681,6.797915780012728887,18090.82
2025-02-22,3.366385178084838203,5.571759263370776062,5.348927824638904098,3.053710494388287781,17.340782760482806144,47915.17
2025-02-23,1.242074290975861960,2.258966577160914041,1.160920868405835068,2.093877946918351152,6.755839683460962221,19045.79
2025-02-24,1.970236499406675088,0.797055339763889482,5.024832556576472514,3.762500692365528268,11.554625088112565352,29016.21
2025-02-25,1.573976437552546446,1.642931187952930003,3.140167788022660696,1.746121810819226652,8.103197224347363797,20248.68
2025-02-26,2.780971561652254534,2.362603612954480814,2.230724129446942991,3.944406320660398446,11.318705624714076785,26346.21
2025-02-27,2.035000020360000135,0.793983118237280099,1.629550908077720902,9.591045857358272503,14.049579904033273639,32405.37
2025-02-28,1.518764951582054558,1.093551002026514494,2.735036787875161463,3.846716493565930516,9.194069235049661031,20533.94
2025-03-01,2.187961764484794010,0.090367946770068411,1.921806525646384683,8.110841912241445382,12.310978149142692486,27220.96
2025-03-02,1.772695505995529673,1.309359243702893266,0.749774636045441145,3.789511750465508277,7.621341136209372361,19177.07
2025-03-03,2.775414632513888853,0.233640832556486234,2.374823132582327828,6.693859678226882707,12.077738275879585622,25968.35
2025-03-04,1.693978770302374912,0.338251170844829106,0.490032856338213818,3.178363340235343054,5.700626137720760890,12385.95
2025-03-05,2.552217609028245522,2.503205401444983202,0.683597629869474024,4.637020661306553383,10.376041301649256131,23330.31
2025-03-06,1.445435508340795988,0.111266321087995741,1.399670012127907508,5.338776974020596176,8.295148815577295413,18304.56
2025-03-07,2.639917497332810291,4.687362452474194782,1.138506947480727303,3.782793834465573172,12.248580731753305548,26224.94
2025-03-08,2.040320013527828780,0.096621212593767512,1.642032140811826913,15.768428778555897738,19.547402145489320943,43090.17
2025-03-09,2.187718134951446561,0.187848237297302047,1.100177621177041696,2.935644902612501165,6.411388896038291469,12872.40
2025-03-10,1.957479558367925617,0.182804659032653919,1.538902390406402671,4.485935671209429887,8.165122279016412094,15206.18
2025-03-11,1.677448784126422992,0.176295490385261382,2.721775790954544279,2.945484007606127959,7.521004073072356612,14480.11
2025-03-12,1.747681668109831347,0.152859183432792189,1.409557971535432410,5.548837848306396917,8.858936671384452863,16869.93
2025-03-13,2.323681814938542576,0.081136404580300363,1.884131772211982333,5.159856876386559956,9.448806868117385228,17603.41
2025-03-14,1.590455113447147894,0.820672966131477075,0.709123584408872973,4.193413646999425317,7.313665310986923259,13966.39
2025-03-15,1.448175281464101783,0.438943084764662757,2.336279826174126317,6.330002136751483573,10.553400329154374430,20479.30
2025-03-16,1.515636911621162999,1.482412335904873419,0.605825307025957122,7.268388703461845640,10.872263258013839180,20460.22
2025-03-17,1.062196559421349442,0.765111660595135354,4.042217566094829447,5.074213473814553393,10.943739259925867636,21089.29
2025-03-18,1.426967237684100503,0.326073839163446888,1.922863542694256820,4.317953496331605136,7.993858115873409347,15449.64
2025-03-19,1.740846914680137294,0.212291200526179999,0.717077210037248985,7.739669913881370306,10.409885239124936584,21450.01
2025-03-20,1.659234448082230225,0.191115005817195194,1.647079155623326962,2.836539407466033313,6.333968016988785694,12497.60
2025-03-21,1.277509169054682374,0.362288166380557518,1.448180980115663802,3.356915953494272739,6.444894269045176433,12682.84
2025-03-22,1.090738283214563868,0.414845239554008252,1.294147063908992841,4.425198785336978618,7.224929372014543579,14302.67
2025-03-23,0.951675440630820288,0.192993792704424148,0.719843487414443110,3.716879013383781789,5.581391734133469335,11197.51
2025-03-24,1.649843908075149925,1.100818275563605137,2.258834298048460829,17.576061562045924851,22.585558043733140742,46879.62
2025-03-25,1.896091026381703345,0.578385184556664365,1.403107789815782634,6.649619803300761424,10.527203804054911768,21782.50
2025-03-26,1.211217794130953792,0.138934012426897439,1.022444780862122891,2.985001658155786375,5.357598245575760497,10768.13
2025-03-27,1.421545027046661370,0.591844763529974167,1.359376824656273492,2.519740558249321427,5.892507173482230456,11784.60
2025-03-28,1.149179319468019155,0.320143044011324811,0.468165327954133029,4.430675425347917480,6.368163116781394475,12080.09
2025-03-29,1.353776380557315630,0.732738767781375967,0.653089550360064817,3.411924198715282774,6.151528897414039188,11252.25
2025-03-30,1.721981562893883235,0.290020308750340561,2.223005453240546160,2.513879251493095612,6.748886576377865568,12164.62
2025-03-31,1.912596181499625309,0.811581255128113900,1.387676330408697484,5.809169633071645297,9.921023400108081990,18117.33
2025-04-01,1.721461545188117921,1.723259959134953609,2.732252961177944995,5.425679813991612604,11.602654279492629129,22122.74
2025-04-02,1.276021008457254193,0.406710511989669944,0.960462951483248884,4.766827412534143469,7.410021884464316490,13348.89
2025-04-03,2.187949036546507604,0.097058661932154447,1.233873381052446300,5.275100247033311299,8.793981326564419650,16004.95
2025-04-04,1.112805173376131430,0.160744852754972605,0.654863777630233441,3.456111362147474913,5.384525165908812389,9757.03
2025-04-05,1.517383091370753456,0.505205817574713386,5.332468052733169052,4.732659743933210312,12.087716705611846206,21795.53
2025-04-06,1.151185158876461042,1.559794864353039716,0.828287785355506069,1.916872457112800522,5.456140265697807349,8580.50
2025-04-07,1.586797311563887519,0.106111197345450429,0.675453227696345773,2.783739895991629602,5.152101632597313323,8015.57
2025-04-08,1.709618590403004091,0.419838081603175594,1.097268899771315528,3.803467947035208339,7.030193518812703552,10332.55
2025-04-09,0.998785110563528185,0.200891179194096151,1.129533792357699580,2.689568929776045244,5.018779011891369160,8354.68
2025-04-10,1.245567911810509483,0.044402249420783515,2.644196455275524802,5.737936402841358917,9.672103019348176717,14738.74
2025-04-11,0.853237105988527885,0.097443783552304654,1.355761020364862006,2.907358382638679319,5.213800292544373864,8172.27
2025-04-12,0.935192864778120385,0.094181562730676025,1.196274880418058577,2.692320049522260310,4.917969357449115297,8098.12
2025-04-13,1.252722173942295290,0.381051433454941944,0.596853860710350793,4.720479065775017444,6.951106533882605471,11074.92
2025-04-14,0.915428363388520999,0.132576780810569836,2.885897863666567898,48.543729997818378398,52.477633005684037131,85320.23
2025-04-15,1.545374179492126082,1.046757410665262691,5.312132637890290791,9.462951746116884886,17.367215974164564450,27534.85
2025-04-16,1.683977625920333404,0.363373859690566079,2.009245469741911168,6.576932718236514673,10.633529673589325324,16804.90
2025-04-17,2.819052834981386364,8.675015615668871232,1.919718930744485323,4.785743844690307039,18.199531226085049958,28903.40
2025-04-18,2.220312768649877999,1.029493636686585031,2.111294850890304280,3.148968937297027676,8.510070193523794986,13510.63
2025-04-19,1.460057747664396371,1.017328598067567847,0.950443325099388471,2.797566764733478816,6.225396435564831505,10051.71
2025-04-20,1.070023317764994355,1.191491685080362781,3.329837329071124415,21.702126077749175473,27.293478409665657024,43334.13
2025-04-21,1.751058414596732931,0.894758234265860566,1.993619581981572307,4.020398672148594769,8.659834902992760573,13653.49
2025-04-22,1.890553634070483450,0.705159492990696095,8.401588207818253738,6.309804747548370740,17.307106082427804023,30519.00
2025-04-23,1.499467334408658086,0.244731566245542324,0.829774822484777290,5.364342217983171945,7.938315941122149645,14253.40
2025-04-24,1.677971961385708430,0.358844898233308362,0.952499005231916182,9.988426291097811510,12.977742155948744484,22933.88
2025-04-25,1.332425961892176168,1.124872140969144971,0.377938870965741583,6.753667201629901675,9.588904175456964397,17165.26
2025-04-26,2.651996447576262122,0.240629478034625687,1.117316907319166655,3.861218283503523929,7.871161116433578393,14318.61
2025-04-27,2.178640396165912868,0.352864028206994891,1.388999558285709140,6.217826053542027316,10.138330036200644215,18147.68
2025-04-28,2.168281486720429920,0.191627402432406454,1.563761390140043850,6.635297933475895506,10.558968212768775730,19014.55
2025-04-29,3.153301166694631441,0.798862168443873484,1.003611057570474947,3.773345212503257335,8.729119605212237207,15643.58
2025-04-30,1.478882522402891361,0.024108878008651615,1.405026824429142282,2.888427463710254050,5.796445688550939308,10416.16
2025-05-01,2.354352798016639258,0.114149015827044107,1.702962183287583215,6.939774391974137158,11.111238389105403738,20408.79
2025-05-02,2.548586942713583454,4.101312960861222643,0.723371096498849364,7.927439054416483923,15.300710054490139384,28174.40
2025-05-03,0.754389182648180083,0.064890766084065958,4.536097080624443842,4.713258439793524485,10.068635469150214368,18530.14
2025-05-04,1.654430155993753683,0.209658473560344093,1.553648723073762624,2.076172960209260304,5.493910312837120704,9922.69
2025-05-05,1.157112188654091858,0.094335470358061928,3.354282873905904291,5.144440587470275059,9.750171120388333136,17768.41
2025-05-06,2.222857584493702236,0.639558710292275375,1.512147449535046448,3.522267967604415455,7.896831711925439514,14336.78
2025-05-07,1.529605268470644331,1.310923038588244484,1.348586163452563060,4.732240745025354731,8.921355215536806606,16168.36
2025-05-08,1.103760451558036091,1.256405777063200304,0.791023179182184046,3.529138065980755958,6.680327473784176399,14679.08
2025-05-09,1.184943570227992010,0.447647971332462501,0.881613043575273125,6.507234919819916666,9.021439504955644302,21120.90
2025-05-10,0.892672900400144259,1.807253590319920662,0.942717815296255171,11.382341237730881566,15.024985543747201658,38806.83
2025-05-11,1.240009359102530910,0.173396315324448375,0.936691080273972895,4.126912371806715441,6.477009126507667621,16219.07
2025-05-12,1.212059571489101978,0.408903781548668715,1.501389288242957163,8.682153448423971683,11.804506089704699539,29424.18
2025-05-13,1.646578202500573621,0.473266224663130826,1.944134657293821834,8.393184405037032050,12.457163489494558331,33360.10
2025-05-14,1.361261760582057434,0.411093195871595134,2.503527844068407432,4.246589011502486889,8.522471812024546889,22195.96
2025-05-15,1.268124877711131471,2.686122098994116497,1.618396258208521401,31.658331380447534227,37.230974615361303596,94594.02
2025-05-16,0.779508158967973950,0.219477639612668982,1.755834057906498715,2.588009483592243960,5.342829340079385607,13547.34
2025-05-17,0.613700003832938560,0.218064724074469119,0.767912495435015927,4.294263181310543801,5.893940404652967407,14571.56
2025-05-18,0.885993893569710321,0.467164809876196510,0.916819073593254896,3.623565781546928381,5.893543558586090108,14756.51
2025-05-19,0.922160792474200548,0.692957949064069365,2.932412014713909504,3.438726689141094590,7.986257445393274007,20196.13
2025-05-20,0.968152791095312035,0.354239651063362332,4.594251072562691094,5.619272853203349642,11.535916367924715103,29092.08
2025-05-21,0.931997108552423015,0.287194750872347561,1.183106390712698266,3.575803425112108202,5.978101675249577044,15243.20
2025-05-22,1.030675100753132083,3.039607422383247221,1.052804791862940332,3.953218061068702566,9.076305376068022202,24188.27
2025-05-23,1.140200258984532217,0.387790786243025671,1.640297865461147331,2.033405058086053413,5.201693968774758632,13131.26
2025-05-24,0.649372887493934177,0.596053072696533754,0.627388529925914466,5.360670124525901330,7.233484614642283727,18315.82
2025-05-25,0.749649168921814728,0.140123076622016216,0.537260611800999509,3.621423541010714919,5.048456398355545372,12863.83
2025-05-26,1.696667976633106647,2.790754975169836854,0.732381441197034273,3.500691480965477246,8.720495873965455020,22293.36
2025-05-27,1.574802446150208902,0.244881037151710675,1.498640390556821069,4.711914113289930140,8.030237987148670786,21320.59
2025-05-28,0.830615345336190421,0.411429743567954789,0.781778215825529513,2.279733957787314911,4.303557262516989634,11526.34
2025-05-29,1.018921064207936042,0.246013499007847261,2.883601240419129891,4.630442069066539772,8.778977872701452966,23024.98
2025-05-30,0.688233040786843002,0.157724183613317960,1.235777832762775670,11.520923896202032624,13.602658953364969256,34341.19
2025-05-31,1.007951507991570795,1.240059367745859316,2.336669875343457701,2.109385115805764001,6.694065866886651813,16958.61
2025-06-01,0.818230326018543545,0.202165317557397527,1.281059612777220235,3.595083751996122417,5.896539008349283724,14981.83
2025-06-02,0.941423516786981366,0.163701628687401891,1.078380231588019091,5.084078079969284473,7.267583457031686821,18932.09
2025-06-03,0.928280702245062674,0.172783651789692778,1.466699489961820266,3.785679984494282912,6.353443828490858630,16489.07
2025-06-04,1.264984464733429574,0.301117423179563105,1.499990502023421189,1.364530309644710671,4.430622699581124539,11564.67
2025-06-05,0.683512537325959737,0.097954408046572658,0.763211999589164688,2.444150948286561482,3.988829893248258565,9660.26
2025-06-06,0.789697356791998612,0.030839980481811135,1.711259803258086126,4.016157053804665952,6.547954194336561825,16257.46
2025-06-07,0.618331833480314586,0.098611340368231521,2.585939066900987353,1.792254812644803489,5.095137053394336949,12877.60
2025-06-08,1.534400591140285189,0.242754056839326927,0.599310094462409881,1.832215306226521559,4.208680048668543556,10562.69
2025-06-09,1.247211274362973115,0.004976350528885266,10.072673676361647709,3.635331365584320407,14.960192666837826497,40153.49
2025-06-10,0.954429598397901732,0.019158412633113603,1.937643923420152018,10.316091592817536768,13.227323527268704121,37213.45
2025-06-11,1.619169259127715791,0.346854774510569723,1.211653651309367194,5.108297311431452512,8.285974996379105220,22986.27
2025-06-12,0.436895674458020695,0.014205654651505245,1.601686641057600051,6.936653828025759303,8.989441798192885294,23891.69
2025-06-13,0.461891446340339573,0.431252887849404792,1.513639663766943449,10.109591375182598144,12.516375373139285958,32289.97
2025-06-14,0.705668576023065511,0.240935851861867327,2.490679819065735688,2.979366311686827310,6.416650558637495836,16244.84
2025-06-15,1.021442224477469747,0.000000000000000000,3.534526021016302617,3.955628307481479325,8.511596552975251689,21683.15
2025-06-16,0.900162008744892136,0.009905186354280721,2.148522544134166214,2.945640493543383067,6.004230232776722138,15266.30
2025-06-17,0.597823100319932389,0.564068354364220066,1.999593828490085545,3.396529786798740389,6.558015069972978389,16502.46
2025-06-18,1.246645482706956982,0.587207762317076915,1.957191243088728379,6.900785045820452214,10.691829533933214490,27010.34
2025-06-19,5.697470517159931122,17.546970043047565294,2.211904661509786270,6.124883010434177048,31.581228232151459734,79611.41
2025-06-20,0.943780676502764025,0.026040394999952460,2.016140206871062119,2.604996662161949547,5.590957940535728151,13439.32
2025-06-21,0.549659116189570265,0.012825136223009148,1.092107317877715921,1.768894243310897819,3.423485813601193153,7851.80
2025-06-22,0.498413742427424247,0.194270495729258939,3.825719723579297651,2.239027919010730420,6.757431880746711257,15024.92
2025-06-23,1.649742040675463682,22.067969581990742441,9.173826567006367054,2.444850112130652528,35.336388301803225705,85456.19
2025-06-24,1.003593556696573912,0.199375418502597589,2.677491838722514541,5.918130959533449015,9.798591773455135057,23973.53
2025-06-25,0.703657539653779012,0.007788783524596039,1.226311948593076914,3.283565454802218189,5.221323726573670154,12616.81
2025-06-26,0.856945129103673384,0.001059601454386479,1.311675009246152861,5.998906250747312486,8.168585990551525210,19739.49
2025-06-27,0.569510679284250537,0.177537435570349546,9.884324134886421636,7.165534596199539533,17.796906845940561252,43146.11
2025-06-28,0.486678829824022261,0.005253601409134849,1.851412135087774403,5.415633610583119071,7.758978176904050584,18912.09
2025-06-29,0.855531855307516202,0.071863346248229841,1.334389006440767479,3.169758469893982985,5.431542677890496507,13606.61
2025-06-30,0.943486519268992669,0.008537470780631544,2.443382903994643272,6.092271825389743118,9.487678719434010603,23631.96
2025-07-01,0.754245737379310474,0.221270688757336404,2.345885787855466161,7.044967645529885754,10.366369859521998793,24895.78
2025-07-02,1.120743500253678088,0.456197600934710475,2.182773217843432244,4.224490357412458880,7.984204676444279687,20527.23
2025-07-03,0.854373355199901778,0.086287262625588160,1.766791182522817778,2.862575961191993078,5.570027761540300794,14429.94
2025-07-04,0.478928101416759281,0.020694043052082127,1.485036349130318885,3.058009085012498474,5.042667578611658767,12673.94
2025-07-05,0.796776482765676199,0.005750973682971505,2.654857781771064188,5.115872813456555621,8.573258051676267513,21606.58
2025-07-06,0.954543216077021277,0.010562956117797273,4.825671905258588173,2.958671172404226023,8.749449249857632746,22436.75
2025-07-07,1.727537004399374630,6.865852428237227011,1.673684073592821566,3.343632398381954526,13.610705904611377733,34631.45
2025-07-08,0.768119738646288242,0.001963323849546822,0.989784868087021045,3.493410659447988929,5.253278590030845038,13723.99
2025-07-09,0.787194192503862664,0.321558179570490884,2.191259825160953824,5.322570212467987366,8.622582409703294738,23940.99
2025-07-10,1.116131951281572036,0.245533063226816726,2.121964373993676445,2.463779081549166596,5.947408470051231803,17497.00
2025-07-11,0.746703544378043165,2.801635599726802941,4.808293168401908537,4.772488547266360450,13.129120859773115093,38778.83
2025-07-12,0.748401284801962847,0.000000000000000000,2.718068029313298152,6.571267392975939207,10.037736707091200206,29502.92
2025-07-13,0.701052027087590452,0.009097114448853896,2.456391793513825723,2.758470447069528053,5.925011382119798124,17588.35
2025-07-14,0.612591412437490676,0.124993543602876564,1.800878191679757234,9.367023688902089465,11.905486836622213939,35842.37
2025-07-15,1.072893489274955014,0.151230272147518167,3.300862344312938944,8.449504473250191310,12.974490578985603435,40595.08
2025-07-16,1.544503540216786326,0.778539482415956915,2.216019182652685097,11.343558123925042124,15.882620329210470462,53464.84
2025-07-17,1.744639277790386524,0.531021651377195892,1.622631248463037620,14.973398361493532807,18.871690539124152843,65686.88
2025-07-18,1.836046567064333857,0.615092442084987717,2.687529610626164194,15.481357297286425930,20.620025917061911698,73100.13
2025-07-19,3.279537602572639082,2.003745300962415648,2.518013955465538034,8.385568923431762566,16.186865782432355330,58249.98
2025-07-20,3.187024640251501556,0.217858926531251305,5.588660515325620415,13.278596670200565575,22.272140752308938851,83918.93
2025-07-21,2.529207171142546696,0.808523818634419733,2.956117446154185080,9.821536671018498310,16.115385106949649819,60594.59
2025-07-22,1.280556968086777429,0.360050966648491968,1.812557448619297092,9.120523615906287739,12.573688999260854228,47047.00
2025-07-23,2.094290947080107314,0.702358913750736125,2.277574797034684538,6.704859877791867499,11.779084535657395476,42790.00
2025-07-24,1.088295830624912422,0.191059600423015574,1.565169535460301426,8.996937034753556844,11.841462001261786266,43867.64
2025-07-25,1.958176754150132431,3.103249064613300233,3.300305704922219160,13.809916348269814072,22.171647871955465896,82305.38
2025-07-26,3.297563333379518921,0.459442495843035661,3.112221524819011542,8.171784655690124402,15.041012009731690526,56319.67
2025-07-27,1.931334685073787986,2.417839107025639857,2.622772143218288352,4.251733661949492957,11.223679597267209152,43374.12
2025-07-28,1.824823097076568457,0.319495407630240133,2.788259745459560561,6.957315755173284994,11.889894005339654145,45152.35
2025-07-29,3.334502849412784482,0.723202305779353184,1.895965813206287077,7.486196472081567295,13.439867440479992038,50982.39
2025-07-30,3.835112307311779267,0.208222479422318895,2.680328473684431241,3.954799878481046726,10.678463138899576129,40623.63
2025-07-31,3.003015300782716777,1.675322660556910622,2.446075812202843682,4.951417207578177600,12.075830981120648681,44587.83
2025-08-01,1.812027465882264797,0.621082702480753612,2.763258641349922268,4.570256722578781392,9.766625532291722069,33934.16
2025-08-02,1.666898403799749900,0.314429145636182367,2.699875625307057342,2.747640515549013090,7.428843690292002699,25242.69
2025-08-03,1.863064003308961747,0.387524678048258770,2.168783667117227103,3.786987237038609233,8.206359585513056853,28707.15
2025-08-04,1.110242132944646840,0.238978210188057922,2.709597376560399562,3.164813348973189675,7.223631068666293999,26926.99
2025-08-05,1.092984118211743229,0.140083740014382201,1.754474490642068219,5.420469961922238618,8.408012310790432267,30346.54
2025-08-06,1.201748450830231165,0.075227229900939758,6.520322100943280627,7.773805666363693298,15.571103448038144848,57393.51
2025-08-07,1.583177758026893693,2.516314024970732435,3.014397258034540634,6.458475651437863022,13.572364692470029784,53023.70
2025-08-08,1.732388314253800907,4.308341256475708917,6.482166757875838624,7.922600192977800319,20.445496521583148767,82280.24
2025-08-09,1.746678491335069048,1.342682702126940951,15.387228948128573931,7.159761193462276444,25.636351335052860374,109568.48
2025-08-10,1.838077886234665441,7.529908713097336446,19.306726651639545968,3.323033124211625188,31.997746375183173043,135907.58
2025-08-11,2.427173765442903653,5.257830584310623474,9.868367396311848613,6.675054348077243370,24.228426094142619110,102336.29
2025-08-12,1.843279015028149142,8.221840753225717575,38.142665119291664208,4.725098128777392059,52.932883016322922984,242844.89
2025-08-13,4.114872303146122302,20.369529229414847920,28.165768898639446011,6.728130335443215568,59.378300766643631801,282806.31
2025-08-14,1.506224165701105610,0.762423723174546936,7.694674560756677286,5.734857811582295306,15.698180261214625138,71356.03
2025-08-15,2.149668030597414908,8.987792332451768498,23.199957485738884718,2.662494205133685634,36.999912053921753758,163878.16
2025-08-16,1.561423496158668992,6.216893448860208908,12.743563025796237820,3.604985042159204584,24.126865012974320304,106861.75
2025-08-17,1.577019528462765933,7.560057484022793569,10.375299308477404597,3.146557418669796534,22.658933739632760633,101317.16
2025-08-18,1.385552469828059804,3.303043494552161748,5.292148934121637200,3.271213494463219237,13.251958392965077989,57095.27
2025-08-19,1.164835037742534198,1.994989634619510916,2.486662408234503186,2.194484627526758726,7.840971708123307026,31920.20
2025-08-20,1.327626173945877041,1.770250353969583161,3.596927819254930746,2.727351890183798287,9.422156237354189235,40856.19
2025-08-21,1.146376709794353216,1.212574109742587125,3.277994103373036464,3.185404503182431480,8.822349426092408285,37271.81
2025-08-22,1.435923163240433059,5.966718847964561671,1.621147400925477525,2.349262286694932269,11.373051698825404524,54995.42
2025-08-23,0.900837856761200170,0.221212597373889154,1.441375015413401995,2.539630062050883447,5.103055531599374766,24375.71
2025-08-24,0.966482103436312521,0.486369546178283071,2.311258085958978367,2.469680072730321046,6.233789808303895005,29902.20
2025-08-25,0.762520241807319265,0.229641341026776517,0.628674439671499920,3.301533469263330689,4.922369491768926391,21513.86
2025-08-26,0.870785057304026007,1.259312634938990357,1.007695490660767074,2.175019828011705543,5.312813010915488981,24488.14
2025-08-27,0.782886887862357237,0.293229874378961241,0.964747277097101416,4.733078848227705921,6.773942887566125815,30565.72
2025-08-28,0.980844649222929486,0.601977268664579758,1.821264340246127106,2.562915819761522257,5.967002077895158607,26887.25
2025-08-29,2.171135672133664601,0.601590578519680803,1.752809714511116655,4.201014852183909559,8.726550817348371618,38149.85
2025-08-30,0.898252166651681383,0.113345967028832560,4.951374145849715199,3.188749771209115831,9.151722050739344973,39958.85
2025-08-31,0.408869177386838627,0.409349535677564821,0.734897496229025127,2.306272177988112289,3.859388387281540864,16911.25
2025-09-01,0.670116571000329694,0.099776091713540677,0.549128343487324774,2.546732556670984019,3.865753562872179164,16661.08
2025-09-02,0.835859040524419482,0.138669396638771893,1.368157878892946406,2.886114334259116083,5.228800650315253864,22603.63
2025-09-03,0.804954678099326954,3.796762827785053776,0.837486839843395648,2.119339583882193935,7.558543929609970313,33634.32
2025-09-04,0.869513427532267812,0.320569720315303724,0.641671849324848275,1.938599586248561310,3.770354583420981121,16275.23
2025-09-05,0.426234954989196139,0.109569109541724318,0.480561314220933287,1.885815127278588748,2.902180506030442492,12515.65
2025-09-06,0.448890422454300386,0.051312359368604969,0.449679303887167910,1.891068202913804165,2.840950288623877430,12170.49
2025-09-07,0.683283830390184915,0.147464416925081941,1.921331705592920013,2.214277677087536610,4.966357629995723479,21432.78
2025-09-08,0.590495369009525454,0.169327445828108327,0.731422177595218259,2.181415089941501571,3.672660082374353611,15826.96
2025-09-09,0.376608053719820928,0.077940909211582439,0.956688166637907683,2.571828878379073023,3.983066007948384073,17188.29
2025-09-10,1.235191813466159175,0.676292041854673186,1.421609722758020377,2.821532082962912237,6.154625661041764975,26762.96
2025-09-11,0.543475895000962075,0.458280207526238960,0.497993752168847135,4.629477846931726656,6.129227701627774826,27316.73
2025-09-12,0.473548792554743746,0.084488875295000397,1.060020052931049940,1.736236663723867419,3.354294384504661502,15758.42
2025-09-13,0.485686601990969362,0.276806340279875651,0.742070247426233618,1.462486209877727181,2.967049399574805812,13834.49
2025-09-14,0.507091156408934967,0.137651926964535431,0.588061041008288609,2.072076187548116758,3.304880311929875765,15218.93
2025-09-15,0.346331013559405811,0.347970225565596932,0.425073696420494911,1.341682304450304507,2.461057239995802161,11129.85
2025-09-16,0.599717374518002842,0.058132937897085009,1.099046016604731875,1.741593667248438527,3.498489996268258253,15757.72
2025-09-17,1.261463705484483665,0.647304733044598960,4.504816213856893282,2.212609992175254364,8.626194644561230271,39604.88
2025-09-18,0.598739357158874658,0.387570561333402387,1.179165349881980108,1.543854007591762697,3.709329275966019850,16965.52
2025-09-19,0.529749508945271312,0.329475663936019409,2.372117316106596874,2.011865896738610380,5.243208385726497975,23416.09
2025-09-20,0.462439796891449180,0.319897128358943529,0.680659999199297036,1.851597677771340870,3.314594602221030615,14881.92
2025-09-21,0.415902299047243672,0.304509942293949531,1.076510815586991111,4.363408998597383410,6.160332055525567724,27393.70
2025-09-22,0.512423619644418849,1.717298715926491131,1.170096641253820698,2.678014231664952127,6.077833208489682805,25569.93
2025-09-23,0.730262804012470972,0.055787688139385755,1.522029051266333295,3.024287720690954141,5.332367264109144163,22292.41
2025-09-24,0.636187165965346860,0.138432381589351729,1.331693079655440403,3.340173428350529630,5.446486055560668622,22625.91
2025-09-25,0.564870497885948878,0.321690888064080262,0.656896974687919201,2.337303183782946298,3.880761544420894639,14994.41
2025-09-26,0.592559804168330018,0.072799907113898225,1.518325627345870017,1.856202304217303118,4.039887642845401378,16243.31
2025-09-27,0.544186747201873596,0.049485475255577023,1.725266090801511569,2.807209697564100296,5.126148010823062484,20642.37
2025-09-28,0.498643667277700379,0.255036031250732466,0.943039970377295159,4.673192423064879889,6.369912091970607893,26366.20
2025-09-29,0.450288446713946441,0.202557831109070784,0.867448262271303574,5.728999973259957485,7.249294513354278284,30602.95
2025-09-30,0.820466285933657863,0.351498439709205440,2.648193274071349544,3.782132016474001065,7.602290016188213912,31514.21
2025-10-01,0.664895617417746960,0.000000000000000000,1.544988279607234296,1.303757365042815131,3.513641262067796387,15255.06
2025-10-02,0.361809728022269809,0.028960306709766886,2.327331623615796888,1.717398524146940688,4.435500182494774271,19899.84
2025-10-03,0.579007497490906391,0.461526181559226464,2.939866851737519388,2.967418733661993593,6.947819264449645836,31438.87
2025-10-04,0.544106328574099479,0.106805057452236344,1.195841007316500894,2.518231499669818487,4.364983893012655204,19596.20
2025-10-05,0.474727724476786244,0.028484416251120699,0.870414165201840307,1.553863638994859925,2.927489944924607175,13224.76
2025-10-06,2.030366622355132152,0.000000000000000000,1.246060832170526786,2.803181872833067848,6.079609327358726786,28526.13
2025-10-07,0.379889639921839435,0.125846166864314291,0.673388110437798925,3.387660013044511503,4.566783930268464154,20338.49
2025-10-08,0.534073831795712309,0.000000000000000000,1.498709903494691768,3.271980267876099777,5.304764003166503854,24023.49
2025-10-09,0.457510086509085174,0.009770981809437184,0.537862969594044707,2.174541979984191307,3.179686017896758372,13896.41
2025-10-10,0.643975862534997259,0.012690814887030759,5.797177418815308906,2.551985374309028836,9.005829470546365760,34596.26
2025-10-11,0.962630123785378582,0.147534321171048945,0.751367695777747736,2.828431518114326636,4.689963658848501899,17536.15
2025-10-12,0.361629547814178117,0.045515450902521972,1.084808704006169502,2.453547294889739232,3.945500997612608823,16380.96
2025-10-13,0.332970090505030181,0.074155831798086125,1.391097010356040711,5.599310741288693484,7.397533673947850501,31501.21
2025-10-14,0.575905945628025535,0.157121222154980816,1.070740749806401941,5.699272219870974533,7.503040137460382825,31036.73
2025-10-15,0.712906687731482444,0.000000000000000000,0.879967828595980724,2.773946312887576137,4.366820829215039305,17388.05
2025-10-16,0.658356606697278462,0.217842257827725327,0.536000061295971720,2.113788917524048141,3.525987843345023650,13722.58
2025-10-17,0.454156505497818110,0.049482447148291701,1.007533166750270077,3.691268748405059979,5.202440867801439867,19990.80
2025-10-18,0.722245706028123547,0.000000000000000000,0.794612109063559186,3.587616777022650819,5.104474592114333552,19824.09
2025-10-19,2.786679061876178439,0.001015902867779870,0.563677680141920914,1.933762680668224197,5.285135325554103420,21025.06
2025-10-20,0.921366364424257094,0.028327533775539258,1.440723634279200483,2.310174880269351057,4.700592412748347892,18716.68
2025-10-21,0.729907767109303550,0.090718253349310241,1.018127461468094365,2.881308486948199838,4.720061968874907994,18251.80
2025-10-22,0.417511070026376964,0.253204548710681279,0.834349334505158446,3.368324257997196806,4.873389211239413495,18556.95
2025-10-23,0.630727543319086687,0.055316535953638730,1.145559785146109956,1.393980598350065560,3.225584462768900933,12432.68
2025-10-24,0.420854413096265573,0.040692545537820574,0.672954322281017184,2.560185150821377298,3.694686431736480629,14517.90
2025-10-25,0.716468107662449039,0.011422457263250612,0.692662986517597175,2.904372499333159233,4.324926050776456059,17108.04
2025-10-26,0.620437527265532136,0.000000000000000000,0.666976453657333662,2.021904488255511715,3.309318469178377513,13805.40
2025-10-27,0.533166347808930722,0.027748309618308832,0.902862351934821539,3.670967929975167533,5.134744939337228626,21095.99
2025-10-28,0.706363517563353522,0.002776334777678913,1.086627481078648174,5.877295834561867263,7.673063167981547872,30557.38
2025-10-29,1.340203331051292917,0.005152573822444632,0.883137638122702918,10.230043019011591579,12.458536562008032046,48534.35
2025-10-30,0.438630671932670731,0.117361809843676158,0.664294667301559707,4.892277021163594648,6.112564170241501244,23170.20
2025-10-31,0.418726591073292421,0.000000000000000000,0.793634196626363757,0.775353468034270441,1.987714255733926619,7645.01
2025-11-01,0.413673966393900707,0.000000000000000000,0.681286128288840073,1.064896985911506593,2.159857080594247373,8363.74
2025-11-02,0.687651190905441322,0.000000000000000000,0.605006723561706892,0.986751123181947762,2.279409037649095976,8881.22
2025-11-03,0.730312770203684095,0.000120129808797354,0.390272195695518816,3.058075738414741745,4.178780834122742010,15002.00
2025-11-04,0.532192873143670619,0.035659000363749928,0.716089651280558285,1.853214808247711866,3.137156333035690698,10343.36
2025-11-05,0.876799129124510539,0.006441778441598551,1.410815035923373136,2.719649886341246566,5.013705829830728792,17139.06
2025-11-06,0.605166792610210128,0.077549069958102177,0.566233768239521584,1.855622260505393572,3.104571891313227461,10267.84
2025-11-07,0.865403138199510052,0.161234997889822859,0.983459984685332935,2.815781225188081549,4.825879345962747395,16605.77
2025-11-08,0.327408013632658492,0.008383572985792425,0.423030821192592569,2.124532261439764069,2.883354669250807555,9819.87
2025-11-09,0.356195987652212823,0.032616647850199347,0.949999943638219826,1.769469003908322081,3.108281583048954077,11103.30
2025-11-10,0.395540623171926853,0.107605113146756886,0.602204698549573617,2.687458101812680657,3.792808536680938013,13561.98
2025-11-11,0.401755478179028174,0.012605195038019789,1.352947256060698107,3.275547229740573254,5.042855159018319324,17216.23
2025-11-12,0.649320131300099859,5.727080670546116448,1.564647914643483391,1.909979512078241592,9.851028228567941290,33607.28
2025-11-13,0.376153300902118337,0.000000000000000000,1.239975852598074863,3.566857950245231964,5.182987103745425164,16765.15
2025-11-14,0.515508122482939512,0.772195888265215111,1.035527608763387202,1.431664372241756176,3.754895991753298001,11691.63
2025-11-15,0.676691336727074369,0.015718839021064577,0.454804180791961804,2.645072724282694745,3.792287080822795495,12021.01
2025-11-16,0.798838500561813585,0.061561350901946143,3.617937435761127691,2.103678628110632773,6.582015915335520192,20358.18
2025-11-17,0.406269109426244034,0.000000000000000000,1.011108290105506966,2.909911869652623320,4.327289269184374320,13077.50
2025-11-18,0.412931214518913333,0.000000000000000000,1.181126575274782359,2.386299627423060358,3.980357417216756050,12430.71
2025-11-19,0.683402407422524035,0.013736075570463326,1.353879938118303720,3.406536252865618637,5.457554673976909718,16476.26
2025-11-20,0.529245110218116051,0.071713275509791948,1.102599595459611885,2.028022979108352039,3.731580960295871923,10552.35
2025-11-21,0.722935910704327741,0.001449682387753375,1.478111651551650270,2.129807660831551827,4.332304905475283213,11949.88
2025-11-22,0.652538751394551183,0.058637054548211622,1.012931082257871764,2.383239190772594040,4.107346078973228609,11406.03
2025-11-23,0.905325855202105664,0.178053254342792720,0.392152951289184555,1.208953943922632188,2.684486004756715127,7539.47
2025-11-24,0.460519532740639011,0.000000000000000000,0.688136762328177926,2.892247081193423270,4.040903376262240207,11949.33
2025-11-25,0.951006339089597541,0.012313600890370503,1.587342546821852960,1.585467742384544855,4.136130229186365859,12236.72
2025-11-26,1.282931997321518559,0.020623906317709763,1.351048618930398333,2.974449036498837399,5.629053559068464054,17040.62
2025-11-27,0.432106950766221322,0.030173365756217393,2.078805567500774279,1.384615748017157723,3.925701632040370717,11843.22
2025-11-28,0.348260323449538238,0.012958558128501458,1.824433180923704639,2.550705971227859179,4.736358033729603514,14425.21
2025-11-29,0.931918241440929867,0.217470873383635298,0.757994783038387397,2.168542216204451435,4.075926114067403997,12190.15
2025-11-30,0.863290393969544355,0.691942243789599018,0.114208848625150965,3.489693856723429970,5.159135343107724308,15501.50
2025-12-01,1.837428099545272354,0.692382389643866140,0.163158356843854732,2.354560067490322954,5.047528913523316180,14161.02
2025-12-02,1.231311377650883101,0.376050950906971578,0.183833864587536421,3.253236614788518281,5.044432807933909381,15127.75
2025-12-03,1.594964158530960648,2.673759311439344669,0.115536188752008592,2.863634313766700743,7.247893972489014652,23181.84
2025-12-04,1.159971504620094696,0.277296401330304266,0.086740661177431849,2.850356822448493303,4.374365389576324114,13740.14
2025-12-05,1.117818969265109401,0.292271127897676509,0.019594976570624269,3.416120702125899359,4.845805775859309538,14592.46
2025-12-06,1.081456132793655892,0.400409101470030637,0.318005722433094547,1.927688472190015614,3.727559428886796690,11311.86
2025-12-07,0.785010491138892038,2.134893436905761815,0.142826528449737470,3.085310103953895348,6.148040560448286671,18785.81
2025-12-08,0.781390404634742086,0.215105643638118608,0.021896427292284534,2.510433114427829492,3.528825589992974720,11037.37
2025-12-09,0.952945203284146524,0.432475424617660014,0.004782144266861662,2.458427430924089036,3.848630203092757236,12792.04
2025-12-10,0.775592895415764857,0.675203275680267159,0.039119170898765660,2.316104904721469712,3.806020246716267388,12700.34
2025-12-11,0.897075017610549900,1.530698017182373924,0.012230748049203974,1.525075665401309108,3.965079448243436906,12860.70
2025-12-12,0.973666617246253384,1.336021356302072148,0.004716227241690470,1.576538271483597396,3.890942472273613398,12000.50
2025-12-13,0.862856551590684095,2.566481760586709713,0.001599211908373340,1.094668278428182712,4.525605802513949860,14083.91
2025-12-14,0.914837625207804974,0.265130776427566237,0.134348682878538125,2.502161800973921322,3.816478885487830658,11683.04
2025-12-15,0.692584421408731303,1.763774777644914680,0.151696730536217132,3.458160962562358287,6.066216892152221402,17920.27
2025-12-16,1.201187873595794576,3.670987148550728946,0.076331688404678162,4.757826330257583110,9.706333040808784794,28725.57
2025-12-17,1.468430072595443585,1.646883911751469952,0.433126525846252495,2.640412273614843603,6.188852783808009635,17468.64
2025-12-18,0.893688961778947687,2.434492934496707072,0.024308747258539730,2.972209233110035980,6.324699876644230469,17882.46
2025-12-19,0.862832103639536162,0.552231493222312793,0.003366553074472207,2.283708920852893307,3.702139070789214469,11047.34
2025-12-20,0.767180926097015720,0.129696190219861595,0.026126217808095026,1.555112697802721100,2.478116031927693441,7376.08
2025-12-21,2.126493173406177699,2.667106241253522626,0.132018189397108817,6.224760639016627439,11.150378243073436581,33374.31
2025-12-22,0.806825231598672423,0.073645356898318822,0.034605238757505827,2.606015599950093412,3.521091427204590484,10571.23
2025-12-23,1.124652599953122228,0.619950167191280539,0.003368583010194186,3.409062534693602368,5.157033884848199321,15305.35
2025-12-24,0.802697285769813845,0.279635412679508528,0.014494151735831363,1.506980447559350186,2.603807297744503922,7689.32
2025-12-25,1.087320680666326063,1.258759827726968921,0.001695570604088988,7.139220568818710780,9.486996647816094752,27471.97
2025-12-26,1.200848735156842964,0.179233682915858258,0.084286211845858112,1.302158964786008790,2.766527594704568124,8097.64
2025-12-27,0.703783642766459979,0.393492082814029138,0.010248050638310076,2.284121841764445677,3.391645617983244870,10020.68
2025-12-28,0.732745556855738127,0.095487107134077326,0.000000000000000000,2.263954221020892562,3.092186885010708015,9124.30
2025-12-29,1.251111128310173264,0.660193234772062755,0.018761495765856615,7.055568431073216499,8.985634289921309133,26399.30
2025-12-30,1.259786748496400112,0.394763155625950685,0.013588094614220345,2.446704616481763965,4.114842615218335107,12218.96
2025-12-31,1.592085523423062022,0.726079989197730560,0.012276171393379927,7.089071886652280733,9.419513570666453242,27981.98
2026-01-01,1.036142849747942417,0.343035040376302835,0.000000000000000000,5.616646986152981703,6.995824876277226955,20931.77
2026-01-02,1.281410899613066676,0.334838035716812525,0.040702578662897878,4.569304113889028543,6.226255627881805622,19508.57
2026-01-03,0.942248002020862165,2.893415060967020212,0.062803867084375567,2.694571241287245746,6.593038171359503690,20596.79
2026-01-04,0.967244133543849876,0.432235082747329842,0.150526885095753360,2.319645362451974956,3.869651463838908034,12184.94
2026-01-05,1.749364167830095739,0.270234424887105394,0.015958888859796734,3.512095011150700091,5.547652492727697958,17913.50
2026-01-06,1.141481465360808575,0.763549671054455083,0.001543812358604577,3.275156879582903178,5.181731828356771413,17044.81
2026-01-07,1.109866748714013817,2.713379843758032113,0.028721852451238744,4.657884263801256100,8.509852708724540774,26898.54
2026-01-08,0.819744306282510802,7.605716463957625933,0.003207103393368288,2.764753010682098262,11.193420884315603285,34894.59
2026-01-09,1.183509306342576039,0.423764691578195313,0.000000000000000000,2.075230532207847455,3.682504530128618807,11366.91
2026-01-10,1.944919951618850178,3.188691376942917675,0.011205604722483127,1.417816083550456078,6.562633016834707058,20201.23
2026-01-11,1.121071339969676992,1.519821835008245640,0.008508597939182394,1.221729232173452995,3.871131005090558021,12035.42
2026-01-12,1.058433216599498389,2.290025292805942598,0.006429255371104884,2.075933809620323537,5.430821574396869408,16764.51
2026-01-13,2.116918524298055740,2.242343635971896621,0.009458811480885187,2.205701315405730682,6.574422287156568230,21800.92
2026-01-14,0.811965645007178146,0.923620864574917821,0.006396220219551454,3.292043163939048762,5.034025893740696183,16955.96
2026-01-15,1.246026368953449931,0.615719681955651766,0.022149037396469413,4.546505485619423374,6.430400573924994484,21352.21
2026-01-16,2.316219703520581311,2.558523010109857152,0.039419661768037423,4.055533752265700445,8.969696127664176331,29534.40
2026-01-17,0.925282329026774704,0.456520000421407965,0.004555039026701967,1.556041584025437132,2.942398952500321768,9734.25
2026-01-18,1.150858946406003905,0.664587262948929577,0.020762408505315275,2.585515117518662505,4.421723735378911262,14538.45
2026-01-19,1.282442450853597485,0.515101892541956263,0.007076704753373087,2.349171497421232726,4.153792545570159561,13220.67
2026-01-20,1.273240192286595658,0.388439250738584513,0.001657982826410449,3.472486220065772302,5.135823645917362922,15051.51
2026-01-21,1.327702177744522736,2.915926268892551360,0.008477848134747563,1.251257706761206305,5.503364001533027964,16383.92
2026-01-22,0.931862353318391408,2.148541257802759122,0.005047726788224244,3.622631389883661916,6.708082727793036690,19767.93
2026-01-23,1.351084436035010382,1.546807153416195340,0.006808914565333990,2.027006219161705856,4.931706723178245568,14554.79
2026-01-24,0.813621430584145649,0.591903754093070724,0.005075861541312898,2.014428906241797790,3.425029952460327061,10122.41
2026-01-25,1.049516278249458033,0.656314768987372920,0.006811147638579612,1.563494217989424510,3.276136412864835075,9230.33
2026-01-26,1.417856666290347278,4.171706403355574958,0.030673862049612620,2.911784657073348202,8.532021588768883058,25091.87
2026-01-27,1.484966950661478780,4.169592450184172671,0.019353532221546252,1.749076249335970071,7.422989182403167774,22421.55
2026-01-28,1.238496079583308028,7.932501624832845434,1.125193018902482212,4.998939107501224110,15.295129830819859784,46067.47
2026-01-29,1.888345549070634046,17.216164842870188391,0.008542810872689239,4.530261667747616532,23.643314870561128208,66644.21
2026-01-30,1.578268959875462270,15.757177390224173964,0.025574004973989685,2.848595705692420385,20.209616060766046304,54644.18
2026-01-31,2.044851659961597119,3.462122952909939942,0.023533757326880570,3.975513304123752333,9.506021674322169964,23212.06
2026-02-01,1.324857803739784125,2.821517973746750211,0.055087147504557555,3.433601233531075787,7.635064158522167678,17334.50
2026-02-02,1.634398726751334553,7.239149005271631017,0.014255878426273769,2.490682339051911620,11.378485949501150959,26729.18
2026-02-03,1.779855461475550653,1.250742167532960745,0.015286757410777879,2.931070919719001731,5.976955306138291008,13260.07
2026-02-04,1.197175427026703363,3.904419827453859729,0.002268793382254858,5.502549226820710081,10.606413274683528031,22766.25
2026-02-05,1.348501018134129991,20.818592381492992607,0.002398409661235123,2.960826499654531890,25.130318308942889611,45834.31
2026-02-06,1.790749074919094068,0.535801827633587080,0.002427033765096813,7.075748706683851897,9.404726643001629858,19366.25
2026-02-07,2.003633420282272277,0.298340505149911329,0.038970661957533872,3.317902549498669833,5.658847136888387311,11793.81
2026-02-08,11.622121257629342910,0.624369008304718038,0.021190143351022128,3.455470327715626977,15.723150737000710053,32812.33
2026-02-09,2.930726542473053873,18.871159486114037408,0.014687930356458994,3.989097644663019607,25.805671603606569882,54431.39
2026-02-10,3.294981018475368109,0.990550014385072737,0.013094477672421236,4.754294741029071677,9.052920251561933759,18230.25
2026-02-11,2.734803724062097042,0.615290143359879315,0.007694657815702382,1.549424714426223640,4.907213239663902379,9491.29
2026-02-12,2.592656171936329261,6.779371875876507076,0.017850247743185327,5.367157376888007419,14.757035672444029083,28713.92
2026-02-13,1.415743193974303288,0.452245569929760823,0.024858457537305239,2.729333839341461575,4.622181060782830925,9482.13
2026-02-14,2.471942107097180327,4.719549534118919123,0.015565192781120474,3.543193371957116977,10.750250205954336901,22429.86
2026-02-15,1.093610382295725637,1.865260250053007284,0.014981511878171934,2.663672029606164766,5.637524173833069621,11085.66
2026-02-16,1.237882485142537257,2.918162325990218006,0.012648878948820136,1.676903368849176302,5.845597058930751701,11667.23
2026-02-17,3.088207957667166075,6.619406317022197597,0.005051500542420162,7.140095595107547422,16.852761370339331256,33537.67
2026-02-18,2.491653626816846243,0.785900709300821764,0.005047779530780640,4.645419093703721076,7.928021209352169723,15428.28
2026-02-19,1.980468028864057488,4.149921642069336711,0.026203089225253253,4.436317686986200914,10.592910447144848366,20625.88
2026-02-20,1.959840797478498848,3.270195324032755503,0.028044388765776620,2.144362580932786149,7.402443091209817120,14580.26
2026-02-21,1.725865768646324218,3.671062681899583577,0.010124043829319197,6.193948784908313922,11.601001279283540914,22891.14
2026-02-22,1.398233449558970738,3.037209491121075908,0.011879959708578178,3.189275870185129286,7.636598770573754110,14897.22
2026-02-23,2.287827991939321414,4.935281185989768052,0.002649289981531831,2.521479242663097161,9.747237710573718458,18061.91
2026-02-24,2.755801373011228285,4.436574618255713392,0.010872360322620271,2.538003885456344168,9.741252237045906116,18092.06
2026-02-25,4.229089777051156270,4.103662721662380673,0.012295301323510635,3.774682491404945419,12.119730291441992997,24872.24
2026-02-26,3.137653100744011586,1.229256565421446353,0.023787895289024228,4.154490865955475339,8.545188427409957506,17350.46
2026-02-27,1.801365018785050127,1.233506718678653696,0.020255808661224507,5.975430765479912863,9.030558311604841193,17433.29
2026-02-28,1.899033468898294198,0.711405019251422949,0.002682451798689736,2.194305020477713239,4.807425960426120122,9431.60
2026-03-01,1.581645865351095908,0.288970971156481151,0.000000000000000000,3.479459894935184246,5.350076731442761305,10407.01
2026-03-02,2.027517348780008961,1.208158774144532051,0.000000000000000000,3.708722343205304079,6.944398466129845091,14123.69
2026-03-03,1.202811565147487286,0.127215319403375389,0.010097189871542709,3.223194742719279744,4.563318817141685128,9056.79
2026-03-04,2.386846335340208429,0.901882189638695145,0.000000000000000000,2.280915469374655748,5.569643994353559322,11856.70
2026-03-05,1.698491492735022853,0.640949569300836496,0.000000000000000000,6.448935708393421428,8.788376770429280777,18260.30
2026-03-06,2.473564426437069308,1.838512288642409281,0.000000000000000000,3.612105838755936124,7.924182553835414713,15671.81
2026-03-07,1.173766282467115710,8.299055023439033773,0.000000000000000000,1.472638867156061118,10.945460173062210601,21589.53
2026-03-08,2.355122609075694372,6.889178015176305222,0.000000000000000000,3.984482104745838510,13.228782728997838104,25691.09
2026-03-09,1.279504301952816503,0.587880336494867364,0.000000000000000000,3.299929649430749441,5.167314287878433308,10306.20
2026-03-10,2.567492754734670597,1.724405269266551117,0.000000000000000000,6.602220793736168116,10.894118817737389830,22165.28
2026-03-11,2.134815229890664336,1.000354600343312591,0.002471000786448941,3.075333201556242929,6.212974032576668797,12722.41
2026-03-12,2.522184460660808958,9.232499463556147252,0.000000000000000000,3.514393594749318141,15.269077518966274351,31672.56
2026-03-13,1.279303031048030223,1.036839170383130462,0.009496697563629611,2.989115735480992588,5.314754634475782884,11097.21
2026-03-14,2.435340803232909429,1.307814836309437891,0.002407659774651599,3.699427410273767914,7.444990709590766833,15601.69
2026-03-15,1.280886975134423133,0.905556223052197555,0.009486460098092710,3.704685172317419565,5.900614830602132963,12867.58
2026-03-16,1.712562846270586933,0.712893168857117585,0.004439878597986023,2.492234111069848751,4.922130004795539292,11596.23
2026-03-17,2.313132922936623203,1.869205231508274631,0.002159238977424664,2.605062554304942509,6.789559947727265007,15748.51
2026-03-18,0.969047102830803985,0.673618533022366790,0.000000000000000000,2.687530988513056433,4.330196624366227208,9551.59
2026-03-19,0.987242756647416102,0.362445583686269206,0.000000000000000000,4.537459193156537755,5.887147533490223063,12568.74
2026-03-20,0.951174654153382384,0.546573549771043796,0.011689922476833291,1.796526200469825544,3.305964326871085015,7089.95
2026-03-21,1.199174703092765611,1.226509373367174141,0.000000000000000000,1.954046627071174097,4.379730703531113849,9110.45
2026-03-22,1.532258280003762210,2.345896511436782919,0.002408002307947685,4.917460192726776439,8.798022986475269253,18105.63
2026-03-23,1.320626468084854545,0.532531604202347530,0.009368678055008839,2.967375423821896836,4.829902174164107750,10372.65
2026-03-24,0.878904622907465756,0.757232327535643110,0.002335231931384900,7.323632268707060257,8.962104451081554023,19294.40
2026-03-25,1.177582559179592273,0.461606301052718706,0.004644926043190018,6.866230737393192919,8.510064523668693916,18462.36
2026-03-26,1.416701782193454087,1.581691792607684137,0.000000000000000000,2.570962518261803360,5.569356093062941584,11450.02
2026-03-27,1.289407882245279798,0.787536336860811407,0.002521389583172761,3.971305154528314600,6.050770763217578566,12022.82
2026-03-28,1.288671527248758132,5.288438954864469621,0.002478055017190779,11.215297573912942916,17.794886111043361448,35498.28
2026-03-29,1.158790911454746382,0.250947824827500976,0.000000000000000000,3.793823925867784697,5.203562662150032055,10280.57
2026-03-30,3.141385431833891859,1.497787112985729247,0.000000000000000000,2.901026094294321478,7.540198639113942584,15220.19
2026-03-31,1.229388512205224596,1.816587977443569225,0.004855514093842548,6.250703422495593579,9.301535426238229948,19585.25
2026-04-01,1.096177039717946385,0.573064589731259635,0.002395976519146905,1.947609363436823154,3.619246969405176079,7745.37
2026-04-02,0.772380832653869920,1.339316933349101349,0.019653841882647545,2.191071328853003634,4.322422936738622448,8896.95
2026-04-03,1.224819927921921610,1.087233579902028020,0.161462679846708662,7.961026965264003851,10.434543152934662143,21395.72
2026-04-04,1.271329514645677933,1.549827266276581430,0.026456960122213379,2.784951588425387244,5.632565329469859986,11642.20
2026-04-05,1.958853205342088521,0.752911607712695500,0.000000000000000000,4.547617998801107350,7.259382811855891371,15352.79
2026-04-06,0.936833170754629476,0.366584684214510299,0.004662352472737700,2.958552743332402975,4.266632950774280450,8967.54
2026-04-07,0.774966187129851950,1.212300443785216812,0.142118272411814981,3.732030738361158077,5.861415641688041820,13159.49
2026-04-08,1.444000582496395915,2.003199486375518092,0.004483732459643401,2.151700934346254411,5.603384735677811819,12244.77
2026-04-09,0.918912585396062912,1.123350154303937816,0.000000000000000000,3.457341883713479396,5.499604623413480124,12020.54
2026-04-10,1.069805851249045181,0.586668670282321785,0.000000000000000000,1.201776119648335225,2.858250641179702191,6414.07
2026-04-11,0.684876183347544633,1.080183792618939126,0.006632984480576082,1.992409252352425618,3.764102212799485459,8607.35
2026-04-12,0.861383326386755020,2.050467842061316597,0.002258539537995674,1.477124412006298515,4.391234119992365806,9609.80
2026-04-13,1.132656269831507290,1.608503536559364378,0.000000000000000000,3.056669057587652371,5.797828863978524039,13746.56
2026-04-14,1.483561900637895741,1.438346646597510382,0.008452384744315857,2.279706416605342627,5.210067348585064607,12083.19
2026-04-15,1.024504734335674767,0.276703801645089628,0.004223193671654674,6.073520950887369694,7.378952680539788763,17347.62
2026-04-16,2.941126744700468928,0.928238476623853985,0.002112623148829829,3.682574522718055752,7.554052367191208494,17730.80
2026-04-17,1.626464484966634236,1.982535876645698738,0.002125104746415324,2.581183695359001896,6.192309161717750194,14973.76
2026-04-18,1.144077754498255440,2.264028553783656492,0.002119828530963994,2.116432049949226256,5.526658186762102182,13010.81
2026-04-19,0.549969464668321558,2.165787428512615295,0.002147021768727967,1.921208424880346998,4.639112339830011818,10492.81
2026-04-20,0.913272850768165003,7.591568978172099035,0.000000000000000000,2.551727755912393007,11.056569584852657045,25563.87
2026-04-21,1.242450540968864220,1.328029579698561949,0.015243356660205484,3.016896944060477999,5.602620421388109652,12996.55
2026-04-22,1.029151452531376431,1.118236745297899249,0.012869868397576588,2.636754842876619935,4.797012909103472203,11412.78
2026-04-23,1.084391793929117841,0.371784411908964461,0.023578924988153537,4.802983557190890711,6.282738688017126550,14609.71
2026-04-24,1.262095923184050036,0.291371130885535359,0.002144404177301732,2.604833266949818936,4.160444725196706063,9630.85
2026-04-25,1.360701684962684920,2.176243283094943641,0.010804038170494261,4.204438402558683008,7.752187408786805830,17976.62
2026-04-26,1.304489968748436103,0.841191126239315063,0.008581920772633956,3.840412313033739914,5.994675328794125036,14189.32
2026-04-27,1.757880332501244791,14.357630067486819229,0.006424882764693555,8.153201310190569534,24.275136592943327109,55988.46
2026-04-28,1.781952178941893566,0.624969623141862821,0.019698529840061150,4.289591338896789426,6.716211670820606963,15353.06
2026-04-29,1.230878338184818935,0.473780698819367342,0.006517085766631271,5.272018993515299359,6.983195116286116907,15741.27
2026-04-30,1.274192694761382003,1.353388154725051861,0.056643983296545244,3.534678428079687382,6.218903260862666490,14034.36
2026-05-01,0.606372626075647416,0.150300384000964304,0.004364830925073847,14.125896190661828334,14.886934031663513901,34086.70
2026-05-02,3.235302994066597407,0.199354038089588600,0.008705101961861849,2.894419171532972115,6.337781305651019971,14691.34
2026-05-03,1.246030129147829116,1.811186574576311747,0.030449819913899269,26.909457818919701943,29.997124342557742075,69634.42
2026-05-04,4.076922250491653530,0.536806262719070663,0.024136683432080402,2.930069642441294722,7.567934839084099317,17772.88
2026-05-05,1.945403735809602959,0.477454801743265101,0.002119421874738126,2.761652162322159497,5.186630121749765683,12216.28
2026-05-06,1.240957873690468162,3.501039749470206383,0.018882334864905899,6.440112529834066606,11.200992487859647050,26279.77
2026-05-07,1.419116988367236592,0.344148816083969665,0.039247766538092704,2.609831293978498023,4.412344864967796984,10108.83
2026-05-08,1.373309637511833500,0.173287160016637211,0.065645257765769162,2.705825460683808439,4.318067515978048312,9968.07
2026-05-09,1.407296032583631558,0.310436760954473113,0.149163114572486965,2.781983186090406393,4.648879094200998029,10827.77
2026-05-10,1.216679485073834508,0.878707279931384156,0.043000557531903892,1.474398628994197896,3.612785951531320452,8561.59
2026-05-11,1.645193685512873764,1.166840136139641445,0.003002505170268527,3.346116194696350606,6.161152521519134342,14422.41
2026-05-12,1.793098071264561044,0.394559674722829214,0.004375668272446079,3.485930195868592271,5.677963610128428608,12948.54
2026-05-13,1.301916438194239073,0.294408791098389719,0.654576626549441171,2.471242388809693903,4.722144244651763866,10664.14
2026-05-14,1.145317174398948833,1.704885910543578656,0.008855650450636054,3.513912311117959763,6.372971046511123306,14551.95
2026-05-15,0.761572622115743586,0.718859911501862214,0.057204019744896481,8.002418721023551874,9.540055274386054155,21212.68
2026-05-16,1.519161848825947080,3.708326888325570015,0.038201544564308650,6.887880003029654361,12.153570284745480106,26498.94
2026-05-17,2.870862203442981570,0.605990824150403173,0.077287844451404899,2.881480095134782858,6.435620967179572500,13684.51
2026-05-18,1.701400277261517077,0.444987377688743642,0.009508029389288387,3.536870777378513126,5.692766461718062232,12123.14
2026-05-19,0.959566889731237031,0.307387328548233685,0.009442723267723640,3.638056803950481292,4.914453745497675648,10366.19
2026-05-20,4.053390588752621513,0.325260068480596606,0.026098249846586274,4.284390553882079495,8.689139460961883888,18454.34
2026-05-21,1.424423157130363055,2.249867778521588626,0.002342268899966845,2.364720740586941419,6.041353945138859945,12892.41
2026-05-22,1.242849338635797552,2.917924062228776920,0.002342988590946194,3.181851748451931794,7.344968137907452460,15122.85
2026-05-23,1.481761494858626121,0.902471943527975627,0.040919566246214600,1.987714071361344614,4.412867075994160962,9338.83
2026-05-24,0.868057096516305444,2.674732997170390807,0.004714502217777256,1.719504864517871670,5.267009460422345177,11077.71
2026-05-25,0.852686871524757407,1.502110012802360392,0.000000000000000000,2.384165669404849278,4.738962553731967077,9995.77
2026-05-26,1.050997102921457394,3.075104888239309801,0.000000000000000000,4.875340934287477375,9.001442925448244570,18639.56
2026-05-27,0.692796119235443125,3.169178851508219016,0.045125619876299594,3.572854429916665779,7.479955020536627514,15137.64
2026-05-28,0.893713822581202159,0.661351291849857768,0.170934787694128251,2.828178875382655657,4.554178777507843835,9125.71
2026-05-29,0.926959952199239769,1.507590528405216579,0.143725256015861327,2.189109224895161256,4.767384961515478931,9568.07
2026-05-30,1.350406802662054152,3.408522958809764792,0.002469696820021132,3.503556370832309860,8.264955829124149936,16721.35
2026-05-31,1.504528983370144171,2.790007669804067945,0.051605980456923380,2.535368886739189369,6.881511520370324865,13751.12
2026-06-01,0.529410029512732202,1.166828189772510913,0.311392362662432461,5.312239808530841293,7.319870390478516869,14669.61
2026-06-02,0.701246522092944072,1.380040799750031925,0.007600137441745943,6.646366710955988412,8.735254170240710352,16186.08
2026-06-03,1.542472507741211318,0.667369985577680013,0.309612909646615337,4.251629993573015884,6.771085396538522552,12302.27
2026-06-04,0.853655219826711690,1.135818962416813209,0.203730142026349842,5.790473378766153044,7.983677703036027785,14075.34
2026-06-05,0.660538626402866990,0.075484465708075694,0.436681916630202022,1.706757242537980309,2.879462251279125015,4550.70
2026-06-06,1.113801641464302498,0.221553403684307350,0.032160091805005825,2.718503194864305530,4.086018331817921203,6384.14
2026-06-07,1.592340249732555211,0.323711454345827489,0.297438476031452344,2.658441560895212202,4.871931741005047246,8205.60
2026-06-08,2.272492607023572117,1.552521325334279428,0.011823261249867831,3.265347196059078753,7.102184389666798129,11990.89
2026-06-09,1.461182033401187752,0.867374100461041933,0.125100746397402756,4.228997040845708832,6.682653921105341273,10957.02
2026-06-10,1.332368315256382130,0.167721310943128507,0.003079953772156631,7.713078207733732920,9.216247787705400188,14930.87
2026-06-11,1.681334497708986780,0.395401478818783882,0.014536766678157457,4.212889519888978663,6.304162263094906782,10527.35
2026-06-12,1.450441918397103652,0.329362298998850712,0.395961943736380947,2.045288323446795611,4.221054484579130922,7014.74
2026-06-13,0.934941200518025087,0.578708169794758770,0.047816778557149685,2.159661222958446630,3.721127371828380172,6249.95
2026-06-14,1.545005851889052923,1.762432088309169878,0.002938613629240291,0.704840814559060643,4.015217368386523735,6908.44
2026-06-15,1.639306520745745132,3.708756254743067955,0.068377353852866920,2.201388117919310171,7.617828247260990178,13629.44
2026-06-16,1.455899990774372703,4.319482381746252006,0.005641904762608700,16.217010301919752785,21.998034579202986194,39402.21
2026-06-17,2.438088902213818766,0.285753475225096033,0.059470429554603586,1.433602156329122520,4.216914963322640905,7367.37
2026-06-18,1.589731217102329070,6.906518692938459763,0.094443808646632657,2.357040030264746524,10.947733748952168014,18675.31
2026-06-19,1.954002423812022707,1.616018239402027068,0.000000000000000000,2.180064271124520025,5.750084934338569800,9806.63
2026-06-20,1.752750941215040988,2.354884588681071724,0.002899652804602638,2.223960846983827271,6.334496029684542621,11014.83
2026-06-21,0.854307478277234292,3.915629222872414321,0.011550004925225676,1.654312643727177535,6.435799349802051824,10961.97
2026-06-22,1.756484126160738290,3.382758298787405742,0.181908463543144345,1.667102385765750350,6.988253274257038727,12051.45
2026-06-23,1.552425525883333207,1.291175232943586862,0.019082737341437149,3.205088085016058413,6.067771581184415631,10075.90
2026-06-24,0.537165185660359586,0.236678866559652336,0.016872093517412995,5.094933059064536500,5.885649204801961417,9503.48
2026-06-25,1.043859927543070201,1.558531883610229955,0.052454161527532336,2.857144539251476464,5.511990511932308956,8621.75
2026-06-26,0.877858463531546013,0.301629420404726094,0.045319907346607466,2.105661019889539868,3.330468811172419441,5247.12
2026-06-27,0.920476195593198292,2.004066578939283101,0.022166460187828949,2.135352827926427832,5.082062062646738174,8014.04
2026-06-28,1.455433322304231501,0.500012158555265174,0.006375492889828494,1.399477821366067682,3.361298795115392851,5292.69
2026-06-29,1.082467444739277975,0.490399200974827278,0.003191764176058031,2.665037243228013874,4.241095653118177158,6833.16
2026-06-30,3.230608652321848521,3.998921252084060490,0.003174945029525519,3.963153126513641184,11.195857975949075714,17544.28
2026-07-01,1.333517034763915874,0.692044180254626131,0.006384560954275227,3.745737046359367420,5.777682822332184652,9305.64
2026-07-02,2.480442082697595068,0.101998029911813006,0.006068669510817846,4.418224004578913142,7.006732786699139062,11897.59
2026-07-03,0.484070878055589535,0.256638275096485373,0.008625832064153553,7.897035952911836973,8.646370938128065434,15199.43
2026-07-04,1.095219447662587195,0.470753144143615255,0.002862772033941297,4.210773730724455589,5.779609094564599336,10252.76
2026-07-05,1.104113324697947598,0.421771608930057944,0.008507618557474923,2.155665503962146021,3.690058056147626486,6573.58
2026-07-06,0.749535697847255836,0.260898509154437338,0.013805002748541567,1.750364532806321721,2.774603742556556462,5006.48
2026-07-07,0.715677319248765016,0.744238588585033626,0.008371809997716339,2.082817633890377097,3.551105351721892078,6284.46
2026-07-08,0.691086559612565357,0.151870391499027336,0.023004582659329400,2.225695990885785838,3.091657524656707931,5387.68
2026-07-09,0.902590832524109489,0.351462928375658620,0.005737576333423309,4.888891821641562117,6.148683158874753535,10732.10
2026-07-10,1.415231899988989266,0.111481684271776169,0.013955706887145406,2.845447993828457116,4.386117284976367957,7874.61
2026-07-11,0.514502241335402375,0.159925632129025114,0.000000000000000000,2.783281005391633483,3.457708878856060972,6195.29
2026-07-12,0.848148920966069620,0.316134820890206203,0.078578788548994106,3.334438559783385435,4.577301090188655364,8245.69
2026-07-13,1.140524020575988631,0.753136579434068498,0.002804511928786351,2.112851003544976793,4.009316115483820273,7114.21
2026-07-14,1.363442655914462273,0.673612327170680356,0.032703710356310910,10.204439589940564142,12.274198283382017681,23189.25
2026-07-15,1.156211978105561099,0.211748461745616154,0.036392242560892567,2.906731878004330849,4.311084560416400669,8255.69
2026-07-16,0.978929273592294859,2.956548223995047196,0.016421594642994765,4.478972848214381655,8.430871940444718475,15724.68
2026-07-17,0.807452053401143672,0.377997139721040371,0.081626903796936082,4.259156698068473930,5.526232794987594055,10138.47
2026-07-18,0.860869381268362292,0.611551431335765055,0.070761022993666717,5.218751949939047160,6.761933785536841224,12580.45
2026-07-19,1.126841554168706656,0.490987660750582522,0.024508895463488188,4.601700031074718374,6.244038141457495740,11662.24
2026-07-20,1.040594813236309444,0.450247710317183541,0.002640951617554088,5.953717648455111370,7.447201123626158443,14169.94
2026-07-21,1.440714028304536003,2.166841533972302717,0.122475858065983551,5.613183561364234312,9.343214981707056583,17949.06
2026-07-22,0.952940632194239019,0.270914198824886992,0.047330989919906517,1.268683954380110110,2.539869775319142638,4886.40
2026-07-23,0.495208369177378489,0.312815568318310791,0.040925271033018684,5.422724623550896640,6.271673832079604604,11803.45
2026-07-24,1.134202422030167945,0.510279422986310855,0.042353459101958978,3.416754657349976886,5.103589961468414664,9485.59
2026-07-25,1.851575418437293711,0.454178475938999193,0.103852694943759233,2.328259461644279255,4.737866050964331392,8877.20
2026-07-26,0.542138769311049141,0.231165740427430089,0.005253106727422721,3.149908018318807451,3.928465634784709402,7685.51
2026-07-27,0.430741426146577965,0.480477687438836071,0.005170076874782868,3.148591744185951401,4.064980934646148305,7684.88
2026-07-28,0.575304976949774667,0.267411350073288445,0.018686858497158254,3.931583346455280211,4.792986531975501577,9198.75
2026-07-29,0.498405877807131946,0.104917231232046971,0.013172338023871162,2.887763210340075260,3.504258657403125339,6668.95
2026-07-30,0.960766655320424116,0.468785422767906435,0.002604100453133709,6.248014486421665159,7.680170664963129419,14785.02
2026-07-31,0.818450353346129289,2.001400942949019977,0.005307969255086201,3.832374435993739883,6.657533701543975350,12396.10
2026-08-01,0.834969119570145590,0.124380218892691192,0.010715123742767717,2.867666768675856873,3.837731230881461372,7083.19
2026-08-02,0.669458833529128917,0.419888158553574901,0.010757030080262639,0.990366638637417028,2.090470660800383485,3934.64
2026-08-03,0.522130130783128143,0.428016043560027885,0.028139613840442476,3.932990990992519418,4.911276779176117922,9113.43
2026-08-04,1.414589761496028926,0.405618344524923439,0.005360168583989529,2.131676978608681970,3.957245253213623864,7402.50
2026-08-05,1.040223103733755863,0.557289243678396989,0.087654798030616175,2.522178620027247618,4.207345765470016645,8016.76
2026-08-06,1.847182592452128355,0.567016955013121494,0.341699020465863317,2.481603355173376097,5.237501923104489263,9939.00
2026-08-07,3.256892384754279304,1.546648230624674180,0.020774464391555708,3.433350201997543786,8.257665281768052978,15806.07
2026-08-08,1.094382970259321398,3.397378580274272939,0.005222785211340188,3.527186993905098625,8.024171329650033150,15362.89
2026-08-09,2.054212747352670429,4.567730849310979816,0.066237647824175438,4.354695267827252290,11.042876512315077973,21078.45
2026-08-10,0.828777084782677380,0.528453778280943208,0.002613069162656775,2.804130979785545569,4.163974912011822932,7800.86
2026-08-11,1.245175043357375138,1.758178068674733161,0.000000000000000000,2.659715647443079176,5.663068759475187475,10653.64
2026-08-12,0.946318478836049312,2.554695118665794350,0.007926514941298990,2.039823740486685945,5.548763852929828597,10399.27
2026-08-13,0.813565131879368944,1.171604942107672850,0.031919148290176233,2.000594966595139847,4.017684188872357874,7573.81
2026-08-14,1.176250468598038395,3.406597532521923249,0.002681426952387760,3.467185367538124716,8.052714795610474120,15122.66
2026-08-15,1.335645410978892642,2.611277302811502091,0.179035040024345168,1.725569880186993019,5.851527634001732920,11013.96
2026-08-16,1.517400729405825788,2.827192146969746780,0.021302377967205038,2.460761764020161457,6.826657018362939063,12782.64
2026-08-17,0.951896841805595571,1.584717296953448386,0.005285549057803300,2.306850899822080214,4.848750587638927471,9270.60
2026-08-18,0.846067602719899936,8.212222073575105844,0.007862744507643482,4.698315910584159383,13.764468331386808645,26385.94
2026-08-19,1.433075671843276751,6.377846285394317134,0.608780849113598048,2.878333295683109950,11.298036102034301883,25514.24
2026-08-20,3.255832448532365309,4.831943799530942090,0.502435242270328360,2.450755649781526748,11.040967140115162507,25746.72
2026-08-21,2.231363282304820564,2.319167941344080159,0.076462206986133963,8.901106976682104230,13.528100407317138916,34040.15
2026-08-22,1.416647247496368975,1.426684906611108824,0.230874716699434404,4.068318781427861951,7.142525652234774154,17265.74
2026-08-23,3.681772787715954200,1.288109700731018613,0.088178778281653943,3.923909984295722889,8.981971251024349645,22033.58
2026-08-24,0.980512290400870747,1.171306739809907386,0.022235016764538408,4.871081865103655950,7.045135912078972491,17506.89
2026-08-25,1.631698674824529955,2.035543955175048365,0.006002782566600949,4.935453273137881129,8.608698685704060398,20979.30
2026-08-26,0.932319846058621601,0.748254198209578920,0.012844742163951377,3.078204356317672773,4.771623142749824671,11943.09
2026-08-27,1.209201037320888261,0.122265497228282153,0.032087140353787598,4.409800183118890943,5.773353858021848955,14516.74
2026-08-28,1.275217671289113537,0.543035969975666921,0.018336617527865516,5.788970191457232260,7.625560450249878234,18596.76
2026-08-29,1.206997674625700870,0.709647895913362883,0.055607259662383699,2.423589828428589394,4.395842658630036846,10810.00
2026-08-30,1.226492269579827327,0.163557200033053774,0.023565511493101717,3.799819208503193270,5.213434189609176088,12590.65
2026-08-31,0.979055999685300388,0.056600032638275895,0.016962741862952173,4.845006423516050796,5.897625197702579252,14543.95
2026-09-01,0.843203466034240881,0.711761869557147028,0.000000000000000000,1.930011959765467764,3.484977295356855673,8409.10
2026-09-02,0.958829875890822426,0.512537071415085871,0.000000000000000000,2.584265189899641359,4.055632137205549656,9672.01
2026-09-03,1.777121647372691987,0.708102541949589561,0.006247941196308700,1.795285681952869192,4.286757812471459440,10708.77
2026-09-04,1.454207286272341540,0.523446381129797499,0.001987101123084239,3.015577894143621330,4.995218662668844608,12244.36
2026-09-05,0.941663484447800544,2.007290258696909100,0.117332604013323750,1.731923366003811537,4.798209713161844931,11905.36
2026-09-06,0.812909214358830549,0.188059994915248814,0.069077554536047943,1.883593572236481948,2.953640336046609254,7454.32
2026-09-07,1.932392127419133738,0.228964538515903338,0.003995891563258505,5.524899130042067196,7.690251687540362777,19118.23
2026-09-08,0.884509841333951853,1.184727371639820222,0.004048969805967242,1.702064911907163235,3.775351094686902552,9385.82
2026-09-09,0.629574485322807705,0.073598511401623725,0.002007466307618876,1.252614999179867555,1.957795462211917861,4811.11
2026-09-10,1.198639544148874369,1.018426546260514279,0.002032627184373549,1.820271257879443111,4.039369975473205308,9837.68
2026-09-11,1.318279812176697145,0.259788393243012273,0.083657873162970376,3.314897351862543688,4.976623430445223482,12519.09
2026-09-12,1.187828157079676501,0.696646181860228398,0.025692582420297747,1.510120618555191008,3.420287539915393654,8631.97
2026-09-13,0.648819369772831390,0.239004419698295662,0.002017857603758033,1.282578558533576375,2.172420205608461460,5376.21
2026-09-14,2.241440222854708588,0.941388478666910885,0.007957166539779160,4.381289453829736707,7.572075321891135340,19034.71
2026-09-15,0.829082623302882291,0.104934822267311375,0.002016903159294344,2.638332760330574125,3.574367109060062135,8574.94
2026-09-16,1.672703621274719957,0.386042481826867645,0.060303463317899889,1.059357886818568896,3.178407453238056387,7667.24
2026-09-17,1.535709794323983876,2.904913794600949895,0.018508868676531112,1.507104308052565304,5.966236765654030187,14577.76
2026-09-18,0.994555653485491322,0.672214523493903056,0.005932989620924586,8.150663855164960438,9.823367021765279402,25637.41
2026-09-19,0.906232481640571286,0.573798686305119426,0.003790337374416738,2.926823005058038107,4.410644510378145557,11620.90
2026-09-20,0.413508201534692771,0.259493167654016017,0.009705399960319635,2.849979531324785172,3.532686300473813595,9310.49
2026-09-21,0.857936270975978802,0.139813586867667660,0.007337229243034284,2.236410176166448515,3.241497263253129261,9010.20
2026-09-22,0.747859219653835546,0.027495684066297085,0.000000000000000000,5.873712150996161412,6.649067054716294043,18230.14
