date,registration_count,registration_duration_seconds,renewal_count,renewal_duration_seconds
2019-01-02,0,0,0,0
2019-01-03,0,0,0,0
2019-01-04,0,0,0,0
2019-01-05,0,0,0,0
2019-01-06,0,0,0,0
2019-01-07,0,0,0,0
2019-01-08,0,0,0,0
2019-01-09,0,0,0,0
2019-01-10,0,0,0,0
2019-01-11,0,0,0,0
2019-01-12,0,0,0,0
2019-01-13,0,0,0,0
2019-01-14,0,0,0,0
2019-01-15,0,0,0,0
2019-01-16,0,0,0,0
2019-01-17,0,0,0,0
2019-01-18,0,0,0,0
2019-01-19,0,0,0,0
2019-01-20,0,0,0,0
2019-01-21,0,0,0,0
2019-01-22,0,0,0,0
2019-01-23,0,0,0,0
2019-01-24,0,0,0,0
2019-01-25,0,0,0,0
2019-01-26,0,0,0,0
2019-01-27,0,0,0,0
2019-01-28,0,0,0,0
2019-01-29,0,0,0,0
2019-01-30,0,0,0,0
2019-01-31,0,0,0,0
2019-02-01,0,0,0,0
2019-02-02,0,0,0,0
2019-02-03,0,0,0,0
2019-02-04,0,0,0,0
2019-02-05,0,0,0,0
2019-02-06,0,0,0,0
2019-02-07,0,0,0,0
2019-02-08,0,0,0,0
2019-02-09,0,0,0,0
2019-02-10,0,0,0,0
2019-02-11,0,0,0,0
2019-02-12,0,0,0,0
2019-02-13,0,0,0,0
2019-02-14,0,0,0,0
2019-02-15,0,0,0,0
2019-02-16,0,0,0,0
2019-02-17,0,0,0,0
2019-02-18,0,0,0,0
2019-02-19,0,0,0,0
2019-02-20,0,0,0,0
2019-02-21,0,0,0,0
2019-02-22,0,0,0,0
2019-02-23,0,0,0,0
2019-02-24,0,0,0,0
2019-02-25,0,0,0,0
2019-02-26,0,0,0,0
2019-02-27,0,0,0,0
2019-02-28,0,0,0,0
2019-03-01,0,0,0,0
2019-03-02,0,0,0,0
2019-03-03,0,0,0,0
2019-03-04,0,0,0,0
2019-03-05,0,0,0,0
2019-03-06,0,0,0,0
2019-03-07,0,0,0,0
2019-03-08,0,0,0,0
2019-03-09,0,0,0,0
2019-03-10,0,0,0,0
2019-03-11,0,0,0,0
2019-03-12,0,0,0,0
2019-03-13,0,0,0,0
2019-03-14,0,0,0,0
2019-03-15,0,0,0,0
2019-03-16,0,0,0,0
2019-03-17,0,0,0,0
2019-03-18,0,0,0,0
2019-03-19,0,0,0,0
2019-03-20,0,0,0,0
2019-03-21,0,0,0,0
2019-03-22,0,0,0,0
2019-03-23,0,0,0,0
2019-03-24,0,0,0,0
2019-03-25,0,0,0,0
2019-03-26,0,0,0,0
2019-03-27,0,0,0,0
2019-03-28,0,0,0,0
2019-03-29,0,0,0,0
2019-03-30,0,0,0,0
2019-03-31,0,0,0,0
2019-04-01,0,0,0,0
2019-04-02,0,0,0,0
2019-04-03,0,0,0,0
2019-04-04,0,0,0,0
2019-04-05,0,0,0,0
2019-04-06,0,0,0,0
2019-04-07,0,0,0,0
2019-04-08,0,0,0,0
2019-04-09,0,0,0,0
2019-04-10,0,0,0,0
2019-04-11,0,0,0,0
2019-04-12,0,0,0,0
2019-04-13,0,0,0,0
2019-04-14,0,0,0,0
2019-04-15,0,0,0,0
2019-04-16,0,0,0,0
2019-04-17,0,0,0,0
2019-04-18,0,0,0,0
2019-04-19,0,0,0,0
2019-04-20,0,0,0,0
2019-04-21,0,0,0,0
2019-04-22,0,0,0,0
2019-04-23,0,0,0,0
2019-04-24,0,0,0,0
2019-04-25,0,0,0,0
2019-04-26,0,0,0,0
2019-04-27,0,0,0,0
2019-04-28,0,0,0,0
2019-04-29,0,0,0,0
2019-04-30,0,0,0,0
2019-05-01,0,0,0,0
2019-05-02,0,0,0,0
2019-05-03,0,0,0,0
2019-05-04,282,11597207076,38,3376593864
2019-05-05,231,9056862720,16,978265512
2019-05-06,143,5206900320,5,347126472
2019-05-07,122,5840442144,3,220898664
2019-05-08,175,7355927453,17,2240543592
2019-05-09,120,4957604287,10,1199164176
2019-05-10,116,4102409592,1,157784760
2019-05-11,128,4638875184,77,5238454032
2019-05-12,135,6690074472,4,473354280
2019-05-13,111,3853103839,8,1199164176
2019-05-14,139,5049112320,3,189341712
2019-05-15,168,7668340632,10,883594656
2019-05-16,86,4039291152,4,568025136
2019-05-17,63,2272100544,0,0
2019-05-18,84,3502822320,12,410240376
2019-05-19,86,3597492528,2,94670856
2019-05-20,56,2777011776,3,473354280
2019-05-21,88,3155654592,1,63113904
2019-05-22,62,2249275478,1,63113904
2019-05-23,77,3250366704,1,157784760
2019-05-24,103,3976183080,3,694252944
2019-05-25,78,3629064384,2,63113904
2019-05-26,54,2208991824,3,441797328
2019-05-27,83,3218810400,3,189341712
2019-05-28,78,3218812344,0,0
2019-05-29,45,2240547480,2,189341712
2019-05-30,97,3218810400,0,0
2019-05-31,56,2493006984,6,883594656
2019-06-01,72,2398329648,2,63113904
2019-06-02,97,3849964992,3,94670856
2019-06-03,216,11613098952,1,315569520
2019-06-04,197,9277843680,4,347126472
2019-06-05,101,6595527384,0,0
2019-06-06,105,4323343896,4,189341712
2019-06-07,66,2919023244,5,252455616
2019-06-08,104,3755273184,5,284012568
2019-06-09,129,4575778776,0,0
2019-06-10,36,1861888680,9,2335214448
2019-06-11,62,2840145768,4,631139040
2019-06-12,57,2622396967,3,126227808
2019-06-13,80,4165521984,10,2556113112
2019-06-14,75,2997912384,2,63113904
2019-06-15,87,3976167960,3,694252944
2019-06-16,134,4449408408,0,0
2019-06-17,44,1643366232,0,0
2019-06-18,70,2619236736,2,78892380
2019-06-19,167,5964074496,7,473354280
2019-06-20,86,3313485144,2,157784760
2019-06-21,93,3944603880,1,315569520
2019-06-22,67,2556115056,0,0
2019-06-23,78,2461442904,18,1704075408
2019-06-24,70,2682343512,2,189341712
2019-06-25,28,1041358464,2,63113904
2019-06-26,29,1388486880,0,0
2019-06-27,33,1577818656,0,0
2019-06-28,39,1514607984,0,0
2019-06-29,58,1961793756,4,5259494
2019-06-30,45,1904936454,13,960721290
2019-07-01,80,2776931208,2,63113904
2019-07-02,5,157785408,0,0
2019-07-03,46,1893422952,2,94670856
2019-07-04,22,788883840,7,473354280
2019-07-05,25,978266160,0,0
2019-07-06,142,4954358304,0,0
2019-07-07,67,3313485144,4,378683424
2019-07-08,86,3092549112,1,31556952
2019-07-09,46,2082765312,1,31556952
2019-07-10,32,1335761928,11,428945976
2019-07-11,32,2082773736,1,126227808
2019-07-12,32,1104494616,2,160938360
2019-07-13,22,1072944792,6,189341712
2019-07-14,97,3565989360,4,126227808
2019-07-15,42,1546292592,0,0
2019-07-16,58,2082784104,0,0
2019-07-17,33,1072938312,2,126227808
2019-07-18,100,3408123816,0,0
2019-07-19,40,1672519104,1,315569520
2019-07-20,49,1861871184,0,0
2019-07-21,199,6311513520,5,788923800
2019-07-22,49,1578186504,1,31556952
2019-07-23,95,3376549584,3,157784760
2019-07-24,34,1672985016,2,94628952
2019-07-25,27,946774008,0,0
2019-07-26,69,2366887176,1,157784760
2019-07-27,191,6690167784,2,94670856
2019-07-28,73,2366751744,2,126227808
2019-07-29,24,1388065896,1,63072000
2019-07-30,14,504807120,1,94608000
2019-07-31,29,1167607224,0,0
2019-08-01,27,852199272,1,63113904
2019-08-02,9,504828072,10,694252944
2019-08-03,8,788924448,0,0
2019-08-04,16,1135925208,7,347126472
2019-08-05,22,852039648,2,63113904
2019-08-06,21,1105344144,1,63113904
2019-08-07,31,1102066162,0,0
2019-08-08,13,536535576,2,63113904
2019-08-09,16,662633136,0,0
2019-08-10,38,1388406960,0,0
2019-08-11,30,1135800144,1,63113904
2019-08-12,46,2240260632,4,189341712
2019-08-13,60,2177034192,1,31556952
2019-08-14,43,2019521808,0,0
2019-08-15,26,1041065136,1,63072000
2019-08-16,38,1672403760,2,126227808
2019-08-17,31,1545959304,2,63113904
2019-08-18,15,599351616,0,0
2019-08-19,35,1451271384,0,0
2019-08-20,27,1167577632,1,315569520
2019-08-21,25,1104291576,1,31536000
2019-08-22,28,978079536,1,31556952
2019-08-23,77,2619155304,0,0
2019-08-24,22,1104241896,0,0
2019-08-25,36,1798160256,2,946708560
2019-08-26,42,1514638008,1,31556952
2019-08-27,78,3124036512,3,126227808
2019-08-28,120,3944580552,1,31556952
2019-08-29,71,2808597888,0,0
2019-08-30,17,725748984,2,126227808
2019-08-31,146,4891310496,0,0
2019-09-01,49,2556126072,1,63113904
2019-09-02,63,2366760816,0,0
2019-09-03,22,915046848,1,157784760
2019-09-04,64,2429844048,0,0
2019-09-05,35,1640962800,1,157784760
2019-09-06,33,1104474960,2,78892380
2019-09-07,15,1041379416,0,0
2019-09-08,39,1293814728,0,0
2019-09-09,32,1043808394,0,0
2019-09-10,42,1640964096,0,0
2019-09-11,14,504869328,3,189341712
2019-09-12,27,1009823112,13,1451619792
2019-09-13,39,1231027416,5,315569520
2019-09-14,75,2840388768,1,157784760
2019-09-15,68,2303657496,1,63072000
2019-09-16,46,1924975368,2,252455616
2019-09-17,16,1167579576,1,31556952
2019-09-18,20,633834882,0,0
2019-09-19,18,725809896,2,63113904
2019-09-20,39,1514733696,0,0
2019-09-21,11,378685368,0,0
2019-09-22,22,757368792,1,31556952
2019-09-23,32,1199167416,0,0
2019-09-24,31,1451620440,19,662695992
2019-09-25,16,504911232,0,0
2019-09-26,52,1640961504,2,94670856
2019-09-27,25,946753704,0,0
2019-09-28,18,1420034544,2,157784760
2019-09-29,73,2903239584,2,220898664
2019-09-30,161,12338769528,22,2335214448
2019-10-01,349,11676072240,2,189341712
2019-10-02,161,6153609528,15,1167607224
2019-10-03,155,5175343368,1,189341712
2019-10-04,99,3944621592,1,15778476
2019-10-05,74,2619228960,3,410240376
2019-10-06,108,3565939464,0,0
2019-10-07,104,3913067232,0,0
2019-10-08,80,3029468688,10,210379680
2019-10-09,63,2208946680,1,315569520
2019-10-10,77,3376608768,5,220898664
2019-10-11,62,2051270568,1,94670856
2019-10-12,92,2903244120,88,4386416328
2019-10-13,81,2619228960,2,252455616
2019-10-14,54,1861860816,4,378683424
2019-10-15,57,2019644928,2,126227808
2019-10-16,94,3786834888,2,378683424
2019-10-17,122,4449491568,2,63113904
2019-10-18,161,5735320754,4,504911232
2019-10-19,215,6942530088,10,599582088
2019-10-20,150,5412021804,9,1072936368
2019-10-21,166,5522470488,2,946708560
2019-10-22,204,9372416688,7,346979808
2019-10-23,177,6437600496,1,126227808
2019-10-24,129,4607320824,1,94670856
2019-10-25,134,4765100400,5,262974600
2019-10-26,109,3629052072,3,284012568
2019-10-27,98,3376595808,2,220898664
2019-10-28,101,3597494472,4,883594656
2019-10-29,120,4954452480,0,0
2019-10-30,97,5175356328,14,2492999208
2019-10-31,84,2934797832,0,0
2019-11-01,87,3659989536,3,410240376
2019-11-02,70,2808590112,0,0
2019-11-03,106,4070856528,0,0
2019-11-04,72,2650744008,3,94670856
2019-11-05,71,2729682828,5,410240376
2019-11-06,1320,43169850720,70,10571537016
2019-11-07,1988,66048596424,16,2398328352
2019-11-08,893,32474696256,10,1136050272
2019-11-09,744,24844880142,9,568025136
2019-11-10,582,21131428808,213,7510554576
2019-11-11,688,32579820810,9,915151608
2019-11-12,832,30678439932,25,1767189312
2019-11-13,814,32187969216,3,252455616
2019-11-14,586,22536507420,6,568025136
2019-11-15,513,17703452016,9,631139040
2019-11-16,399,13442180336,11,536468184
2019-11-17,218,7983866952,1,315569520
2019-11-18,344,11802258792,4,252455616
2019-11-19,458,19281265488,8,441797328
2019-11-20,379,15431404608,7,694252944
2019-11-21,348,11549826720,2,94670856
2019-11-22,168,6122073960,1,31556952
2019-11-23,275,9372421872,1,31556952
2019-11-24,281,10413812952,1,63113904
2019-11-25,209,10224461520,1,126227808
2019-11-26,165,6437558592,1,284012568
2019-11-27,245,13885037928,29,3155695200
2019-11-28,209,8173250568,6,662695992
2019-11-29,191,8741286720,4,189341712
2019-11-30,181,7226542656,2,126227808
2019-12-01,189,6753201984,4,410240376
2019-12-02,240,9498643848,24,1136050272
2019-12-03,163,6437623392,3,126227808
2019-12-04,210,7510557168,0,0
2019-12-05,221,8362605888,10,820480752
2019-12-06,135,6690054816,8,883594656
2019-12-07,155,6279812496,6,378686016
2019-12-08,82,3534392880,2,94670856
2019-12-09,142,5617138752,2,157784760
2019-12-10,108,4954446000,1,94670856
2019-12-11,90,3534337368,2,94670856
2019-12-12,75,2713897872,12,694252944
2019-12-13,79,2713876920,8,915151608
2019-12-14,135,4765104936,2,189341712
2019-12-15,91,3439712304,0,0
2019-12-16,129,5143800672,1,31556952
2019-12-17,126,5838047784,20,1483176744
2019-12-18,105,4165517664,1,157784760
2019-12-19,158,5932714752,3,220898664
2019-12-20,72,3155654592,1,94670856
2019-12-21,48,1830305808,3,284012568
2019-12-22,64,2461442256,0,0
2019-12-23,112,4244411988,2,63113904
2019-12-24,66,2698121340,2,94670856
2019-12-25,105,3487043844,1,63113904
2019-12-26,104,3597492528,1,126227808
2019-12-27,138,4362749910,14,433908090
2019-12-28,109,4070846808,2,63113904
2019-12-29,83,3124138248,0,0
2019-12-30,100,3723720336,3,189341712
2019-12-31,120,4070848104,2,63113904
2020-01-01,59,3061034064,2,94670856
2020-01-02,153,5364682488,3,126227808
2020-01-03,112,5238457920,9,441797328
2020-01-04,85,3408156648,3,284012568
2020-01-05,64,3345003432,3,126227808
2020-01-06,81,4165538400,2,220898664
2020-01-07,147,6154279214,6,284012568
2020-01-08,93,3061007928,6,378683424
2020-01-09,124,4544201736,4,284012568
2020-01-10,108,4007732904,2,157784760
2020-01-11,91,3376593864,9,694252944
2020-01-12,68,2429888544,11,1167607224
2020-01-13,72,3187390563,3,94670856
2020-01-14,72,3597506784,8,536533632
2020-01-15,74,2776969872,1,31556952
2020-01-16,126,4717764972,2,189341712
2020-01-17,69,2461621490,9,410240376
2020-01-18,111,3755277936,123,3881505096
2020-01-19,199,6406159104,2,126227808
2020-01-20,148,5838064632,2,63113904
2020-01-21,153,5901184368,6,315569520
2020-01-22,61,2713897872,4,126227808
2020-01-23,80,3092583888,3,189341712
2020-01-24,124,4354885944,3,126227808
2020-01-25,44,3345076440,8,978265512
2020-01-26,25,915384342,1,63113904
2020-01-27,60,1956531024,0,0
2020-01-28,107,3913062696,4,252455616
2020-01-29,49,1640961504,5,252455616
2020-01-30,65,2493001152,13,410072760
2020-01-31,64,2650783968,26,852037704
2020-02-01,169,6784744680,57,1956531024
2020-02-02,151,4796658000,48,774771898
2020-02-03,34,2019645576,9,536468184
2020-02-04,0,0,0,0
2020-02-05,0,0,0,0
2020-02-06,0,0,0,0
2020-02-07,0,0,0,0
2020-02-08,0,0,0,0
2020-02-09,0,0,0,0
2020-02-10,229,7542111528,6,189341712
2020-02-11,345,13380150240,51,3913062048
2020-02-12,126,5617036584,59,2335214448
2020-02-13,100,5049114912,20,2366771400
2020-02-14,99,4133969784,54,1893417120
2020-02-15,118,5206915872,10,347126472
2020-02-16,61,2556114408,22,1167607224
2020-02-17,122,9467151696,57,1988087976
2020-02-18,74,3376604880,14,2145872736
2020-02-19,96,4796657352,33,2335214448
2020-02-20,104,4575759336,15,631139040
2020-02-21,131,5585604480,4,126227808
2020-02-22,84,4165529328,29,1640961504
2020-02-23,102,5396264712,119,11991641760
2020-02-24,102,6374545128,122,14705539632
2020-02-25,83,4102407648,118,13064578128
2020-02-26,167,6816320424,154,17040754080
2020-02-27,122,4922885160,193,13948172784
2020-02-28,127,6311392344,51,2966353488
2020-02-29,105,4891340520,27,1262278080
2020-03-01,70,2587679784,70,2619227016
2020-03-02,116,5301579600,11,410240376
2020-03-03,97,3913067232,9,347126472
2020-03-04,98,3755280528,22,1009822464
2020-03-05,83,3061027584,23,1230721128
2020-03-06,72,2777015664,41,1325391984
2020-03-07,88,3092583888,15,820480752
2020-03-08,58,2808571320,6,504911232
2020-03-09,29,1341175644,6,189341712
2020-03-10,42,1861862112,7,946708560
2020-03-11,58,2272108320,8,2051201880
2020-03-12,10,315569520,90,2840125680
2020-03-13,24,757367496,209,6816008304
2020-03-14,39,1483012368,170,5427795744
2020-03-15,23,788925744,135,4260188520
2020-03-16,22,725810544,109,3439707768
2020-03-17,36,3629078640,321,10382237208
2020-03-18,28,915151608,243,8015465808
2020-03-19,65,2366772048,18,568025136
2020-03-20,74,2619227664,29,1483176744
2020-03-21,70,2745454824,21,1293835032
2020-03-22,58,1895840208,86,2997915624
2020-03-23,84,2737565586,28,899373132
2020-03-24,51,2051207064,22,820482048
2020-03-25,57,1924974072,104,3849948144
2020-03-26,39,2240547480,47,3629049480
2020-03-27,49,1956531672,83,5333124888
2020-03-28,69,4007734848,194,17230095792
2020-03-29,56,1988088624,113,5017555368
2020-03-30,44,1924975368,43,1388505888
2020-03-31,47,2556115056,48,2114315784
2020-04-01,55,2145873384,65,2650783968
2020-04-02,74,4828213656,189,15999374664
2020-04-03,90,4133963952,130,9435528648
2020-04-04,64,2745454824,124,5112226224
2020-04-05,55,2871684576,139,10350680256
2020-04-06,68,3313479960,55,3944619000
2020-04-07,60,2369364049,166,5617137456
2020-04-08,37,1577847600,89,3155695200
2020-04-09,72,2997916272,186,6595402968
2020-04-10,46,2398334184,104,4386416328
2020-04-11,63,2429885304,65,2177429688
2020-04-12,71,3155695200,75,2934796536
2020-04-13,108,4417991424,200,6690073824
2020-04-14,128,6058945152,30,1609404552
2020-04-15,166,5711808960,45,2587670064
2020-04-16,68,3187256688,52,3376342440
2020-04-17,117,4841641339,228,12117869568
2020-04-18,98,10350686088,114,5083088472
2020-04-19,148,6753209112,263,9751098168
2020-04-20,104,4197075264,315,11108047104
2020-04-21,158,6153608232,159,5112226224
2020-04-22,118,4165518960,294,9498642552
2020-04-23,108,3849929136,579,20448904896
2020-04-24,84,5080688712,434,15715362096
2020-04-25,90,4197092760,223,8583490944
2020-04-26,70,2619228312,299,10319123304
2020-04-27,64,2240546184,222,8173250568
2020-04-28,83,3218809104,610,19754651952
2020-04-29,76,3124140192,731,29665254622
2020-04-30,80,4701998808,798,27791936712
2020-05-01,115,5175356328,1285,45093996630
2020-05-02,183,9088469568,1923,70667262966
2020-05-03,188,6796855584,3639,135999014580
2020-05-04,165,5869626768,969,34049951208
2020-05-05,199,7321283496,494,21237828696
2020-05-06,110,4228638696,243,10571578920
2020-05-07,75,2997913680,86,3408150816
2020-05-08,149,5333156640,198,8078579712
2020-05-09,79,2934806256,177,6500732112
2020-05-10,45,2650783968,33,1420062840
2020-05-11,43,1514733696,93,4386416328
2020-05-12,76,3155698440,225,10445351112
2020-05-13,67,2587670064,81,3313479960
2020-05-14,59,2461444848,35,1672519752
2020-05-15,78,3250366704,250,31525395048
2020-05-16,126,5088367944,125,5838036120
2020-05-17,53,2157971328,49,2378089800
2020-05-18,68,2876526216,46,2087597880
2020-05-19,55,2177429688,52,2177432280
2020-05-20,61,2777013720,54,1830305808
2020-05-21,82,2903241528,96,3092641560
2020-05-22,59,2461442904,143,7352771760
2020-05-23,91,4386441600,171,6847878672
2020-05-24,82,3240486864,326,11770791048
2020-05-25,118,4291747416,89,3976175952
2020-05-26,159,7100318088,184,7068780576
2020-05-27,75,3881505096,20,2366773344
2020-05-28,91,6500648304,50,1924979256
2020-05-29,91,3786792336,85,3471274440
2020-05-30,137,6185178144,30,1136058696
2020-05-31,73,2966365152,28,1988091216
2020-06-01,147,6627027960,172,7794587232
2020-06-02,41,1388505888,74,3976186968
2020-06-03,112,4134013848,106,3597497064
2020-06-04,61,3218809752,23,1136051568
2020-06-05,39,1640962152,16,1278071460
2020-06-06,70,3187254096,159,6185172960
2020-06-07,36,2713905000,41,2114319024
2020-06-08,115,4733586216,57,2603451780
2020-06-09,32,1388509776,97,5051704320
2020-06-10,57,2777025384,85,3502838520
2020-06-11,44,2524560048,219,8930620656
2020-06-12,48,2650791744,207,7226556264
2020-06-13,55,2682342864,105,5017565088
2020-06-14,32,1199164176,191,6753196800
2020-06-15,37,1546291296,69,3392373636
2020-06-16,37,1924974072,55,2492999856
2020-06-17,49,1735633656,107,3723726168
2020-06-18,126,4575806640,109,3818395728
2020-06-19,69,2524568472,116,4954466088
2020-06-20,103,4354904088,25,1451634048
2020-06-21,86,4133965248,91,3187256040
2020-06-22,57,2461459104,43,1924977312
2020-06-23,97,5554037160,53,1735633656
2020-06-24,70,3439748592,16,631055232
2020-06-25,20,631139688,61,2808581040
2020-06-26,204,7920864288,42,1735640784
2020-06-27,46,2335217040,86,3029469336
2020-06-28,73,3061024992,48,2713917312
2020-06-29,46,1861860168,69,2461456512
2020-06-30,75,2713916016,12,631148760
2020-07-01,82,3913063344,26,2051236872
2020-07-02,65,2650789152,28,974090138
2020-07-03,54,2493004392,74,2366773344
2020-07-04,78,3187261872,80,2682345456
2020-07-05,62,2650787856,284,9530219592
2020-07-06,75,3509133062,222,7289663040
2020-07-07,61,2650794984,267,10161392976
2020-07-08,33,1672518456,36,1356961248
2020-07-09,78,3250372536,139,5490914832
2020-07-10,62,2682343512,190,7857765288
2020-07-11,99,3439716840,316,10098289440
2020-07-12,74,3281929488,262,9469700280
2020-07-13,33,2082760128,164,9025349832
2020-07-14,74,3061028232,104,4670434728
2020-07-15,87,3045270492,89,4165539048
2020-07-16,103,6500745072,44,2177445888
2020-07-17,61,3061033416,16,1293848640
2020-07-18,370,14200829280,49,1830261960
2020-07-19,37,1420062840,43,1387935731
2020-07-20,68,2650785264,318,14263758504
2020-07-21,45,1893421008,351,12717420768
2020-07-22,80,4165521552,118,4638873240
2020-07-23,75,3439711008,556,19315468008
2020-07-24,87,3471278328,580,19344422592
2020-07-25,40,2461442256,198,8551941120
2020-07-26,67,2650783968,539,20038757832
2020-07-27,93,4133973024,449,17293217472
2020-07-28,105,4260193704,972,94323748320
2020-07-29,89,4110292998,1338,44840531664
2020-07-30,124,5648698944,1574,54624503736
2020-07-31,78,4704405696,1571,58380560784
2020-08-01,121,5398659288,3399,121336512840
2020-08-02,230,9056830104,219,9183141072
2020-08-03,131,5743366560,346,11612962224
2020-08-04,150,7510534920,176,7889238000
2020-08-05,137,7037210016,29,1556659944
2020-08-06,80,3755281824,17,1325391984
2020-08-07,84,4007734848,15,1072939608
2020-08-08,56,2335214448,1,189341712
2020-08-09,67,2840131512,4,757379808
2020-08-10,73,3534381216,9,820459800
2020-08-11,61,2524556160,7,220898664
2020-08-12,77,3408150816,6,504911232
2020-08-13,88,3597495768,5,599582088
2020-08-14,44,3250366056,239,7983912744
2020-08-15,66,3455529336,259,8520542928
2020-08-16,106,4638874536,42,2492999208
2020-08-17,64,4165520256,14,883574352
2020-08-18,56,2335214448,16,504911232
2020-08-19,53,2997919512,11,1420062840
2020-08-20,92,5743366560,35,3861532224
2020-08-21,51,2145872736,12,1041379416
2020-08-22,70,4354859376,24,1861860816
2020-08-23,98,5341421880,3,378689904
2020-08-24,91,5459367600,27,1514736936
2020-08-25,101,5932708272,61,2808359208
2020-08-26,163,11392083648,21,1483092936
2020-08-27,165,9653271616,33,1877330952
2020-08-28,224,14642428320,10,378683424
2020-08-29,1591,70119548640,29,2777011776
2020-08-30,1397,62009450208,83,5427815832
2020-08-31,471,23762396520,23,2461448736
2020-09-01,100,9119961720,16,1262278080
2020-09-02,96,8488824624,3,220898664
2020-09-03,67,4701986496,38,1325391984
2020-09-04,288,14326859448,11,2524569120
2020-09-05,161,8394149232,4,378683424
2020-09-06,281,14550913159,48,2903239584
2020-09-07,237,14200672464,113,4323305664
2020-09-08,261,10445387400,178,6090492384
2020-09-09,132,7826125392,99,3250369296
2020-09-10,126,5901151320,202,6626967696
2020-09-11,130,8615071224,220,8015465808
2020-09-12,196,10161356688,138,5333124888
2020-09-13,209,9688008888,41,1640961504
2020-09-14,129,5995837728,51,1956534912
2020-09-15,159,8141696208,116,4354859376
2020-09-16,123,5812798334,26,978265512
2020-09-17,48,2619227664,5,820481400
2020-09-18,126,7510561704,35,2019644928
2020-09-19,198,8962187328,176,7889241240
2020-09-20,258,12906801792,423,20859145920
2020-09-21,220,11556157118,131,7037206776
2020-09-22,198,12117883176,45,3155695200
2020-09-23,180,7646258541,159,11171162952
2020-09-24,167,10748317291,57,2997910440
2020-09-25,159,8993737152,127,4417973928
2020-09-26,272,12338812944,211,7699896288
2020-09-27,170,7668345816,152,5585580504
2020-09-28,289,16378064568,238,8362592280
2020-09-29,140,7147649628,192,8047024704
2020-09-30,171,7763018616,28,1293835680
2020-10-01,227,10827821370,84,4165517664
2020-10-02,233,11186974476,87,21711182976
2020-10-03,209,11108058768,329,23152420933
2020-10-04,201,10540023264,110,7699896288
2020-10-05,187,10729368864,134,8236364472
2020-10-06,286,14642439984,42,2429891784
2020-10-07,243,13064593032,291,12244097376
2020-10-08,214,10035117864,123,4007732904
2020-10-09,331,15052680360,75,4070846808
2020-10-10,217,10259168335,130,6721630776
2020-10-11,325,16535859696,143,8015465808
2020-10-12,183,10918902509,153,5490910296
2020-10-13,223,11044944864,73,2934797184
2020-10-14,272,16504298208,305,10792478232
2020-10-15,226,9940441824,155,5806479168
2020-10-16,185,9940452192,84,2777013072
2020-10-17,265,10603159848,63,2619227016
2020-10-18,188,9312459127,122,4165517664
2020-10-19,171,10792491192,64,2745464544
2020-10-20,141,6500732760,44,1830303216
2020-10-21,137,6658522056,98,4228632216
2020-10-22,266,16314946776,109,5080682232
2020-10-23,178,10319126544,8,915152256
2020-10-24,149,7857686232,107,4039289856
2020-10-25,146,8110139904,33,1451619792
2020-10-26,168,7478998920,31,1609404552
2020-10-27,185,8867511288,63,2997913032
2020-10-28,154,7794570384,39,1420062840
2020-10-29,249,9656429256,118,6658516872
2020-10-30,110,5774924160,26,1483176744
2020-10-31,122,5175340128,59,2019645576
2020-11-01,115,6658539552,73,3250366056
2020-11-02,123,6406074864,37,2366772048
2020-11-03,104,5301571176,22,5192453778
2020-11-04,155,5995830600,404,16851412368
2020-11-05,173,9312456535,188,10729363680
2020-11-06,121,5459353344,41,2461443552
2020-11-07,92,3534379272,89,3629049480
2020-11-08,122,7447467888,96,3849948144
2020-11-09,141,6374508840,297,10697806728
2020-11-10,171,8015466456,37,2335214448
2020-11-11,100,4765101696,37,2145875328
2020-11-12,86,4417977816,12,441797328
2020-11-13,128,5333124888,199,6753187728
2020-11-14,134,5743367208,39,2051202528
2020-11-15,121,5838063984,93,3439709064
2020-11-16,133,9498687912,158,5522467896
2020-11-17,95,4354860672,29,1642541943
2020-11-18,128,5554028088,43,2492999856
2020-11-19,167,7794581400,49,1672519752
2020-11-20,142,7478998272,20,3584921587
2020-11-21,159,6942533328,60,4417973280
2020-11-22,194,9498667824,128,4954443408
2020-11-23,157,7447453632,59,2461450032
2020-11-24,116,5995835784,30,1672520400
2020-11-25,213,10227618511,37,1988087976
2020-11-26,143,6279839280,16,1262278080
2020-11-27,238,10192899384,81,2948053695
2020-11-28,228,16220303784,24,2871682632
2020-11-29,268,10456397341,98,4828213656
2020-11-30,110,6532293600,45,2524556160
2020-12-01,143,7400115612,118,6753187728
2020-12-02,133,5459353344,25,1072937664
2020-12-03,283,11928531096,32,3155695200
2020-12-04,220,11549845728,48,2145874032
2020-12-05,219,8267921424,63,3565936224
2020-12-06,332,14137541064,85,3187254096
2020-12-07,215,10697819688,13,694257480
2020-12-08,102,6437628576,22,1672518456
2020-12-09,164,8425708128,75,2997910440
2020-12-10,188,13474820448,37,2240543592
2020-12-11,162,9277752312,13,788925096
2020-12-12,227,10950282432,64,3092583240
2020-12-13,186,9530203392,218,10382237856
2020-12-14,144,7636784328,30,2335227408
2020-12-15,129,7289661096,31,2208989232
2020-12-16,112,6566439960,263,8930617416
2020-12-17,86,7197520032,14,1041380064
2020-12-18,192,9183073032,155,9561756456
2020-12-19,158,9056845224,61,2461442256
2020-12-20,160,8804401920,26,6532289712
2020-12-21,189,9056849112,121,5143783176
2020-12-22,218,14673989160,69,5175340128
2020-12-23,158,9561761640,19,1483176744
2020-12-24,139,8047027944,61,3376593864
2020-12-25,85,9119970792,135,12180983472
2020-12-26,146,8065958874,40,1861860168
2020-12-27,143,6563852496,95,4386416976
2020-12-28,110,6185165832,109,5617138104
2020-12-29,168,10792493784,45,1893417120
2020-12-30,127,10540059552,36,2587679784
2020-12-31,120,8047039608,54,4291745472
2021-01-01,106,5585586984,27,1514733696
2021-01-02,175,10760929704,98,4449530232
2021-01-03,118,7668344520,170,13127692032
2021-01-04,87,4859771256,76,3629068914
2021-01-05,115,6248281032,182,9356654400
2021-01-06,146,6500732112,203,9624870360
2021-01-07,167,10887153624,36,3928727880
2021-01-08,113,9088408008,168,9381882450
2021-01-09,208,10729380528,179,7826133168
2021-01-10,132,7573693104,296,17514108360
2021-01-11,77,7668352944,45,6942529440
2021-01-12,162,9025290216,571,22861433723
2021-01-13,256,16693645104,128,6153605640
2021-01-14,221,14137522272,160,7983910152
2021-01-15,205,11707639560,90,7147650924
2021-01-16,247,24366813320,88,8204812056
2021-01-17,175,12212548200,115,5617137456
2021-01-18,211,18650163168,27,1546290648
2021-01-19,146,9877329864,17,1555759029
2021-01-20,197,14815990260,23,2587673952
2021-01-21,140,9719547048,68,7542117360
2021-01-22,137,7731455184,18,1009823760
2021-01-23,165,10129791312,20,1325391984
2021-01-24,417,19880897256,80,6185162592
2021-01-25,213,16693628904,83,6090491736
2021-01-26,238,14800229280,126,6027381072
2021-01-27,234,18555494904,59,3187252152
2021-01-28,257,15999379200,150,6595405560
2021-01-29,235,17230095792,23,1830303216
2021-01-30,273,25119357768,33,2587670064
2021-01-31,191,16314959088,77,4843992132
2021-02-01,207,14894929944,57,5175347904
2021-02-02,173,9593321832,24,1998457272
2021-02-03,148,13064591088,94,5869593072
2021-02-04,126,13062580648,73,3755279880
2021-02-05,98,7889242536,36,5175372528
2021-02-06,156,13033022472,33,4354859376
2021-02-07,214,19170833220,28,2145872736
2021-02-08,132,10350681552,75,4291745472
2021-02-09,207,17450995752,35,3439708416
2021-02-10,137,13348614024,28,2051201880
2021-02-11,155,14579324784,102,7163431344
2021-02-12,291,32913931392,25,3092581296
2021-02-13,221,18082160064,87,9025288920
2021-02-14,254,26886542544,41,7857681048
2021-02-15,283,22342322664,36,4765078800
2021-02-16,334,28981933228,68,6595410096
2021-02-17,295,25223482101,49,4985956512
2021-02-18,245,24248378764,55,5364703872
2021-02-19,175,14768658720,36,6342948648
2021-02-20,205,21080093832,27,2051205120
2021-02-21,279,30578674608,423,20847960488
2021-02-22,213,24522183864,13,2398328352
2021-02-23,81,8520380928,12,1861860168
2021-02-24,261,31209850152,48,7258098960
2021-02-25,303,35321733955,90,9530205984
2021-02-26,256,28054154304,98,6721630776
2021-02-27,457,52826362272,71,9498642552
2021-02-28,357,33639736752,38,4607318232
2021-03-01,395,35722472256,163,13632603912
2021-03-02,387,33504040562,201,18050586264
2021-03-03,360,34914657700,29,5238454680
2021-03-04,564,48162252542,210,18050576544
2021-03-05,393,36890076888,37,3635360870
2021-03-06,514,55224673128,129,20291120136
2021-03-07,483,60778703160,13,2682341568
2021-03-08,424,47272340016,129,29442636216
2021-03-09,359,40045790880,92,7889238648
2021-03-10,440,45694467792,26,3439709712
2021-03-11,448,52794806616,339,207518508360
2021-03-12,366,46830523896,38,4670441856
2021-03-13,410,51942749472,16,3061024344
2021-03-14,547,66272782759,80,16851418200
2021-03-15,359,42349436064,37,10571580216
2021-03-16,336,36826970112,12,1514733696
2021-03-17,209,23604611112,41,5838036120
2021-03-18,370,45315764064,65,9151522560
2021-03-19,282,37963025568,66,4954452480
2021-03-20,313,33671272968,43,4670442504
2021-03-21,365,43990420248,31,4228631568
2021-03-22,188,24077960856,36,5364686376
2021-03-23,272,39383094888,66,4891340520
2021-03-24,292,35059776912,37,3913063344
2021-03-25,248,32188104000,91,6879416184
2021-03-26,200,26665660728,31,3723727464
2021-03-27,264,36227395152,335,35470021176
2021-03-28,246,32693010696,97,9798434892
2021-03-29,216,21774319560,55,4354859376
2021-03-30,327,39446209440,74,8930617416
2021-03-31,277,30802770007,15,3408150816
2021-04-01,263,32377444416,43,3692182824
2021-04-02,279,31493853648,18,3502823616
2021-04-03,259,42570328248,78,7889238000
2021-04-04,478,48503038464,86,9593326368
2021-04-05,507,56392342560,186,17419437504
2021-04-06,268,39603988368,64,8678175408
2021-04-07,222,29300642892,717,84383289648
2021-04-08,311,44716217184,806,95712241248
2021-04-09,243,31020508440,204,25434840456
2021-04-10,253,36448281504,901,103191251832
2021-04-11,449,53268160248,346,32913902232
2021-04-12,392,42349431528,106,9277752312
2021-04-13,423,45126500976,178,12591223848
2021-04-14,327,37584368712,34,3313479960
2021-04-15,455,48976408944,330,36006482232
2021-04-16,219,25135134948,39,4954447944
2021-04-17,219,28369728360,24,1388505888
2021-04-18,190,28054130328,86,17040754080
2021-04-19,133,18366159024,146,13569494544
2021-04-20,95,18871073496,13,1514743416
2021-04-21,197,32408989704,35,3944621592
2021-04-22,230,34586422632,231,31588508952
2021-04-23,285,41670965484,338,18871057296
2021-04-24,576,69456864960,1440,141690744765
2021-04-25,976,122945916744,644,50301782784
2021-04-26,563,81606297960,667,69677750016
2021-04-27,542,81006699024,368,22121429835
2021-04-28,439,53867734560,396,23751339922
2021-04-29,338,45252691848,794,40512814976
2021-04-30,448,54845996184,1123,57023412264
2021-05-01,521,59058842148,832,51059162592
2021-05-02,626,78103456200,1315,78261318072
2021-05-03,466,52005861432,1247,64429837322
2021-05-04,521,61346760696,482,31052064096
2021-05-05,576,66743005320,227,31525422912
2021-05-06,438,63461048616,957,103349019744
2021-05-07,413,67815926136,44,7794567792
2021-05-08,162,30831144048,324,20732917464
2021-05-09,136,24803771400,17,946708560
2021-05-10,99,28148833584,24,2966353488
2021-05-11,91,19533755232,4,252455616
2021-05-12,80,10887149088,16,3723720336
2021-05-13,155,35627799456,50,4165517664
2021-05-14,242,46893646872,33,3124138248
2021-05-15,226,44526875472,264,27296763480
2021-05-16,336,52551798645,202,13411704600
2021-05-17,209,33702827976,219,20764474416
2021-05-18,217,44369082288,56,6879415536
2021-05-19,105,20701364400,10,1167607224
2021-05-20,234,43453926144,34,4133960712
2021-05-21,310,42381017640,106,10966641917
2021-05-22,394,54972259632,254,11549903400
2021-05-23,298,44116626672,226,26286942312
2021-05-24,363,45789147072,30,3913062048
2021-05-25,471,55366674228,263,16377974928
2021-05-26,449,58727490912,543,25308680688
2021-05-27,566,80154683352,477,26286941664
2021-05-28,453,59390190144,135,11581404624
2021-05-29,599,61977912048,315,16977676464
2021-05-30,659,68510177136,667,44721108837
2021-05-31,544,53110378080,342,17703450072
2021-06-01,639,71855184888,94,12023201304
2021-06-02,528,53394387408,296,15305121720
2021-06-03,524,59942495772,46,4291748064
2021-06-04,601,68036819616,274,17955924480
2021-06-05,840,100808720748,213,18208418328
2021-06-06,1185,132981016464,339,29569127976
2021-06-07,1146,132775891092,267,23541486840
2021-06-08,1102,110875389084,548,78639924384
2021-06-09,1290,129951589896,98,6374510136
2021-06-10,1686,174320616456,140,12401882136
2021-06-11,1120,101518721712,139,11960084808
2021-06-12,1192,108303443496,266,21742739928
2021-06-13,1536,126922068720,390,25750472832
2021-06-14,1283,145133606455,239,16378058088
2021-06-15,1419,144215290080,250,19659982392
2021-06-16,1531,132160535064,97,8678161800
2021-06-17,1590,117390294523,194,9766946628
2021-06-18,1277,109448983101,101,7478997624
2021-06-19,1095,96532749864,375,16251830280
2021-06-20,979,83689054200,307,11297439360
2021-06-21,505,50528996726,51,5427807408
2021-06-22,499,47714116608,20,2272103784
2021-06-23,823,71325030038,55,4544204976
2021-06-24,1045,84288629160,118,13727274120
2021-06-25,812,59516421840,29,4007732904
2021-06-26,1341,92461915368,107,4733542800
2021-06-27,970,78295325060,97,6027377832
2021-06-28,856,84351749544,55,5333124888
2021-06-29,781,74950937431,45,3837325363
2021-06-30,928,91920700485,99,10603136520
2021-07-01,985,87286542840,79,5743366560
2021-07-02,884,70080123186,74,5522479560
2021-07-03,999,91104955416,88,5743365264
2021-07-04,889,82994810328,122,11581401384
2021-07-05,832,55366676172,76,5459352696
2021-07-06,411,42002310888,27,1704054456
2021-07-07,475,52573898880,40,3345036912
2021-07-08,493,49260418272,29,1767189312
2021-07-09,647,55950484320,76,5964264576
2021-07-10,919,74487044404,71,7857681048
2021-07-11,902,66395845800,93,8299478376
2021-07-12,653,64597081392,25,2461442256
2021-07-13,512,58222582272,46,2903239584
2021-07-14,578,66948087924,32,4701992328
2021-07-15,632,65827821312,71,4228650360
2021-07-16,593,61409828592,61,3565960848
2021-07-17,588,55698021576,78,12370325184
2021-07-18,852,91893844224,82,4291755192
2021-07-19,1067,112184970840,131,18460816920
2021-07-20,656,71350269120,75,3976175952
2021-07-21,1105,177492081708,237,17356282344
2021-07-22,1031,93471708672,290,12528109944
2021-07-23,800,86681277260,415,16788298464
2021-07-24,926,85803378408,47,3786837480
2021-07-25,888,78340133988,62,4986001008
2021-07-26,424,45977540760,258,19281297672
2021-07-27,678,68447032128,268,25056219888
2021-07-28,733,76588728984,114,8488822032
2021-07-29,716,75042433152,410,16851412368
2021-07-30,532,49954655016,448,17735007024
2021-07-31,613,58979946528,283,22026752496
2021-08-01,731,65264513717,1310,118749129833
2021-08-02,1080,131737964579,792,51153819192
2021-08-03,755,86150480904,101,12969907272
2021-08-04,696,73622375496,56,8267921424
2021-08-05,653,79965320256,46,6658516872
2021-08-06,838,95586010848,43,19659981096
2021-08-07,738,85456215216,52,6153605640
2021-08-08,870,100954186632,74,6816301632
2021-08-09,761,87538978584,54,4954420512
2021-08-10,728,89463980304,56,8015465808
2021-08-11,749,102181435200,34,9940439880
2021-08-12,846,104106404088,65,5838036120
2021-08-13,914,114425515080,40,5238454032
2021-08-14,809,106946520696,52,4575758040
2021-08-15,839,96627390912,231,22657895424
2021-08-16,692,97226972352,128,8141651712
2021-08-17,616,87696772848,45,9972000072
2021-08-18,986,136150494276,160,10918706688
2021-08-19,1410,153290166443,282,15462906480
2021-08-20,1171,151804718244,148,9656435088
2021-08-21,1073,138282571440,189,16852678534
2021-08-22,1244,149737737240,124,9233564146
2021-08-23,1002,135086172955,51,7573668480
2021-08-24,1366,179032088181,236,28590602400
2021-08-25,3004,425168434244,155,29317386673
2021-08-26,2130,299822630112,160,23922699356
2021-08-27,1449,235257089472,71,9624828456
2021-08-28,1690,210753105876,108,12592801695
2021-08-29,1413,208717692192,348,25318142589
2021-08-30,1237,180568889712,65,11202717960
2021-08-31,1169,170344438560,122,8615363465
2021-09-01,890,144720189000,56,7699896288
2021-09-02,1347,207266071752,71,10697806728
2021-09-03,1810,265646440080,50,8220585996
2021-09-04,1541,233237445192,95,12464996040
2021-09-05,1749,285148633176,60,20180670804
2021-09-06,1159,162833872968,113,19091955960
2021-09-07,824,132633882215,192,24298853040
2021-09-08,817,117360308376,77,15210450864
2021-09-09,842,136957183992,74,9877325976
2021-09-10,1087,187829516468,425,19375968528
2021-09-11,1448,226689384780,143,16535842848
2021-09-12,1313,180979152768,132,19091955960
2021-09-13,1179,171179574762,46,10792477584
2021-09-14,1443,200702241288,192,18460816920
2021-09-15,1132,153903273696,56,5869593072
2021-09-16,984,171132459696,41,3565935576
2021-09-17,1121,147777528270,69,10224452448
2021-09-18,1370,196773539756,115,11644518528
2021-09-19,1428,197798979672,182,17498336364
2021-09-20,870,121683609504,39,8394149232
2021-09-21,798,109818209160,35,5238454032
2021-09-22,1436,186596268192,78,13695717168
2021-09-23,1191,156554038872,87,9751098816
2021-09-24,1263,163086344784,63,6311369448
2021-09-25,2281,277108552297,269,28779940224
2021-09-26,1394,178422997320,211,14610868776
2021-09-27,1214,170091992664,175,9656427312
2021-09-28,1105,166557638016,60,7131877632
2021-09-29,1150,162275323989,251,15336679320
2021-09-30,835,139765746888,105,11166743031
2021-10-01,987,157196246400,65,5617151712
2021-10-02,1121,150711184224,102,11486730528
2021-10-03,1140,151834920768,170,13481131190
2021-10-04,734,103475274120,95,11896970904
2021-10-05,730,117486583488,200,20985375672
2021-10-06,554,104611299120,108,15052666104
2021-10-07,530,108553657248,41,4102403760
2021-10-08,781,148633243920,60,12307215168
2021-10-09,1438,220586263135,280,28211922864
2021-10-10,1309,188994612744,100,12619658800
2021-10-11,1019,147055410576,76,7794567144
2021-10-12,1348,217806106032,233,38815050960
2021-10-13,1244,221214260736,115,11423616624
2021-10-14,901,155757766320,74,11044963008
2021-10-15,790,153682371144,56,10098224640
2021-10-16,1139,189625746600,523,73843268976
2021-10-17,1154,158226559920,174,10865058564
2021-10-18,1132,188426566872,246,18113690448
2021-10-19,1297,205625142000,215,14437305531
2021-10-20,1128,176466489192,251,23068133208
2021-10-21,791,121841372016,43,10224452448
2021-10-22,782,119853304992,210,16756741512
2021-10-23,1151,162676097928,83,10069823379
2021-10-24,724,121620502080,157,14610868776
2021-10-25,945,169113723264,20,2903239584
2021-10-26,601,109565748360,86,12133648044
2021-10-27,309,50648917032,14,3818391840
2021-10-28,509,101708074440,98,10035110736
2021-10-29,605,138724377840,18,5364681840
2021-10-30,503,148159894176,10,1041379416
2021-10-31,426,74853114120,11,4102403760
2021-11-01,535,94576207824,90,10792477584
2021-11-02,1392,280004864904,159,33261033888
2021-11-03,1478,390043953288,202,58977747261
2021-11-04,1113,242578347696,135,35406913104
2021-11-05,1044,213243607743,103,25056219888
2021-11-06,1409,286505576280,257,60841806048
2021-11-07,1451,313013446416,346,54341072640
2021-11-08,2258,440850689424,657,152325412488
2021-11-09,7057,1375600287579,979,230775996456
2021-11-10,7125,1481630708664,527,115056666432
2021-11-11,5717,1105282458936,532,112816105992
2021-11-12,4181,850857615907,177,46704292200
2021-11-13,4420,785594604404,221,44842428792
2021-11-14,4635,871692299396,1158,270487310212
2021-11-15,3738,624399940252,229,47650997520
2021-11-16,3109,558324769232,297,32219683436
2021-11-17,3427,617474890800,313,44053506288
2021-11-18,3406,618995971524,189,38688823152
2021-11-19,4089,740673262296,166,33324302336
2021-11-20,3545,670679925480,303,47871896184
2021-11-21,3080,579795943248,695,60557790888
2021-11-22,1796,353595683448,102,20164896216
2021-11-23,2327,483797783702,100,17293209696
2021-11-24,2111,452182755895,109,23285874880
2021-11-25,2187,456575478213,75,19344425184
2021-11-26,2215,474648129936,205,25498017216
2021-11-27,2654,558133128212,335,33923723400
2021-11-28,2413,513802764000,678,89590186728
2021-11-29,2771,550163990376,133,33387258456
2021-11-30,3223,622050712990,158,32251204944
2021-12-01,2589,536436711288,84,18334589760
2021-12-02,3020,601382517086,152,24491350447
2021-12-03,3430,679229493996,155,32314341528
2021-12-04,2521,488817221472,137,28243496016
2021-12-05,3018,591056278560,167,36385194816
2021-12-06,2372,453189423960,192,18801644961
2021-12-07,3140,610179569970,148,21300942600
2021-12-08,3427,640471139603,1019,180127082016
2021-12-09,3636,681956714154,238,83468138040
2021-12-10,3866,682792126459,179,22973461056
2021-12-11,4657,811165139328,239,46294051824
2021-12-12,5221,802295985992,547,75825050745
2021-12-13,3827,620599097736,374,57938563872
2021-12-14,4130,696089579990,272,33355698264
2021-12-15,3827,614694755728,200,32408992296
2021-12-16,3343,549377419248,111,22752562392
2021-12-17,3538,641524448350,183,29439480520
2021-12-18,4013,643848956867,751,65042037005
2021-12-19,5854,964899214259,499,45089841692
2021-12-20,4629,727456874060,475,58254133392
2021-12-21,4312,638624363918,369,42286315680
2021-12-22,4164,627103211336,140,20701360512
2021-12-23,3427,559694109096,136,15936260760
2021-12-24,3876,624849784826,679,50806692720
2021-12-25,3444,552562269048,128,26223827112
2021-12-26,4055,621073641501,210,28779940224
2021-12-27,3010,456821889920,177,31525395048
2021-12-28,2508,409713358485,96,16630513704
2021-12-29,1824,315068101712,50,13790388024
2021-12-30,2055,368111832552,67,13485232298
2021-12-31,2547,437821134768,377,60485211842
2022-01-01,2896,492351602688,1252,67373639204
2022-01-02,2740,476634017609,127,15178893912
2022-01-03,2599,475405514928,118,18681715584
2022-01-04,2631,460415954088,214,33261030648
2022-01-05,2438,429364036872,408,37899899352
2022-01-06,2289,410571856188,68,17703450072
2022-01-07,2073,340912185912,58,12559666896
2022-01-08,2784,447319820520,217,72170758944
2022-01-09,2220,384521464008,219,40913322480
2022-01-10,1962,320339901276,130,28022573376
2022-01-11,1938,317334869072,238,26318498616
2022-01-12,1993,318841156929,138,24961549032
2022-01-13,2225,402695147656,129,17955883224
2022-01-14,1759,310173290280,81,21206272392
2022-01-15,2690,449213229000,185,18617358168
2022-01-16,2132,385010899805,292,26030986416
2022-01-17,2193,362491579792,119,22342322016
2022-01-18,2373,387330032520,166,23251165468
2022-01-19,2362,369279411480,96,21143157840
2022-01-20,2295,379253983672,103,15532333070
2022-01-21,1600,273188536056,92,14137514496
2022-01-22,1424,236109130416,140,9782655180
2022-01-23,1902,311879753352,269,23162828748
2022-01-24,1888,298623469824,52,10824035184
2022-01-25,1973,294428790432,148,20259563832
2022-01-26,1868,291207560184,105,21805853832
2022-01-27,1686,261638725320,94,14326856208
2022-01-28,1751,262025052120,158,16062495048
2022-01-29,1975,319024834200,138,15715375056
2022-01-30,2084,338069653992,213,24456644280
2022-01-31,2209,378651868992,306,35817140520
2022-02-01,1644,284407046100,116,17419450464
2022-02-02,2027,332484052104,196,22563230400
2022-02-03,2141,322543608984,160,15462906480
2022-02-04,2441,352895121057,231,35438457744
2022-02-05,2898,414693075535,293,28622161942
2022-02-06,3462,505226820312,186,25150891392
2022-02-07,2214,321880921416,356,32756116176
2022-02-08,2796,399069222120,152,19202847089
2022-02-09,2602,354102991517,269,36511393464
2022-02-10,2392,368143411752,109,17545665312
2022-02-11,2523,345012162696,230,27896345568
2022-02-12,2654,385089504696,177,23793941808
2022-02-13,3428,455114370816,587,63492587424
2022-02-14,2722,405711966996,586,69519971736
2022-02-15,2290,335671299720,398,69267509640
2022-02-16,1798,278269208568,266,37426545072
2022-02-17,2156,331158664008,97,12307211280
2022-02-18,2223,294805003680,108,18113690448
2022-02-19,3391,416930348304,265,21080043936
2022-02-20,2579,360127944000,330,31115154672
2022-02-21,1539,211589391024,157,19155069864
2022-02-22,1877,268739005824,93,13853512944
2022-02-23,2529,310520420640,121,16283387232
2022-02-24,1571,223391663208,292,19186626816
2022-02-25,2047,268865131464,121,12685894704
2022-02-26,2216,293006260656,195,27422991288
2022-02-27,3062,397428053040,842,64976198328
2022-02-28,1873,251445809736,701,54057697704
2022-03-01,2248,289598152392,349,35249334408
2022-03-02,2372,280869496228,303,39682867140
2022-03-03,2284,301116452832,204,24993105984
2022-03-04,2502,300327314328,247,26444736792
2022-03-05,3084,320303064744,537,47619440568
2022-03-06,3736,415071745999,869,70119547344
2022-03-07,2842,308248315560,501,33639714072
2022-03-08,2669,270382395917,220,19155073104
2022-03-09,2678,282058424957,505,26918080056
2022-03-10,2998,329580821592,152,15620657760
2022-03-11,2976,312824036232,224,25624245024
2022-03-12,3814,388308260880,395,36416722608
2022-03-13,3276,360979960104,312,32323785933
2022-03-14,2786,331821329112,777,74158838496
2022-03-15,3545,369531920880,369,34049951208
2022-03-16,2416,265804222248,348,47619440568
2022-03-17,2392,261610297495,48,5942174061
2022-03-18,1810,224748628344,79,6784744680
2022-03-19,3306,360727524792,442,35564684904
2022-03-20,3768,382856236503,311,38972837016
2022-03-21,3340,396450017784,254,35596241856
2022-03-22,2743,316898380952,119,14042843640
2022-03-23,3233,366189271733,131,12054755664
2022-03-24,2302,268047183413,291,20322677088
2022-03-25,2256,270313717816,212,18807943392
2022-03-26,3358,356404255865,283,39383076096
2022-03-27,3244,346087532189,364,25087813128
2022-03-28,1870,236550893832,85,13127693976
2022-03-29,1866,233268905160,139,12401882136
2022-03-30,1793,221466705336,111,10161338544
2022-03-31,1765,234606951460,89,13727275416
2022-04-01,1350,168545683872,189,11360503368
2022-04-02,1495,189026150256,104,11894288563
2022-04-03,1765,222413415840,141,11960084808
2022-04-04,1526,187921658232,184,29224243152
2022-04-05,1301,174541514472,127,20701360512
2022-04-06,2197,262718908272,169,14295299256
2022-04-07,2523,280762212312,113,14557221957
2022-04-08,2313,253973303760,237,16504287192
2022-04-09,3866,395534838312,268,31746293712
2022-04-10,3539,375401432088,184,15526022976
2022-04-11,2425,270600867288,166,15746922936
2022-04-12,2185,244755658800,98,10882731112
2022-04-13,2133,256905133056,145,14516199216
2022-04-14,2232,266435359992,212,18492373872
2022-04-15,3438,355586181221,119,14957997840
2022-04-16,3703,369784335888,241,20669804856
2022-04-17,4987,448014069576,212,26634067488
2022-04-18,3360,361421673624,165,16409615040
2022-04-19,4199,413143557912,203,16671537741
2022-04-20,2719,312256010448,209,35470014048
2022-04-21,2721,302031592128,136,19596867192
2022-04-22,4753,496251116768,228,27801674712
2022-04-23,5625,542413962912,194,22657891536
2022-04-24,7023,652658501724,254,26602826105
2022-04-25,5469,487532429567,159,16535842848
2022-04-26,10696,728546655172,188,19943993664
2022-04-27,17628,1348761217411,659,60500989022
2022-04-28,21188,1661139255716,990,69432142247
2022-04-29,12509,951253393398,466,48492490036
2022-04-30,22110,1427511944223,937,64578714595
2022-05-01,20429,1224396963027,904,50375942917
2022-05-02,63723,3115449100198,1100,70386557192
2022-05-03,46857,2414721261882,2378,112181177588
2022-05-04,23615,1645220732281,687,67656557461
2022-05-05,18208,1313986163755,502,53401956538
2022-05-06,16923,1171693940594,968,90497674499
2022-05-07,20587,1313750999752,856,93373873671
2022-05-08,18004,1090462991571,734,67749657049
2022-05-09,9810,589370534956,277,24195979312
2022-05-10,5280,405775807801,208,16847309963
2022-05-11,3056,207787326386,105,9738475387
2022-05-12,899,90159099993,80,6011599355
2022-05-13,3469,273079884650,167,15873146856
2022-05-14,5605,432165966981,313,30734280394
2022-05-15,7207,529089389366,709,51701900325
2022-05-16,6491,501119566103,600,43999227028
2022-05-17,4770,376090761206,278,25200750720
2022-05-18,7216,533822310952,617,29496262073
2022-05-19,6741,494367123405,527,28053656951
2022-05-20,7355,529754863927,412,26935751944
2022-05-21,8745,621287609569,854,50985462841
2022-05-22,8065,610273769690,318,22295996404
2022-05-23,7073,528784026312,281,20989666993
2022-05-24,6733,496287629962,352,20439254769
2022-05-25,7094,430543439167,332,23488900303
2022-05-26,4541,276266846801,373,24603535374
2022-05-27,4629,324914444729,282,20506152222
2022-05-28,7534,481193492749,489,29219847258
2022-05-29,6684,458119074649,410,25748332772
2022-05-30,4731,336401088551,300,18160426279
2022-05-31,3578,269051548438,187,16789182367
2022-06-01,3034,227454176443,371,20327095053
2022-06-02,2535,201090886304,183,15047301411
2022-06-03,2729,226796613500,156,12024019181
2022-06-04,3260,244706182764,363,16325310617
2022-06-05,3542,265175683096,465,23406737985
2022-06-06,3180,266448906416,250,14903824560
2022-06-07,3314,240272668009,253,19752102143
2022-06-08,2293,208086245563,280,18296278967
2022-06-09,3486,285253678408,187,13627108009
2022-06-10,4094,256174813771,221,15619649843
2022-06-11,5117,343932620930,539,42136577923
2022-06-12,3482,251736363491,467,55015919911
2022-06-13,1457,115403203374,116,9065554925
2022-06-14,2574,192289177331,245,14159604353
2022-06-15,3728,214298856737,330,17245631243
2022-06-16,3789,266026735774,474,22628484329
2022-06-17,4091,266803079913,358,24359284580
2022-06-18,4835,304255794746,274,14531155894
2022-06-19,5567,329453415561,422,33934613690
2022-06-20,5006,321655839813,428,19854327597
2022-06-21,3816,246213794234,404,22051556237
2022-06-22,4276,265549392646,400,18737697572
2022-06-23,3422,226332862036,340,10295034958
2022-06-24,4252,256465433824,257,12151241005
2022-06-25,4376,282960580886,463,21007494471
2022-06-26,4659,271573175308,631,36132394699
2022-06-27,4442,279832974301,308,14036677371
2022-06-28,5142,268498304275,488,19665979983
2022-06-29,9795,293615335600,697,20184100016
2022-06-30,7034,287947252306,379,16342812085
2022-07-01,11384,498691792329,787,35865093905
2022-07-02,11042,537660853681,1325,54857318195
2022-07-03,29727,807483379496,1618,70034166179
2022-07-04,34357,1164963585435,1468,52616845697
2022-07-05,22883,862012189254,1289,42688700900
2022-07-06,18964,841102540428,1110,45511304095
2022-07-07,12576,634781498362,649,34689799748
2022-07-08,11103,551755304507,552,27006812961
2022-07-09,11597,584908770422,1047,35579140228
2022-07-10,11103,544531993084,872,32571353710
2022-07-11,7338,375368693685,1282,46918437545
2022-07-12,8707,455834896234,420,25846828777
2022-07-13,9350,491880685710,750,22731627291
2022-07-14,9264,475478431997,657,37503960556
2022-07-15,7977,435669145662,492,25234496709
2022-07-16,9320,458071253923,624,29980477073
2022-07-17,7772,396277836613,545,26930548144
2022-07-18,6162,387827768317,789,34970835813
2022-07-19,8420,545714794972,475,26978902142
2022-07-20,8762,550922652689,602,24154719898
2022-07-21,12802,729451306266,797,38415498846
2022-07-22,12677,654786608815,512,25525913478
2022-07-23,12074,612581504072,720,35322038880
2022-07-24,20977,724886872891,836,34642983825
2022-07-25,9137,460746943692,1027,52399376340
2022-07-26,7319,372251627793,428,25705598773
2022-07-27,9851,492443705671,805,41748242425
2022-07-28,7524,411294135980,528,29896729540
2022-07-29,8690,463689051843,885,41011805254
2022-07-30,9882,488635454548,1019,51526402292
2022-07-31,10063,508834483387,897,51718327799
2022-08-01,7885,425040534582,1013,53688656536
2022-08-02,9009,471465713707,694,31828751989
2022-08-03,9466,505929912960,1728,63004144949
2022-08-04,9527,517597808662,772,34694322931
2022-08-05,9000,493226767673,528,27641156329
2022-08-06,11441,526858055085,957,44011278911
2022-08-07,9433,484707218655,612,27289745938
2022-08-08,6486,373198480844,567,40750489289
2022-08-09,6781,346969768374,591,34899751845
2022-08-10,6425,313608805222,479,22905178689
2022-08-11,5388,332023031087,535,24568566090
2022-08-12,7354,402831531334,810,30101511926
2022-08-13,9355,446751342570,836,41154687278
2022-08-14,9538,443531295356,1165,46470366525
2022-08-15,5713,307335901788,647,28529202241
2022-08-16,9295,431898336164,664,29597149756
2022-08-17,8954,435834193459,1085,32764552992
2022-08-18,8908,436771504042,917,30687163673
2022-08-19,8676,388229274802,793,28092333533
2022-08-20,13443,464456141063,1316,35822045316
2022-08-21,17269,573698875753,1310,35926697671
2022-08-22,12511,446156003049,1503,32141476090
2022-08-23,12304,462052092713,826,30748239558
2022-08-24,14510,502670010151,1490,48055076385
2022-08-25,9850,406957478783,1150,43088240048
2022-08-26,10401,382097296569,978,25290999780
2022-08-27,10182,371126333373,1718,40851950130
2022-08-28,13568,454333295469,1998,55259981553
2022-08-29,11789,425386878925,1164,37639776578
2022-08-30,8926,383523968998,1556,50657152190
2022-08-31,8306,332142072848,1062,62910257312
2022-09-01,5826,285038913966,912,37390815573
2022-09-02,8998,410837671365,991,37699393750
2022-09-03,10847,415144761231,1127,34729393025
2022-09-04,10775,422391333851,1807,59400044839
2022-09-05,11533,485845969329,2373,80525168898
2022-09-06,22275,667310297124,2705,77302811068
2022-09-07,19577,587356712524,1655,49591579208
2022-09-08,13802,572031724867,1759,51095480911
2022-09-09,22615,776493226144,1672,128548201700
2022-09-10,43211,1036662438244,2269,74730938960
2022-09-11,28424,756171355030,1414,43765181470
2022-09-12,12605,435463848989,920,35704265637
2022-09-13,9569,378720888678,820,30573503602
2022-09-14,9900,387083669963,1179,40934513900
2022-09-15,8599,392995842450,837,32830133922
2022-09-16,11208,436780570976,1152,48703708318
2022-09-17,15789,518077107780,1344,31848493047
2022-09-18,11499,377822783407,2070,57963381715
2022-09-19,16410,371740781835,2397,65384136588
2022-09-20,11627,360719637420,1307,41871833034
2022-09-21,9067,352120708591,1055,32353790484
2022-09-22,10083,399097187447,1743,51366744239
2022-09-23,13130,463476196860,1542,42444326114
2022-09-24,31268,522219033600,2002,48596932635
2022-09-25,15843,433319427096,1426,37072352849
2022-09-26,9067,310797169346,1426,29934855672
2022-09-27,7290,299741533590,1945,40173966419
2022-09-28,9301,359800282047,2916,74947873588
2022-09-29,15475,512600811369,2050,50868775536
2022-09-30,11752,397280403116,1460,39959458729
2022-10-01,16670,509406438820,2916,54189840359
2022-10-02,15389,407086634360,3587,79250528545
2022-10-03,4688,212904142219,1309,34310329340
2022-10-04,6194,254421636719,2018,43860793838
2022-10-05,8911,332262040973,1864,42317530162
2022-10-06,10253,360890981561,2266,38199658157
2022-10-07,9750,324199184751,1375,35939156117
2022-10-08,7676,275822836370,1620,28387231239
2022-10-09,3137,166192224942,569,17318560767
2022-10-10,2393,125906167517,1122,25164824122
2022-10-11,4259,199230629278,931,30236834398
2022-10-12,5195,230889571812,1056,28078913210
2022-10-13,5275,208999421502,1295,36676417880
2022-10-14,4722,214108921633,1940,33839317256
2022-10-15,4446,196573377405,975,22809074391
2022-10-16,7348,264039522964,1024,22779662306
2022-10-17,6006,218754956109,1376,29042198315
2022-10-18,4800,208416926195,541,16207887668
2022-10-19,3021,149165594758,640,20051984128
2022-10-20,2748,145388648257,610,21794126082
2022-10-21,2948,153444438983,472,16894128443
2022-10-22,3721,176421786003,1316,37994197887
2022-10-23,5066,202821113759,1344,25905679714
2022-10-24,3602,178264433845,2127,25504261257
2022-10-25,3823,192423198266,615,22672926634
2022-10-26,3590,174494941451,1302,28098066559
2022-10-27,3968,176382976350,2074,51791296282
2022-10-28,3435,171807558212,1247,26609422319
2022-10-29,4204,179189080611,943,20316750019
2022-10-30,4051,316723889823,1407,249390703006
2022-10-31,2915,148460510418,761,17230437054
2022-11-01,3213,188011953539,743,18753862193
2022-11-02,2619,145554811104,745,26978485200
2022-11-03,2348,153624200427,753,21916965328
2022-11-04,2370,133021531736,963,32057501696
2022-11-05,2652,141503848500,704,24448094471
2022-11-06,2897,156699671587,1200,29574618325
2022-11-07,2107,123893624157,746,21226077856
2022-11-08,2053,124676752661,562,14309456518
2022-11-09,1372,78201008559,262,12230549619
2022-11-10,1524,95823964629,443,17033181502
2022-11-11,3019,168325538908,1312,19153722848
2022-11-12,2421,129305264474,1165,18190386540
2022-11-13,2065,123110166804,633,19380042305
2022-11-14,1726,102824515509,354,14407339962
2022-11-15,2192,136226758686,662,20261028096
2022-11-16,2285,144101742604,413,15125129162
2022-11-17,2490,125893594608,591,19131145996
2022-11-18,2391,130170654491,1357,43492738879
2022-11-19,2482,131806883824,1325,40637797953
2022-11-20,4006,168775189500,561,18099278188
2022-11-21,2102,104596190694,911,21200277650
2022-11-22,2407,118713414285,946,21926541797
2022-11-23,2087,108589150003,875,25780580182
2022-11-24,2222,107702409856,685,17021918567
2022-11-25,2242,105504811914,611,15381321605
2022-11-26,2232,108540602671,1095,20058948381
2022-11-27,2246,111200014701,1122,21118391218
2022-11-28,2041,102906402691,542,17210924656
2022-11-29,2327,134214224475,585,18358356987
2022-11-30,1989,104469322772,805,18717100727
2022-12-01,2193,109864641274,871,15315366619
2022-12-02,2150,109314899190,526,14356258149
2022-12-03,2181,125405932230,677,20273746596
2022-12-04,2337,132963194504,592,20120599391
2022-12-05,1815,107550741173,519,18200327815
2022-12-06,1899,108601391503,346,12062052484
2022-12-07,1801,103025223124,388,15559561297
2022-12-08,1859,109377566501,481,17012612766
2022-12-09,1538,87907935776,604,19042659062
2022-12-10,1780,98950220421,883,14146891989
2022-12-11,1565,80436846691,604,17644003032
2022-12-12,2086,92217475569,710,22735698153
2022-12-13,1772,97431553700,546,16094064131
2022-12-14,1773,85406594753,1023,21796678602
2022-12-15,1572,82928583895,735,19293460642
2022-12-16,1711,92703477104,610,19281752482
2022-12-17,1998,104856559004,943,30089507863
2022-12-18,1605,87443404940,444,15173302932
2022-12-19,1643,86407588129,618,14661051075
2022-12-20,1573,94664544676,544,17487800563
2022-12-21,1474,90913995240,692,16753899295
2022-12-22,1593,94024508312,1265,24266838051
2022-12-23,1530,90451945013,692,19395858053
2022-12-24,1648,89354558979,676,17606244112
2022-12-25,1268,70808766902,940,38600490928
2022-12-26,1290,72204656785,607,20642882788
2022-12-27,1372,77879509079,526,18226483491
2022-12-28,1516,93806403832,754,20046846678
2022-12-29,1428,83558676333,532,18366732762
2022-12-30,1496,86378990213,935,23069654062
2022-12-31,1369,86122209988,703,14120475148
2023-01-01,1447,81523694253,802,18779461200
2023-01-02,1660,97228618580,904,29383484374
2023-01-03,1670,96946800658,818,22868455575
2023-01-04,1611,107103537564,1824,45201558404
2023-01-05,1400,86606539388,798,21349944586
2023-01-06,1597,107015924223,916,31036781815
2023-01-07,1582,91364354528,1163,31066359483
2023-01-08,1493,87532506908,1327,38851754736
2023-01-09,1452,84582014693,999,41551867200
2023-01-10,1710,97521183949,1143,28692397534
2023-01-11,2117,110908461557,1392,33189983987
2023-01-12,1800,103364003928,921,33571180931
2023-01-13,1512,92589673823,939,31739981539
2023-01-14,1621,92805859223,1162,33770456208
2023-01-15,2037,105152288498,1503,50783729330
2023-01-16,1779,102570664754,816,31970772411
2023-01-17,2262,123100428154,1044,35834135159
2023-01-18,2505,120676126187,929,24983721359
2023-01-19,2098,112208207269,863,25694477033
2023-01-20,1853,103902647134,871,31848604412
2023-01-21,1946,129421600676,1142,36886075574
2023-01-22,2073,111369246622,866,35231176802
2023-01-23,1809,106266476963,1553,38481123152
2023-01-24,1831,119140220555,1455,43212407598
2023-01-25,1980,118663303268,746,28731461907
2023-01-26,2109,124880043313,979,40695449467
2023-01-27,1980,122007941267,1592,106690913870
2023-01-28,2208,120881516952,1531,44668313872
2023-01-29,1997,108228239299,850,24460222184
2023-01-30,1861,106260783932,747,30282006722
2023-01-31,1820,103245081393,887,31554128410
2023-02-01,1539,91837227231,761,34328120151
2023-02-02,1397,91436747117,808,18810298816
2023-02-03,1272,81751987149,732,29413636409
2023-02-04,1194,77880238978,1965,41996855064
2023-02-05,1486,97368230630,1070,35367721553
2023-02-06,1578,95234921546,1844,44863134362
2023-02-07,1235,84778906935,718,24567716504
2023-02-08,1403,91204059956,860,34808477805
2023-02-09,1372,76158384632,703,30399426590
2023-02-10,1604,93223324935,1211,45802902140
2023-02-11,1702,89522004779,1465,38357520697
2023-02-12,1686,100648259841,2022,49787871861
2023-02-13,1374,77854895182,976,29971064528
2023-02-14,1299,83541936585,1053,50485154655
2023-02-15,1177,81476728880,1021,22390948757
2023-02-16,1213,81242065475,502,22708047081
2023-02-17,1269,90254700597,933,36793916258
2023-02-18,1682,104285913308,804,28416917650
2023-02-19,1656,101718870969,641,29875921133
2023-02-20,1861,101701199987,933,31104569948
2023-02-21,1505,89291086083,2668,92856496921
2023-02-22,1159,77830161042,610,17009401176
2023-02-23,1313,86247037548,631,27192839417
2023-02-24,1266,85284330064,710,29555254991
2023-02-25,1614,94984536829,1419,55450985972
2023-02-26,1563,101665757064,1307,53130073646
2023-02-27,1524,90271090332,1452,56986115191
2023-02-28,1537,98448213249,941,51606405928
2023-03-01,1244,93225434549,571,27260969633
2023-03-02,1327,90498923734,823,33224779517
2023-03-03,1086,75904409054,1020,53286487969
2023-03-04,1239,80259144364,1633,45858659971
2023-03-05,973,64713407926,622,25447479748
2023-03-06,1046,74705231628,508,20506450595
2023-03-07,1088,78774517722,609,22198092760
2023-03-08,1094,83697622368,723,29055881260
2023-03-09,892,68392341206,692,27331757378
2023-03-10,1498,76543219641,847,27373154221
2023-03-11,453,31762913897,271,10260602502
2023-03-12,1056,75870468763,1334,42986215177
2023-03-13,1037,68886239097,1385,31463228715
2023-03-14,892,54836599044,623,26094864968
2023-03-15,1186,76351570544,655,21740743278
2023-03-16,1078,66444069577,645,27355289929
2023-03-17,1103,69884699012,1096,44150557171
2023-03-18,1546,87799956515,2521,101383950807
2023-03-19,1620,89151860580,1996,71043062295
2023-03-20,2203,119090108582,898,33138123539
2023-03-21,1969,103128323331,1046,40291094738
2023-03-22,2048,109651656385,793,30183131394
2023-03-23,1488,89710504028,1549,41467122951
2023-03-24,1743,105608226033,1183,43997436928
2023-03-25,2158,113623709531,1776,59796290723
2023-03-26,1830,108509185057,1253,58103547906
2023-03-27,1576,99593461772,985,41520498105
2023-03-28,1409,92630963002,519,19218052668
2023-03-29,1180,79576353879,605,26647534766
2023-03-30,1141,74958129091,722,30060730753
2023-03-31,1656,97298111098,955,30206407584
2023-04-01,1925,108278079819,1039,38650733127
2023-04-02,1672,97250924672,1723,79742746135
2023-04-03,1294,74224526458,906,42148491664
2023-04-04,1253,69157756009,988,41543210563
2023-04-05,753,49470221345,650,27626926069
2023-04-06,1209,80443299161,940,42319696090
2023-04-07,1277,77841269650,1711,72848052280
2023-04-08,1392,83076375430,1345,50072531017
2023-04-09,1239,77238385392,1941,63885282519
2023-04-10,1045,72725111452,1079,43014737393
2023-04-11,1034,62679455115,1420,45797726241
2023-04-12,1073,72034509946,1365,49218665498
2023-04-13,757,60165878472,727,26802672144
2023-04-14,948,64524025243,1012,36429719870
2023-04-15,1016,61303241628,1026,36833863601
2023-04-16,986,56416285688,1053,39079482952
2023-04-17,681,50320025785,840,42716640021
2023-04-18,547,48435114760,754,35902831736
2023-04-19,368,36078103720,800,19904103325
2023-04-20,475,43183773511,646,21542812692
2023-04-21,792,63659423193,3370,115590433255
2023-04-22,677,46430969339,1395,49977739201
2023-04-23,544,45159921904,738,27734644126
2023-04-24,587,50206626096,1853,57169367777
2023-04-25,751,68577937790,2204,79100499273
2023-04-26,522,45944479084,1418,47069027045
2023-04-27,674,59860172644,2142,74270491591
2023-04-28,645,58134554250,1168,42394634894
2023-04-29,515,44898998644,1493,57326008106
2023-04-30,498,38731567763,1434,53658832789
2023-05-01,342,32268662625,1323,42473419370
2023-05-02,273,27063878371,999,60755066937
2023-05-03,386,36668473765,1034,62211490079
2023-05-04,309,33198588817,1144,72578996041
2023-05-05,227,27418684950,284,21442173983
2023-05-06,193,28040824296,206,15688200393
2023-05-07,269,31929308384,226,14058545975
2023-05-08,306,32925118492,410,23147907461
2023-05-09,409,41554850526,429,18332912046
2023-05-10,374,35639376438,343,18949423621
2023-05-11,308,34158717943,313,17729470012
2023-05-12,544,52594475811,586,29235971708
2023-05-13,813,69819135587,1781,76475181102
2023-05-14,716,66942549238,1440,69719189151
2023-05-15,603,51503797946,573,26275447351
2023-05-16,551,51044191238,525,21564759943
2023-05-17,480,43808566327,837,35866137357
2023-05-18,477,49036361770,831,32750518942
2023-05-19,570,49876899174,1015,39174000919
2023-05-20,760,71388698018,1356,51197123054
2023-05-21,861,68011836840,940,38601993475
2023-05-22,541,56445320286,455,22991785057
2023-05-23,434,45454917528,971,45761644226
2023-05-24,575,48451237441,972,42598170160
2023-05-25,711,66722898257,1187,46921757605
2023-05-26,672,57077267749,1190,52549439321
2023-05-27,1120,72738708540,2345,100371754329
2023-05-28,631,50370688299,1465,59645153121
2023-05-29,520,44714097419,466,24586256685
2023-05-30,567,58156643358,1080,41283275554
2023-05-31,809,59077350132,792,28793764806
2023-06-01,680,53306137886,743,29120507328
2023-06-02,862,72021458822,1061,37701460167
2023-06-03,895,69860336603,1765,78159479207
2023-06-04,1045,83154338099,2884,118201744731
2023-06-05,800,54127058212,1075,41234326168
2023-06-06,804,60671916402,1333,64816554807
2023-06-07,964,66261657365,1627,77558463491
2023-06-08,687,52463535564,1615,58963451460
2023-06-09,912,67873293738,1216,44828777734
2023-06-10,757,55968190620,1262,49378230632
2023-06-11,879,55272161052,1679,67644600893
2023-06-12,1293,72562515356,1650,64591088264
2023-06-13,1872,104028173373,1347,53087971822
2023-06-14,1555,85762029581,1729,51108782222
2023-06-15,1596,89908332968,1067,37846190414
2023-06-16,1461,82119780450,1435,64831094120
2023-06-17,1541,81478444158,1937,98882275531
2023-06-18,1669,99659197432,1349,53947251290
2023-06-19,1466,81473050501,1303,47440398846
2023-06-20,1548,87984455893,1264,54947080424
2023-06-21,1198,73263817789,1067,51764896057
2023-06-22,1543,93897822661,1282,47165494117
2023-06-23,1114,65559901176,1053,42748676070
2023-06-24,1602,98061576304,1579,52008475048
2023-06-25,2165,124159214825,1496,72305142967
2023-06-26,1327,75074657748,1387,49273975107
2023-06-27,1236,75809906122,1510,52554152451
2023-06-28,1034,63537456353,798,32573854596
2023-06-29,727,46345620122,650,28804383579
2023-06-30,731,51409976954,631,23254797585
2023-07-01,1496,84273194718,1307,46666044470
2023-07-02,1628,89838752845,1540,57629298185
2023-07-03,938,60562924302,1207,53258940090
2023-07-04,805,48428010185,938,46717567821
2023-07-05,283,26578763226,258,17603589189
2023-07-06,482,38279097504,601,26963703320
2023-07-07,582,49122110167,1072,42676388657
2023-07-08,1415,84158869577,1303,45214646434
2023-07-09,1084,67590335368,1800,62142057844
2023-07-10,795,49169587896,845,34296114397
2023-07-11,761,58987454927,1557,75964982732
2023-07-12,864,52521079104,1194,40954955817
2023-07-13,817,62108262571,748,37416335563
2023-07-14,924,72344642929,1162,40798640483
2023-07-15,1522,92377279872,2157,81685429091
2023-07-16,1137,77665013125,2137,65533193009
2023-07-17,895,71485067948,923,37616447042
2023-07-18,917,60231186910,656,26684198873
2023-07-19,1041,73487204802,1117,40244806913
2023-07-20,885,59688356254,962,37446611708
2023-07-21,702,45697659755,1111,41739818838
2023-07-22,1205,80734757119,1714,64740078042
2023-07-23,1092,73968668121,1305,44974747523
2023-07-24,850,54525965599,1077,44522464888
2023-07-25,927,55261166454,1641,68985914199
2023-07-26,918,67144758030,1650,56210342737
2023-07-27,789,58719460689,1306,41937250856
2023-07-28,803,56532765605,1090,36979946997
2023-07-29,1470,92336312991,1339,43414638978
2023-07-30,1718,107345817878,2385,97248494482
2023-07-31,1284,78193083456,1595,61341041166
2023-08-01,1135,71224434529,1649,64348770992
2023-08-02,1214,73531064630,1454,60923787155
2023-08-03,1168,73536499360,1179,43064716301
2023-08-04,1191,68395390355,1062,40486385571
2023-08-05,1387,91172042888,1392,53901507607
2023-08-06,1545,87412469806,1476,49492443413
2023-08-07,1052,65454563861,726,32528192832
2023-08-08,927,60325452317,684,28046351352
2023-08-09,1034,67317590396,794,32156087386
2023-08-10,960,58662109317,982,36357954904
2023-08-11,1277,70675970088,857,41164185045
2023-08-12,1653,82124641153,1298,48859424172
2023-08-13,1916,90579965155,1689,63443136309
2023-08-14,886,60176622049,850,33480095255
2023-08-15,915,62927226840,768,38282684903
2023-08-16,943,56978306028,439,21615124901
2023-08-17,1495,80215288397,487,19399332870
2023-08-18,1424,78555371926,888,30618518391
2023-08-19,2081,110895222563,1232,41864964004
2023-08-20,1829,91733800632,1777,47978844336
2023-08-21,2241,108203679597,805,26525721282
2023-08-22,1714,129964634490,726,33186300561
2023-08-23,1754,98492511833,581,27757262293
2023-08-24,1410,92160871551,806,29265073712
2023-08-25,1043,86907502044,724,35257523429
2023-08-26,2308,115779610145,1126,39581401550
2023-08-27,2289,89994601720,1175,43944050911
2023-08-28,903,59694589437,414,18451990112
2023-08-29,855,48605232869,445,16722914935
2023-08-30,789,50360386855,658,31190191220
2023-08-31,933,55775941033,882,32158297052
2023-09-01,1039,59524441350,1939,59140592356
2023-09-02,1135,70264065197,1263,45732491242
2023-09-03,1209,68167470077,1310,31843216443
2023-09-04,920,51719916386,907,36473199987
2023-09-05,984,61601616137,734,26293543234
2023-09-06,916,54762121557,1103,50526658741
2023-09-07,945,79363240721,585,23118954344
2023-09-08,1078,57925824301,715,29035880501
2023-09-09,999,61014443346,1173,43410447671
2023-09-10,1030,68815009481,2044,66403847293
2023-09-11,722,50101533271,1995,53307089970
2023-09-12,1038,62506844510,2058,24651624050
2023-09-13,746,49661869313,1209,24051732482
2023-09-14,958,55243250207,822,31941761186
2023-09-15,811,45179427163,799,30898345292
2023-09-16,1201,63187564059,965,31507608888
2023-09-17,1280,61780461579,1421,47934732797
2023-09-18,897,50184819743,741,27705643987
2023-09-19,993,60179714064,1331,37626054152
2023-09-20,934,51465920256,845,31021588618
2023-09-21,1023,54878466684,581,25694499781
2023-09-22,1303,65289507018,1211,33771560198
2023-09-23,1148,59882525960,1420,70464710056
2023-09-24,1133,59191517545,1885,86338479593
2023-09-25,846,46157122336,776,27901731870
2023-09-26,817,43571739152,585,23482047813
2023-09-27,1620,85792527690,915,33666226041
2023-09-28,2133,102436826691,1075,34372012512
2023-09-29,2125,101754310211,1010,41176951716
2023-09-30,2305,106325429814,1164,36501685282
2023-10-01,2323,108951005442,784,29957892492
2023-10-02,1376,67432078184,1464,42155318140
2023-10-03,2031,94284331829,1526,50401033237
2023-10-04,2048,96093229147,1098,31691982665
2023-10-05,2156,91512552068,1639,46689019228
2023-10-06,2198,103873369087,837,31317576246
2023-10-07,3471,166364245915,1182,44762894523
2023-10-08,3168,158206148082,1199,45879692644
2023-10-09,2580,116663020020,972,37632693841
2023-10-10,2302,111342013661,948,32148938170
2023-10-11,1787,88242683903,880,31145332515
2023-10-12,1873,83573349047,945,31739138332
2023-10-13,2149,94213987436,951,34704624891
2023-10-14,2352,107875378007,1290,40149012169
2023-10-15,2599,113652757454,859,33497055304
2023-10-16,1887,92189522205,821,27813418879
2023-10-17,1930,92270722169,1354,51579368756
2023-10-18,1831,83660166146,831,30219998358
2023-10-19,2372,103242726179,1174,40203337807
2023-10-20,1322,63503018936,763,27109877947
2023-10-21,2711,120188155184,821,28287963048
2023-10-22,2044,94557727383,749,30553757831
2023-10-23,959,54964689766,453,19298914224
2023-10-24,498,30666471037,885,21552258788
2023-10-25,864,47399279968,602,19337656702
2023-10-26,625,45869933988,449,18344171466
2023-10-27,822,51804523619,742,25257689809
2023-10-28,1767,86580699920,963,34011773214
2023-10-29,1411,70192501461,616,28070415281
2023-10-30,906,52905288253,456,18014696221
2023-10-31,507,33905830112,1121,47357631366
2023-11-01,1011,61059914451,683,25510824564
2023-11-02,612,41722138152,359,13083398864
2023-11-03,1232,68008141332,794,24061234843
2023-11-04,1326,68474854543,1053,33708113879
2023-11-05,859,50087360925,862,19699120164
2023-11-06,438,27791183916,306,14289388130
2023-11-07,539,40796078435,692,24648853962
2023-11-08,619,39265855875,976,27958217415
2023-11-09,303,25423761421,314,13236947304
2023-11-10,373,37416478057,482,22373964491
2023-11-11,748,45443200607,811,27809116651
2023-11-12,935,60167209245,1039,33001326411
2023-11-13,313,17850727598,573,20898132540
2023-11-14,564,40693838298,489,13427172455
2023-11-15,521,38697199972,663,24425269049
2023-11-16,517,35628868222,527,22005205625
2023-11-17,771,49620980520,932,31657881250
2023-11-18,1174,69582396334,1186,46250092160
2023-11-19,2076,118652674122,1229,32102162874
2023-11-20,505,34643587140,408,18769036958
2023-11-21,384,34458877193,344,19844847955
2023-11-22,387,30839308416,622,22324506275
2023-11-23,571,42002090832,672,27016082418
2023-11-24,515,38055189684,690,31319384633
2023-11-25,892,57652616403,861,34081196525
2023-11-26,825,55852876663,691,30600332239
2023-11-27,548,39838934312,471,15570223777
2023-11-28,457,36958540842,470,17539456002
2023-11-29,455,34584254953,808,21834962844
2023-11-30,407,36240976396,1310,37649623590
2023-12-01,407,27592515335,636,24285307441
2023-12-02,411,31479312938,519,19381869822
2023-12-03,486,33881495777,667,23479335944
2023-12-04,292,22037283792,1026,29029441374
2023-12-05,240,18693581435,419,17554607550
2023-12-06,263,25431115214,392,15036597079
2023-12-07,440,33697488025,921,21114424311
2023-12-08,450,45311624920,521,18617034111
2023-12-09,667,49854081649,661,27196300790
2023-12-10,1209,83254252897,998,36322543077
2023-12-11,635,44033215511,513,21461299407
2023-12-12,626,39634727113,722,33947727860
2023-12-13,398,30221965566,246,13489759765
2023-12-14,362,27057171300,766,22971079041
2023-12-15,376,34423551331,304,13771655644
2023-12-16,293,23484439071,315,13632199191
2023-12-17,515,39241236077,714,26920859199
2023-12-18,251,27483641597,263,11369341917
2023-12-19,312,26354393215,313,11858379194
2023-12-20,335,26330558868,838,58253027028
2023-12-21,405,34119576442,501,18736534655
2023-12-22,561,44546130069,541,18770368006
2023-12-23,1482,80969142984,995,38924449508
2023-12-24,1183,76268595204,1236,40275849298
2023-12-25,2328,137907065885,2262,89783513796
2023-12-26,2026,109655374482,1334,55987492927
2023-12-27,890,53116087381,864,37782713321
2023-12-28,492,39406585613,610,28755900442
2023-12-29,726,55502270053,772,28527790804
2023-12-30,1939,103738470403,2235,89338858927
2023-12-31,2459,138020800554,1575,54514243324
2024-01-01,3947,205020493901,1532,66951402940
2024-01-02,1240,69891579761,713,37911771683
2024-01-03,1075,77323122601,658,25621515368
2024-01-04,1045,81144017210,638,32699701271
2024-01-05,1253,88217235988,809,38741213626
2024-01-06,1664,105150731404,598,26878127804
2024-01-07,510,44204331099,250,16810952965
2024-01-08,850,53517484728,424,25078847050
2024-01-09,1152,70250507420,1424,41469400218
2024-01-10,426,31721825291,440,20684591558
2024-01-11,654,64916250065,591,34673703873
2024-01-12,812,66601668818,538,23304291622
2024-01-13,1293,83635264662,848,40598375502
2024-01-14,468,37325188383,1078,24650793057
2024-01-15,842,70784697828,700,47257478187
2024-01-16,439,33036152950,334,19429901355
2024-01-17,429,37510610328,251,11555051334
2024-01-18,528,40616906338,518,28914446230
2024-01-19,638,42450161011,384,18964859460
2024-01-20,1834,101065382261,1339,52464700583
2024-01-21,3405,177475365176,1232,52008738241
2024-01-22,1352,84224049597,1074,39620475593
2024-01-23,1784,105562054875,791,29472444205
2024-01-24,2144,113026967512,737,33419201174
2024-01-25,998,63555561798,870,24099306101
2024-01-26,790,55191729649,652,23851884519
2024-01-27,2258,123816930705,1522,50277983159
2024-01-28,2140,125068430972,1160,43641692556
2024-01-29,1902,100388540342,945,36180315242
2024-01-30,949,60271642025,506,21623757328
2024-01-31,974,59384182313,258,11486032193
2024-02-01,1053,60111276923,521,16331061097
2024-02-02,1598,92126233579,687,25892938899
2024-02-03,3107,151943018940,524,23706161079
2024-02-04,3730,178825430568,973,32595348932
2024-02-05,3137,166005510728,781,41868074641
2024-02-06,1017,101074552278,423,23795753076
2024-02-07,786,65667872555,378,27325169635
2024-02-08,491,45321715728,603,17957688994
2024-02-09,306,45148891447,824,16650574151
2024-02-10,955,64332793681,430,18571723333
2024-02-11,1980,112514536485,596,24489201637
2024-02-12,1624,88948831093,566,25986209133
2024-02-13,1054,71146167966,1151,44387130565
2024-02-14,1737,106843211133,495,27346000122
2024-02-15,1013,74478383467,530,27666225252
2024-02-16,1224,77538300559,659,29566157915
2024-02-17,3047,161443689107,944,38260247589
2024-02-18,2242,117359539006,768,29232183994
2024-02-19,626,46172668255,700,32806054268
2024-02-20,728,47695246567,647,33016709359
2024-02-21,607,46867545317,376,24227563563
2024-02-22,429,32147572302,525,19720154300
2024-02-23,618,43296478661,396,20683382512
2024-02-24,1751,101919195378,556,26970939734
2024-02-25,1819,102294026621,645,26737782579
2024-02-26,821,56117264670,505,22714867510
2024-02-27,416,38908035558,808,54776926803
2024-02-28,447,34735157985,258,14309714015
2024-02-29,279,31796447075,263,14930158626
2024-03-01,387,39170003640,338,18808563618
2024-03-02,486,45964103994,301,16636852039
2024-03-03,623,53353428624,319,17924496563
2024-03-04,255,26422283592,294,15280973430
2024-03-05,162,21224835324,229,10819736103
2024-03-06,224,24931862823,292,15640254172
2024-03-07,272,20729813544,271,15508372973
2024-03-08,264,32877673405,308,16175678774
2024-03-09,379,37942731396,354,21206716001
2024-03-10,306,28174816958,450,31393744255
2024-03-11,273,26542787691,536,16100981514
2024-03-12,254,31312623809,791,55512898182
2024-03-13,215,30907232834,535,24400047800
2024-03-14,300,29697342498,776,20523701445
2024-03-15,402,31914098219,371,18348031873
2024-03-16,773,57558468672,971,51524548691
2024-03-17,1525,98913703465,1275,61934232202
2024-03-18,930,55338219176,1204,48649468650
2024-03-19,547,45023638096,323,14631152031
2024-03-20,428,37467487115,399,25619963679
2024-03-21,644,56547898038,1267,45522513613
2024-03-22,1053,72998837946,1092,61617190120
2024-03-23,1974,123551459139,1897,81395058428
2024-03-24,2239,138793329682,1475,69090593801
2024-03-25,1289,88634858957,996,41975553871
2024-03-26,568,44063311230,491,28381255393
2024-03-27,419,35045965757,261,13355971920
2024-03-28,548,45640904324,415,21116631428
2024-03-29,717,51282487260,465,22448602899
2024-03-30,1246,71127025457,473,37331112774
2024-03-31,1347,88319060315,1000,42480864318
2024-04-01,1108,70490140834,545,32335210929
2024-04-02,610,39604686916,297,15618298181
2024-04-03,722,51724736142,353,22427594420
2024-04-04,880,60894072540,754,40662817419
2024-04-05,1334,76147702966,1244,53034957678
2024-04-06,2974,155971478707,1926,87893007451
2024-04-07,1908,116483592534,1401,73002341575
2024-04-08,1413,82590643278,976,52789836085
2024-04-09,396,32503594637,445,14894572054
2024-04-10,892,71226725715,900,46671358943
2024-04-11,901,67009082868,1151,36057166303
2024-04-12,821,62720653579,680,28903886092
2024-04-13,1263,84174342642,766,43420503195
2024-04-14,1350,90638759646,1071,52898898907
2024-04-15,1759,101911213171,1278,52806520962
2024-04-16,2266,120568258663,2069,82019801184
2024-04-17,1318,83688726204,866,40907412501
2024-04-18,1669,104335970063,711,35997114479
2024-04-19,1618,93737578244,954,42353589879
2024-04-20,3703,199465962851,1767,85572897665
2024-04-21,3949,203965612975,2218,115911779635
2024-04-22,2466,133505891003,1847,88318837515
2024-04-23,1363,76108894272,675,33653638179
2024-04-24,874,59181682600,786,43345680200
2024-04-25,1358,77718508290,815,37920529449
2024-04-26,1741,100598454522,1129,53891655044
2024-04-27,2594,125570119525,1397,68275849329
2024-04-28,2528,124543173996,1655,81137937914
2024-04-29,1287,65009827713,973,49409283601
2024-04-30,639,41239151568,1495,55941091602
2024-05-01,843,44894875385,649,35708586014
2024-05-02,1006,56638081764,791,39632645822
2024-05-03,948,55226042316,992,48704556565
2024-05-04,1206,67647338017,1720,69835917825
2024-05-05,1612,90024560300,1493,67299472992
2024-05-06,1139,65578882478,701,37151538409
2024-05-07,1300,69357543947,1116,45166028818
2024-05-08,1646,87032483661,792,38994827325
2024-05-09,1686,84938899612,1955,68368079100
2024-05-10,1372,63120360910,2386,94042212257
2024-05-11,1040,56732266173,736,29928947734
2024-05-12,1980,94201066683,1673,63252457323
2024-05-13,890,42423254215,715,28255898146
2024-05-14,789,41529208798,624,35473917326
2024-05-15,975,53356821930,694,30202296454
2024-05-16,888,43561924200,722,36743052983
2024-05-17,792,47412616680,811,32591451869
2024-05-18,1072,54301239144,1337,55145278504
2024-05-19,1186,60425814924,1289,64230520479
2024-05-20,682,39788587476,651,72176823862
2024-05-21,420,38020868465,1113,38261997267
2024-05-22,449,33933356816,946,34139317443
2024-05-23,519,34000988436,643,22620994871
2024-05-24,565,36607979187,540,28623483212
2024-05-25,950,50580098831,931,39371330044
2024-05-26,1096,55842409296,1137,42816962224
2024-05-27,247,20442818133,494,18654588278
2024-05-28,334,28575045847,377,15348059004
2024-05-29,423,34890391223,456,29201590703
2024-05-30,422,29234633191,451,14706368837
2024-05-31,472,28911028680,561,17767101879
2024-06-01,830,44858628720,521,27709827592
2024-06-02,662,33581684471,461,21533374959
2024-06-03,330,23922616302,411,14615652963
2024-06-04,614,37752693965,766,37670042601
2024-06-05,420,38082862188,408,25453833534
2024-06-06,297,21093375078,619,18331647035
2024-06-07,347,24618933432,368,17485342056
2024-06-08,806,44356747214,731,48885305974
2024-06-09,1132,56949935274,1095,37418271896
2024-06-10,842,35687819707,1000,42204622635
2024-06-11,315,27903052631,283,14604407776
2024-06-12,380,27704277917,274,13033131810
2024-06-13,385,36365605776,220,13667956956
2024-06-14,395,26810488134,493,19807167060
2024-06-15,1019,52306371287,812,35131287696
2024-06-16,1102,56388220524,1378,52927364093
2024-06-17,597,37519506749,438,24328293468
2024-06-18,405,26119817568,300,14419016423
2024-06-19,584,38207285586,421,19611522746
2024-06-20,406,24824361607,810,22736839806
2024-06-21,621,41343364737,678,26063464191
2024-06-22,1311,64647871822,1131,49549864684
2024-06-23,1581,84478527896,1072,51211864100
2024-06-24,697,43522969391,535,23699043726
2024-06-25,537,34178451173,613,24337410414
2024-06-26,757,43231780589,900,40961530097
2024-06-27,382,26413624170,656,24900566091
2024-06-28,618,35534565212,659,28509935232
2024-06-29,943,54254499039,785,34059728490
2024-06-30,816,40618965686,1043,47667309173
2024-07-01,545,37731500280,772,34033965706
2024-07-02,556,41031478105,656,30164971060
2024-07-03,386,26022116670,388,16912770770
2024-07-04,417,27247773438,855,17780212729
2024-07-05,326,22115925108,247,15704618820
2024-07-06,666,34609767534,673,29913439840
2024-07-07,1063,48426836580,1131,43843603262
2024-07-08,714,36173132928,805,30506303475
2024-07-09,619,38297228094,628,24377198020
2024-07-10,395,26171174879,409,19823025023
2024-07-11,390,25810923782,455,21183881549
2024-07-12,530,31044381560,2098,65869261686
2024-07-13,690,34500762955,851,39863229074
2024-07-14,599,32842189661,569,22442963343
2024-07-15,389,24458513214,371,18754662191
2024-07-16,337,26550863406,1246,58612795423
2024-07-17,359,27335560098,650,28444719383
2024-07-18,312,24556199436,1021,33102913291
2024-07-19,473,30111890103,623,24472254066
2024-07-20,491,32003117208,987,33750097559
2024-07-21,478,26680804847,967,45646963752
2024-07-22,350,26032076197,1002,39812241315
2024-07-23,434,26411628903,770,32193833748
2024-07-24,430,29552311764,796,37200288157
2024-07-25,357,23090322834,842,31835893011
2024-07-26,670,28233812056,787,25676898841
2024-07-27,413,23394207456,1033,38409229818
2024-07-28,457,26948744010,747,27041420668
2024-07-29,415,26198197740,897,31839617929
2024-07-30,335,20111175372,770,39994131491
2024-07-31,401,20267955846,1185,35276386324
2024-08-01,290,22503570863,954,29175026097
2024-08-02,404,25807951420,659,21023319073
2024-08-03,404,23436706410,577,25600458788
2024-08-04,376,17446537827,768,28353759372
2024-08-05,145,7787932470,121,6381099567
2024-08-06,377,21166222662,454,23821516228
2024-08-07,424,23927574042,548,21106200295
2024-08-08,304,17975497065,587,27433592602
2024-08-09,341,23958275191,524,25834638030
2024-08-10,422,23909965826,782,30576579799
2024-08-11,440,24592647481,623,24352642548
2024-08-12,509,26334608148,434,16704301098
2024-08-13,884,33797723604,382,17775093828
2024-08-14,1165,28296520404,1074,34564547910
2024-08-15,522,28092937325,339,16339223643
2024-08-16,954,40703014181,528,21845774449
2024-08-17,731,37322983152,955,33065915582
2024-08-18,760,31957161937,1314,52070498336
2024-08-19,643,30509213991,1058,44674130315
2024-08-20,809,38425707749,515,29198605104
2024-08-21,973,37412587198,851,31811985172
2024-08-22,754,39579283049,649,30626497344
2024-08-23,709,34728920064,1254,47111799871
2024-08-24,670,34666585956,386,19844750029
2024-08-25,719,31718797613,759,23469187960
2024-08-26,741,35705490840,802,30125838619
2024-08-27,931,38290078832,713,21187122543
2024-08-28,700,31967975842,564,19425282751
2024-08-29,933,41298602040,788,21820126110
2024-08-30,1128,43602999918,582,20683046380
2024-08-31,1040,46795476312,650,23263306746
2024-09-01,867,36625424670,802,25585702776
2024-09-02,422,22092082235,517,25552779087
2024-09-03,592,28426947911,644,26972649214
2024-09-04,452,24447531923,384,17836220148
2024-09-05,458,25842418701,267,11454651462
2024-09-06,411,24556787398,355,17992044797
2024-09-07,527,21762281414,714,19235296946
2024-09-08,593,26149107039,851,32055759425
2024-09-09,485,22197121284,466,17012613912
2024-09-10,561,26844245460,903,25162751964
2024-09-11,726,38857056910,863,31558987469
2024-09-12,538,29505448105,802,26152176831
2024-09-13,556,32784321921,631,22980177493
2024-09-14,673,30259077137,656,20618412655
2024-09-15,807,35383486661,594,18942642697
2024-09-16,434,22444371918,544,20418259624
2024-09-17,469,28553275494,512,16624621290
2024-09-18,377,17734143920,351,15646778653
2024-09-19,287,20276000584,352,15198510636
2024-09-20,358,23544849582,511,19808263528
2024-09-21,358,20861698194,361,17017247866
2024-09-22,479,25663068557,717,24968995212
2024-09-23,327,20558987334,440,17090084646
2024-09-24,321,19145415157,246,12891809267
2024-09-25,307,24953309946,391,16331161272
2024-09-26,356,21166789860,459,18189030443
2024-09-27,356,21352862264,532,26317106265
2024-09-28,992,47109536069,1602,50579668562
2024-09-29,668,27869010048,674,22593715799
2024-09-30,812,35686860749,1317,31571461496
2024-10-01,396,25033555637,315,12703277572
2024-10-02,735,31443857100,769,26261243705
2024-10-03,702,30637587110,1086,29522704551
2024-10-04,591,26388886446,470,19155976837
2024-10-05,746,36095678784,437,17443264046
2024-10-06,519,28840542462,448,13250477846
2024-10-07,350,18747564246,521,12818373675
2024-10-08,418,27662015880,302,10633159668
2024-10-09,325,25032064500,716,28318690868
2024-10-10,543,32211892242,468,25231562608
2024-10-11,474,26361374094,578,20592167661
2024-10-12,632,28715947290,566,21998624175
2024-10-13,350,23061211272,546,21691506532
2024-10-14,379,27256369013,602,22744343905
2024-10-15,278,16682233014,344,17109672213
2024-10-16,366,21475973376,922,84535849947
2024-10-17,243,17912515398,477,15651155606
2024-10-18,211,15081130820,420,20563293818
2024-10-19,403,23451956964,494,18539146707
2024-10-20,366,24166677329,832,23905476016
2024-10-21,403,30190465872,726,25660698100
2024-10-22,474,29649134574,517,22266407313
2024-10-23,457,29864028258,484,26706855064
2024-10-24,333,19724495490,332,16723628338
2024-10-25,391,23344861662,522,22669053552
2024-10-26,516,29090643408,452,19676031572
2024-10-27,583,29956462703,377,16419135480
2024-10-28,298,19988135208,335,15692534444
2024-10-29,329,19025994582,242,9543009745
2024-10-30,254,19768894882,325,15285409650
2024-10-31,264,19356125598,488,9966166105
2024-11-01,303,25557734482,412,15265079765
2024-11-02,412,18893618262,735,25846138075
2024-11-03,416,22024276290,430,16363161889
2024-11-04,297,15465622464,511,28705758978
2024-11-05,369,23280045444,412,12239550726
2024-11-06,113,6867979614,171,7751603401
2024-11-07,189,16581506220,574,21217131437
2024-11-08,278,17961367176,560,18940186281
2024-11-09,346,21751465536,582,18638538846
2024-11-10,244,22685995944,795,28764309811
2024-11-11,274,20923142832,384,19498551767
2024-11-12,184,14530119389,383,18281400066
2024-11-13,190,17310704398,275,13533469415
2024-11-14,171,20429011836,299,12457321380
2024-11-15,269,19750467492,742,31462259060
2024-11-16,278,18941681968,469,19686641239
2024-11-17,288,18813509279,722,22266781850
2024-11-18,371,33030455580,385,14592991639
2024-11-19,236,21584717856,456,17499993425
2024-11-20,332,22424572998,591,29611246325
2024-11-21,212,15964744230,810,24202956792
2024-11-22,263,18122706504,449,18815950092
2024-11-23,310,23127241341,316,14520693526
2024-11-24,323,21034359846,455,24429472554
2024-11-25,243,17676576612,482,21693245761
2024-11-26,295,20843279262,726,21657308022
2024-11-27,284,23776389612,337,17086488609
2024-11-28,357,28351146006,301,14633757014
2024-11-29,334,32215730364,515,19868986175
2024-11-30,494,43866324089,1178,38926416560
2024-12-01,480,73633956318,1046,40741917594
2024-12-02,390,38933693622,557,26498519156
2024-12-03,272,21373364052,431,31708162350
2024-12-04,195,17624302326,583,28021652274
2024-12-05,317,29088377925,905,28346199214
2024-12-06,301,29199195450,386,16170088895
2024-12-07,370,32939616617,1027,40209889516
2024-12-08,470,33550579619,879,33647507045
2024-12-09,234,19453797375,410,18530181332
2024-12-10,285,25338067938,247,14467453249
2024-12-11,291,24368077800,856,22326855066
2024-12-12,255,22024836144,437,23403404028
2024-12-13,355,28445923260,514,23134860603
2024-12-14,946,59680190268,1360,50143588923
2024-12-15,2174,103437806219,1428,54788702937
2024-12-16,844,46866634954,813,66887690895
2024-12-17,412,25074844344,408,22064302200
2024-12-18,428,34584119620,498,26735673114
2024-12-19,542,47118800952,798,30729674106
2024-12-20,299,22589727208,316,16780557923
2024-12-21,684,48016896227,1063,41419305164
2024-12-22,1052,67530680028,943,34531454013
2024-12-23,854,53107747218,719,35269207002
2024-12-24,699,43938729882,577,22329047352
2024-12-25,956,54927454302,1048,41424962241
2024-12-26,514,36823291775,865,32391637920
2024-12-27,699,36921964468,754,40250844484
2024-12-28,843,45948993714,843,36074113956
2024-12-29,1125,58958213940,1243,49892478861
2024-12-30,1209,59949667619,899,38014215413
2024-12-31,644,35679896856,805,35512282895
2025-01-01,487,25454829042,496,24195748501
2025-01-02,210,15836086548,455,15110647110
2025-01-03,487,30367187982,751,35594738005
2025-01-04,402,28380752082,865,23924638758
2025-01-05,620,38492126514,443,19482565517
2025-01-06,254,23090176728,380,19000137759
2025-01-07,385,24593829345,513,26996438412
2025-01-08,459,26342832816,528,19273855849
2025-01-09,467,28619423647,510,18759445173
2025-01-10,615,38817747864,530,20919782662
2025-01-11,1108,51478374365,1263,31850215293
2025-01-12,1664,75334970862,1715,58467594109
2025-01-13,538,29603032272,665,25860182423
2025-01-14,575,34468352784,378,19400657727
2025-01-15,443,25769587302,589,36603343494
2025-01-16,450,28774200204,714,30888041911
2025-01-17,327,21421514124,342,16650277398
2025-01-18,200,12626661240,377,9175122508
2025-01-19,107,14189856469,126,6747371532
2025-01-20,352,33544855980,240,14177548584
2025-01-21,443,41596328916,750,29308622376
2025-01-22,528,42596099496,913,31460386714
2025-01-23,573,38273121767,1180,33511426724
2025-01-24,440,33032582999,711,22900812061
2025-01-25,461,30233279430,681,26504973253
2025-01-26,579,35432715942,1350,34883168154
2025-01-27,305,20616583050,395,16278515471
2025-01-28,535,31490847954,366,17602395006
2025-01-29,696,40537750932,903,26383215450
2025-01-30,621,38060724852,705,22984776152
2025-01-31,524,29636739072,781,29785741858
2025-02-01,703,33790801608,1053,33158299656
2025-02-02,369,21991637754,538,25985538125
2025-02-03,155,12765650544,338,12804423894
2025-02-04,546,27957577806,766,37596542921
2025-02-05,1022,52468653312,775,35121578233
2025-02-06,1085,46019925108,787,30815657028
2025-02-07,1160,55657601982,891,33708232531
2025-02-08,1152,54939635298,703,25066226272
2025-02-09,1100,53430397974,1078,34367784382
2025-02-10,859,38882527398,1103,42066080411
2025-02-11,668,31966653924,626,27239466477
2025-02-12,1230,53272325869,542,21762739536
2025-02-13,1343,40665904956,1004,35421609813
2025-02-14,1156,32974221636,598,23697297809
2025-02-15,1059,37435263930,585,17505326358
2025-02-16,839,39152283714,542,26542824231
2025-02-17,551,29846481318,517,37258447456
2025-02-18,1123,42840860813,535,20693331214
2025-02-19,765,28538004366,970,30566638728
2025-02-20,605,33718503078,696,21793632246
2025-02-21,644,30629786850,676,20868628683
2025-02-22,685,31638212287,467,14305295887
2025-02-23,592,26007618474,269,13380438956
2025-02-24,593,28273758174,399,13204727856
2025-02-25,460,22496037516,419,11067297732
2025-02-26,734,32856004133,585,15306756582
2025-02-27,800,32197622688,662,23444584348
2025-02-28,645,27575534333,258,12225937309
2025-03-01,720,31726727820,743,22058837910
2025-03-02,642,28415650932,433,13643222616
2025-03-03,883,37005282216,466,17378461764
2025-03-04,541,22569377976,356,13976436276
2025-03-05,567,27961442244,661,18022420764
2025-03-06,809,31189443749,461,16958314098
2025-03-07,646,27066443904,357,10878254334
2025-03-08,592,25805202012,765,26132940840
2025-03-09,628,29261771100,448,12990552668
2025-03-10,471,22521744342,441,11644337412
2025-03-11,439,18881043336,284,8732510441
2025-03-12,451,22776689322,940,17964880728
2025-03-13,453,19868849964,676,18060835131
2025-03-14,374,17612297406,484,13555313243
2025-03-15,370,15833566746,755,15238237680
2025-03-16,380,15709100004,697,16245892423
2025-03-17,406,17752021776,635,19042352758
2025-03-18,507,26510199012,747,22607674796
2025-03-19,374,16021060884,903,14945347365
2025-03-20,431,20770627482,442,12359017832
2025-03-21,370,19833071616,322,13034908368
2025-03-22,399,17703658258,655,9870809940
2025-03-23,374,17963023212,348,10722692057
2025-03-24,477,26801756027,734,15790255751
2025-03-25,430,22132603062,493,17543671127
2025-03-26,417,19156920030,363,10345223109
2025-03-27,444,22050399564,556,16009959304
2025-03-28,436,17717786622,2671,16159850028
2025-03-29,413,20280868992,808,13784519538
2025-03-30,479,20566357488,281,7055384904
2025-03-31,454,21830578110,648,17011913507
2025-04-01,372,16127271036,658,15850433714
2025-04-02,409,16832601612,652,13546448730
2025-04-03,367,17096449528,416,15138435204
2025-04-04,321,13321979766,535,15628573262
2025-04-05,494,20589881634,544,10449617584
2025-04-06,251,14266181034,167,5635597950
2025-04-07,239,11197970370,425,7060611588
2025-04-08,387,21444759342,377,8951242950
2025-04-09,271,12742955640,429,6748865956
2025-04-10,354,16049568528,406,5673661020
2025-04-11,315,14962966902,429,11723962986
2025-04-12,364,16416648612,229,6517107962
2025-04-13,292,13051791460,550,15686863987
2025-04-14,309,13652039969,1072,166473078096
2025-04-15,389,16168418694,718,10982915279
2025-04-16,332,16085205918,836,18876159920
2025-04-17,345,13339472418,556,10305329958
2025-04-18,416,17738374428,428,7792572096
2025-04-19,317,14292707562,469,9872861916
2025-04-20,347,13634164242,629,14121029080
2025-04-21,515,19892888710,751,9250699668
2025-04-22,393,18168457444,600,14047595609
2025-04-23,334,17307159786,642,14026483067
2025-04-24,400,20092306698,861,27357128249
2025-04-25,309,12859399062,1228,21116348513
2025-04-26,548,20093164560,551,11028854619
2025-04-27,516,21612213432,604,16773965794
2025-04-28,441,25074622656,669,22024321206
2025-04-29,497,20417346485,820,17957084702
2025-04-30,457,18269467053,549,10334856350
2025-05-01,442,20039198256,882,18119582918
2025-05-02,365,19404491364,1273,36248443015
2025-05-03,298,14370850224,2805,19249457179
2025-05-04,359,17263142010,277,8906294174
2025-05-05,344,16545877938,544,14867123544
2025-05-06,482,19875201876,402,10284996654
2025-05-07,486,20191738914,1166,27736369795
2025-05-08,260,12599479836,682,11855318982
2025-05-09,331,14363796780,671,14202161637
2025-05-10,334,21273386453,889,18648227339
2025-05-11,404,20830688568,565,19375477368
2025-05-12,442,19192984164,846,14233195922
2025-05-13,329,21864167118,607,22622621256
2025-05-14,437,18158330574,791,24164743310
2025-05-15,448,17623519164,2242,414081191678
2025-05-16,378,15517432278,495,9968015744
2025-05-17,318,13211219502,682,14348330241
2025-05-18,366,17318703636,625,12062816952
2025-05-19,380,19284124428,746,21606360732
2025-05-20,347,16789892922,1089,13046710890
2025-05-21,380,18201386556,682,17671875792
2025-05-22,332,16438051332,611,15642607330
2025-05-23,395,22591886958,354,8243307197
2025-05-24,367,15515000675,482,11877916998
2025-05-25,340,12238978626,397,9016686972
2025-05-26,305,14369628816,297,9876640857
2025-05-27,256,18164397582,1206,29607616680
2025-05-28,343,15577815816,467,13403828571
2025-05-29,314,18087140844,549,17153391444
2025-05-30,271,13574861928,599,19977911470
2025-05-31,507,17876901777,386,9529512931
2025-06-01,412,16092645100,720,18187254420
2025-06-02,280,11673907397,2608,18421780783
2025-06-03,347,21102449112,870,10540392857
2025-06-04,505,18915655229,273,6448076676
2025-06-05,332,16123429548,520,12524087267
2025-06-06,499,19617425559,622,19257986876
2025-06-07,477,21099648454,321,9467150400
2025-06-08,349,15287353647,307,10839459273
2025-06-09,312,20217206952,239,10947151180
2025-06-10,455,23701810749,830,26957592806
2025-06-11,351,19405796285,572,10003404719
2025-06-12,316,14378810226,702,21480582560
2025-06-13,273,12121735579,1528,69497542002
2025-06-14,588,18027355841,342,16495896139
2025-06-15,538,16940207004,697,20875212855
2025-06-16,314,14279094778,511,15135530069
2025-06-17,297,16457902474,774,11162425730
2025-06-18,681,21960520089,911,23685289340
2025-06-19,372,20377063156,505,11741554149
2025-06-20,309,14353603560,356,9598754232
2025-06-21,326,14185150055,545,8659686487
2025-06-22,194,10752558228,359,11719344506
2025-06-23,380,21947305751,336,12282472295
2025-06-24,388,16967108304,910,11218816546
2025-06-25,275,13784066855,375,10067248800
2025-06-26,418,16682085504,835,26229621363
2025-06-27,350,14481705542,554,14085505485
2025-06-28,325,15254872638,449,14983380683
2025-06-29,616,19594298303,619,15256478883
2025-06-30,556,22940875654,853,23388107388
2025-07-01,501,24917992776,1365,30245574321
2025-07-02,565,24947655119,2589,17107439013
2025-07-03,413,18895171464,561,13908782336
2025-07-04,352,14878886607,557,14266529264
2025-07-05,397,18318803141,778,18559679253
2025-07-06,466,20487973822,864,21773840395
2025-07-07,400,16823186568,632,12472325106
2025-07-08,404,18473095327,888,16770150662
2025-07-09,346,15226602053,561,20491835901
2025-07-10,401,17158060950,519,20714046807
2025-07-11,472,20446606181,580,19467692554
2025-07-12,496,34269735958,857,24410685596
2025-07-13,521,21755627782,401,14734977912
2025-07-14,364,18399269502,656,19907445436
2025-07-15,562,32328599338,1566,34993993950
2025-07-16,722,31310965355,1770,51662142315
2025-07-17,509,32003129358,1987,59743598622
2025-07-18,596,27663706440,1848,43983206225
2025-07-19,1191,51131867366,2003,48065447671
2025-07-20,1020,43003079548,1967,66857744168
2025-07-21,1510,58435366180,1969,62641821009
2025-07-22,959,44356733010,2369,49114128789
2025-07-23,1150,41571803358,1468,34320189396
2025-07-24,725,30455908614,1011,27316115086
2025-07-25,2925,46951174237,1845,40375854229
2025-07-26,7527,72920141948,4164,51174616494
2025-07-27,1939,55726155032,1580,41188190597
2025-07-28,1151,41389879733,1177,49222831194
2025-07-29,1888,65919107134,2155,60562257682
2025-07-30,2212,86492432016,984,44299080571
2025-07-31,1877,73000421674,1255,41146234769
2025-08-01,1485,46398289679,930,36242007805
2025-08-02,1166,45427178771,768,24327002202
2025-08-03,778,31832962002,685,17192215607
2025-08-04,1395,41500720331,1437,21879837869
2025-08-05,991,33341882975,792,26630858706
2025-08-06,991,40263076512,1134,31337984173
2025-08-07,1058,40028480280,953,27683649013
2025-08-08,1288,43666268327,1432,43324623794
2025-08-09,1445,52341765605,1492,41266707349
2025-08-10,1689,40561985917,1278,35098845283
2025-08-11,2171,60668592273,1887,63608026316
2025-08-12,1502,45187077593,1399,27669015702
2025-08-13,2536,57298041180,1477,41950915769
2025-08-14,1446,43413694197,706,27207103309
2025-08-15,2195,57275682115,673,26189328156
2025-08-16,1915,62663672857,892,31041837558
2025-08-17,2971,60096686433,770,27291899093
2025-08-18,1841,45096064702,1335,19221684228
2025-08-19,1658,39349718231,1122,33375114320
2025-08-20,1759,40405811610,861,25733916605
2025-08-21,1522,40234818930,1138,30866108852
2025-08-22,1050,35452312629,821,23957305043
2025-08-23,1722,37845130245,1161,51067470527
2025-08-24,796,30643057746,1046,23543052287
2025-08-25,783,26821601100,1377,28518704759
2025-08-26,784,26804242206,730,22012922968
2025-08-27,660,30962284398,1459,55873650441
2025-08-28,818,32976662074,794,28877863734
2025-08-29,832,39633781803,776,23128853054
2025-08-30,706,25340511708,1336,23181214484
2025-08-31,504,18113557209,2808,24176591554
2025-09-01,467,27601543368,817,18580267038
2025-09-02,547,26214493265,677,17191051218
2025-09-03,462,20491896672,699,15129678149
2025-09-04,518,23937825924,948,18945663306
2025-09-05,511,19826561857,794,14035262181
2025-09-06,501,22658481198,480,13317566493
2025-09-07,559,24242843666,804,15864488681
2025-09-08,458,19006544070,1163,18354940384
2025-09-09,426,17552076408,819,15372704985
2025-09-10,625,24801456618,1132,20949499482
2025-09-11,436,17120397942,713,17391844655
2025-09-12,450,22220634563,513,12558877758
2025-09-13,546,21513915018,713,16343398284
2025-09-14,475,18049050305,561,10188805008
2025-09-15,363,16667818613,876,12556169046
2025-09-16,467,19438905617,671,20231731708
2025-09-17,491,24289898796,565,12807760084
2025-09-18,339,17624945268,718,14485265544
2025-09-19,549,20183484257,622,16452605166
2025-09-20,457,18811359360,1135,16180788640
2025-09-21,510,22591423655,1242,31683881052
2025-09-22,365,16101747432,954,15266806509
2025-09-23,475,25613014050,1104,13773066804
2025-09-24,411,19235674692,900,16240215948
2025-09-25,303,14626016856,672,11778210515
2025-09-26,454,18712273067,1291,14869449989
2025-09-27,417,16179375168,804,16255562718
2025-09-28,436,17672917320,1185,32544132351
2025-09-29,341,21511333836,1731,29169392172
2025-09-30,538,26567689337,1483,35863953226
2025-10-01,436,18831521160,446,13171329092
2025-10-02,434,18302501806,453,13513906798
2025-10-03,429,23308382952,920,18382118391
2025-10-04,507,21738596400,1165,28422106989
2025-10-05,412,19433011103,625,15808248715
2025-10-06,371,20540593104,577,21177544302
2025-10-07,370,21473677007,621,22823977102
2025-10-08,420,23076673200,446,14708823406
2025-10-09,500,20605702608,467,17779211998
2025-10-10,431,18841704911,586,12461025635
2025-10-11,333,16547899752,630,11670207503
2025-10-12,394,18165343752,566,15260399999
2025-10-13,413,17515454348,1087,19659652665
2025-10-14,333,16284279600,789,25869577483
2025-10-15,419,23550997104,506,16319273659
2025-10-16,333,18523841256,485,10025098657
2025-10-17,289,13689913752,331,16370834399
2025-10-18,407,19192196302,664,22685457598
2025-10-19,252,12135898151,766,12569204401
2025-10-20,309,20455892856,787,10886554137
2025-10-21,405,19587041351,411,11184314648
2025-10-22,325,15765833159,571,13422755461
2025-10-23,326,15206473655,378,11292693408
2025-10-24,396,15517920456,541,13685468397
2025-10-25,410,15297562800,898,19662848800
2025-10-26,466,20320865352,342,11187892800
2025-10-27,605,24327298152,516,15907333800
2025-10-28,502,21314745504,960,19908549210
2025-10-29,540,25374556152,1189,26818953253
2025-10-30,406,17866647504,819,23552766739
2025-10-31,480,18806852303,349,5975456988
2025-11-01,504,20698404552,319,9714943336
2025-11-02,370,15263884800,443,9554377750
2025-11-03,319,13749804000,471,15350643229
2025-11-04,250,11523833352,340,8628912355
2025-11-05,405,26404220304,691,15857562097
2025-11-06,313,14696930664,585,9598921197
2025-11-07,385,18084114360,632,19701916830
2025-11-08,367,14812321104,762,13924517198
2025-11-09,406,17423301672,633,13360235253
2025-11-10,355,17671019256,655,11454786141
2025-11-11,287,16994667672,606,15457093342
2025-11-12,321,18621131903,812,15662539667
2025-11-13,241,10447758360,719,21386491208
2025-11-14,338,15253887600,639,8092314137
2025-11-15,342,12780201600,826,12574666799
2025-11-16,280,13599013752,739,15499901601
2025-11-17,359,17654276952,782,11110556950
2025-11-18,291,13594608000,453,11924524799
2025-11-19,450,21368026152,505,14927581784
2025-11-20,386,17429252452,453,12189502132
2025-11-21,443,18382371197,573,8968040405
2025-11-22,411,18835220284,726,7182874043
2025-11-23,335,13676300476,609,7793513349
2025-11-24,312,14849686836,495,10641592525
2025-11-25,395,16267101732,641,7369559653
2025-11-26,352,14897981484,915,10390172825
2025-11-27,425,18238822488,629,7977824295
2025-11-28,373,17134409336,792,22286620800
2025-11-29,373,14255560152,651,13601306090
2025-11-30,324,12567277609,582,12691706568
2025-12-01,339,16581346637,742,11429868170
2025-12-02,358,12843946099,520,12628216356
2025-12-03,479,17451606894,613,8985199644
2025-12-04,336,14557217256,575,8489242658
2025-12-05,436,16500723522,880,15126452204
2025-12-06,346,12999001069,393,11383932890
2025-12-07,303,12078694800,457,10530133200
2025-12-08,271,14087450952,854,12823799293
2025-12-09,313,14873147352,523,12176730309
2025-12-10,284,12941587008,847,10507455696
2025-12-11,270,11376740304,684,7257361817
2025-12-12,244,10168879104,618,9590183999
2025-12-13,292,10848119904,562,11618857331
2025-12-14,328,13439138397,747,13586203452
2025-12-15,207,10263589200,660,11551781097
2025-12-16,315,13435077598,632,21247315200
2025-12-17,230,11771218152,876,21272002372
2025-12-18,289,11423921615,643,11932325257
2025-12-19,284,12285025200,1305,15308756187
2025-12-20,241,9084126456,656,10538276400
2025-12-21,191,8840886552,1075,13440041565
2025-12-22,201,8832975840,579,7400924124
2025-12-23,264,9722363904,535,10713150000
2025-12-24,328,11454776207,334,7008316213
2025-12-25,248,11294988552,708,12369617049
2025-12-26,288,11021546257,799,7196132620
2025-12-27,197,9268141104,602,9536789120
2025-12-28,226,8881750795,655,15144155352
2025-12-29,314,13956411634,1449,34997626647
2025-12-30,308,11425636512,686,10301264078
2025-12-31,256,8963771904,2523,34187830471
2026-01-01,248,12211736369,819,27832583040
2026-01-02,279,14362922303,820,21156751804
2026-01-03,267,9546764065,989,11353735517
2026-01-04,356,14962346404,778,12363979548
2026-01-05,498,13581058554,603,18587748127
2026-01-06,510,17927200800,1031,11166422144
2026-01-07,386,14960321712,1180,13785594744
2026-01-08,379,12920320800,620,11721937770
2026-01-09,409,16167628800,1009,15802132698
2026-01-10,411,15935273352,537,7717357606
2026-01-11,305,13870524455,650,5734639685
2026-01-12,316,12040381008,766,14557469546
2026-01-13,450,17895990456,698,13583952661
2026-01-14,337,13076095033,900,23499015222
2026-01-15,522,17884341153,547,20916989556
2026-01-16,416,18829643256,709,12125588850
2026-01-17,387,17393931504,370,9007770792
2026-01-18,346,13343539751,1307,19492811526
2026-01-19,370,15152536402,977,12082327483
2026-01-20,361,13847150952,471,7750240977
2026-01-21,281,12545674056,582,6085732741
2026-01-22,371,14041302552,764,20751193647
2026-01-23,327,18028762056,1142,17244915943
2026-01-24,298,12156082704,1536,13193097337
2026-01-25,292,12516128856,583,5816787390
2026-01-26,311,10764406151,688,11620454881
2026-01-27,414,18144595544,961,8035090118
2026-01-28,394,16188691752,2132,41241406515
2026-01-29,300,14270909193,1937,19037728073
2026-01-30,430,19506403080,965,12974841324
2026-01-31,422,16381953504,729,15458802661
2026-02-01,396,13128176280,534,9475007179
2026-02-02,327,12766031352,413,6771243010
2026-02-03,322,15269787777,432,9003120332
2026-02-04,319,10730724536,599,12267212214
2026-02-05,304,12020979549,2083,5372714944
2026-02-06,339,16664834952,639,12685119992
2026-02-07,419,19224735329,558,9726469286
2026-02-08,398,22189541256,1053,17172736802
2026-02-09,566,22654369651,647,9659420682
2026-02-10,378,14579435782,777,11930496060
2026-02-11,451,15502708800,467,10532414664
2026-02-12,490,19936476387,652,15603889724
2026-02-13,375,13489647407,429,6596846120
2026-02-14,370,13684813141,456,12638666213
2026-02-15,324,10023962112,919,15606013920
2026-02-16,365,11984642633,840,9149100551
2026-02-17,465,14154016605,406,6491292151
2026-02-18,351,11358661104,1091,19146796053
2026-02-19,364,14944134114,1244,11399886649
2026-02-20,449,14714809272,1011,9259495846
2026-02-21,407,13797401204,985,12562596564
2026-02-22,391,11815216704,813,12345757200
2026-02-23,329,9158564903,674,12318406063
2026-02-24,397,13279796850,305,5149641600
2026-02-25,438,15596049767,662,8438907301
2026-02-26,336,14029931115,866,15435851984
2026-02-27,618,16088666074,1136,21985007052
2026-02-28,587,19726322339,476,11848349733
2026-03-01,395,12668094000,556,10540578961
2026-03-02,314,11036951912,523,10470648516
2026-03-03,359,9782364790,788,10055953388
2026-03-04,314,13836837513,836,7413116605
2026-03-05,342,10966467600,492,7644388030
2026-03-06,351,13924731600,1056,11394553816
2026-03-07,276,7691616000,315,4666060927
2026-03-08,258,10564232358,368,7758282114
2026-03-09,338,10769868000,296,11228229468
2026-03-10,526,16243513031,1162,48586213308
2026-03-11,390,13962437348,696,13487846788
2026-03-12,337,10715741959,666,9932958735
2026-03-13,258,8928668919,874,12836912040
2026-03-14,327,11478657600,513,6058501200
2026-03-15,269,9379620000,960,12621659162
2026-03-16,298,10350140400,455,9645588000
2026-03-17,288,10084705200,717,5480526852
2026-03-18,316,10398067200,663,13897450144
2026-03-19,284,9617788800,372,31862224491
2026-03-20,253,10546759008,498,7680546000
2026-03-21,233,8657028000,547,4539538800
2026-03-22,273,8587148385,452,36737249764
2026-03-23,284,12437028960,838,6430705469
2026-03-24,299,9881168247,1198,42969130958
2026-03-25,327,11210324125,1459,24609121200
2026-03-26,198,7659360000,890,6662994552
2026-03-27,228,9105208065,1327,7049619438
2026-03-28,197,8494318800,989,78244337949
2026-03-29,208,5987184613,636,11456353926
2026-03-30,234,9812170967,860,14639953048
2026-03-31,216,7672478283,704,9727261012
2026-04-01,229,7774055315,429,7362472373
2026-04-02,201,8419636512,708,6144278400
2026-04-03,242,9343871967,825,11718507661
2026-04-04,186,8660158637,1127,5078134926
2026-04-05,148,4637962800,608,3689656111
2026-04-06,217,8719702704,962,10067829793
2026-04-07,193,7832878572,1020,9213953838
2026-04-08,154,7012872000,545,10398910539
2026-04-09,173,6042297600,1075,12900931679
2026-04-10,216,7778509200,1159,6689877388
2026-04-11,137,5042522304,928,8371179751
2026-04-12,145,4888605600,727,5880226610
2026-04-13,242,9769766400,995,13422911887
2026-04-14,158,7348144620,1081,14401091406
2026-04-15,230,9904661933,960,10951597983
2026-04-16,271,11368508400,899,16962186240
2026-04-17,152,7176733200,506,8058691321
2026-04-18,132,5887814400,554,7078708150
2026-04-19,139,6719241600,687,8039425425
2026-04-20,168,8450179200,883,8260464775
2026-04-21,266,10690725960,771,9831609598
2026-04-22,190,7741612800,792,7545982926
2026-04-23,205,10511658072,1062,20103684619
2026-04-24,227,8591511600,624,17150818046
2026-04-25,173,9093258000,989,12677122479
2026-04-26,215,9360592056,1580,20517466581
2026-04-27,195,9445570056,1257,18570163104
2026-04-28,206,11300880168,857,17766248909
2026-04-29,181,7565044066,1277,51875230839
2026-04-30,270,9773684917,1430,32171190422
2026-05-01,220,7869502152,2492,118826479624
2026-05-02,249,9774322704,985,19295446976
2026-05-03,206,8789816016,2164,51196186265
2026-05-04,204,9585949104,537,22975316632
2026-05-05,263,9886226400,1026,13167551058
2026-05-06,256,9325316016,557,7815774111
2026-05-07,216,8782490952,1052,10426840809
2026-05-08,268,18803156760,854,10530008940
2026-05-09,310,13028340888,753,12779228952
2026-05-10,348,12259780488,555,8128368000
2026-05-11,311,11949580152,884,10422165336
2026-05-12,247,11910743352,1013,18470073868
2026-05-13,241,9360078552,518,7344642710
2026-05-14,192,8243428104,341,6952603382
2026-05-15,187,7812779904,1160,13328233311
2026-05-16,201,10981892952,1568,13017427617
2026-05-17,195,7375394736,919,22395112316
2026-05-18,223,9514553842,989,13602694838
2026-05-19,327,11734479924,734,18566742855
2026-05-20,273,10975956552,943,8696687112
2026-05-21,212,9565040891,355,4407875617
2026-05-22,223,8615293200,427,8833237284
2026-05-23,208,7262201160,634,6814748295
2026-05-24,161,7636854895,400,8336022818
2026-05-25,155,7885555200,325,6983605117
2026-05-26,146,5199202752,1307,11738604973
2026-05-27,245,8098805787,1130,16854038176
2026-05-28,204,7423588045,671,6271620300
2026-05-29,166,7649897904,767,8429929657
2026-05-30,192,7436102400,1471,16940333580
2026-05-31,160,5399494165,941,6104627160
2026-06-01,139,6467341104,1383,17458508908
2026-06-02,149,6206758704,1510,34771419965
2026-06-03,252,8111625183,539,12247167600
2026-06-04,212,8330792256,689,32983021561
2026-06-05,126,5796293256,794,5147715393
2026-06-06,260,9157456800,521,11111343120
2026-06-07,260,10705303008,471,6674360340
2026-06-08,173,6907636152,560,11397380333
2026-06-09,235,7107496704,1194,7008471228
2026-06-10,167,8453728152,1565,20614694129
2026-06-11,166,7014836952,609,6943723060
2026-06-12,167,6973337808,567,7782649200
2026-06-13,189,6634529712,604,9786927600
2026-06-14,166,6110574552,534,4045031686
2026-06-15,145,7263427104,1140,10964629406
2026-06-16,167,10183558751,1459,15941498559
2026-06-17,204,9420762888,639,8886888814
2026-06-18,163,7559588952,637,14733401029
2026-06-19,157,7278677991,402,4991848020
2026-06-20,244,8884183752,858,11937336480
2026-06-21,189,8794802274,567,6152636057
2026-06-22,218,7743683747,545,6522658635
2026-06-23,207,8416586952,457,7207215505
2026-06-24,167,5197289256,1431,10740227705
2026-06-25,143,6542578152,987,5516241723
2026-06-26,222,6953716096,797,6603946028
2026-06-27,185,6312530664,269,5647791600
2026-06-28,206,8732835504,665,4280517109
2026-06-29,120,4612798134,1752,13770896908
2026-06-30,96,4814463600,1193,9927513505
2026-07-01,153,6641156952,1100,11722704550
2026-07-02,177,5932521504,812,8447290052
2026-07-03,120,4476211200,653,13438735373
2026-07-04,155,8830014552,705,19897251120
2026-07-05,158,5028200856,694,8178742146
2026-07-06,123,4644518400,385,6321557482
2026-07-07,118,5943691656,548,6559410242
2026-07-08,123,5482229256,1020,4523010566
2026-07-09,165,7088795352,1807,42645914678
2026-07-10,253,6832640304,519,6365731860
2026-07-11,162,5224089600,1192,21707131585
2026-07-12,185,6063397560,474,11763228362
2026-07-13,160,7157573352,234,4619792364
2026-07-14,201,5904657216,351,8364038400
2026-07-15,214,7470629352,688,5767869970
2026-07-16,219,6704029008,919,7763201806
2026-07-17,162,7145942472,631,13087887445
2026-07-18,137,5019680376,561,14289398992
2026-07-19,115,5499855864,688,20355700299
2026-07-20,132,6330488400,1041,15529319521
2026-07-21,183,7720486704,447,9966455142
2026-07-22,204,6489265752,501,5161276800
2026-07-23,118,4839961752,806,12084881452
2026-07-24,135,7689451104,543,7800837855
2026-07-25,143,6322799160,554,8481336552
2026-07-26,140,5790355200,862,14640555602
2026-07-27,108,5099089752,834,8939808689
2026-07-28,193,5109846264,1444,14766638400
2026-07-29,144,4126554323,444,16416488304
2026-07-30,173,5195249352,1375,47880435335
2026-07-31,178,5067743904,1108,11291369951
2026-08-01,140,4291229808,931,23263575835
2026-08-02,127,6229862208,527,5706241200
2026-08-03,139,4809933504,1171,22190031955
2026-08-04,174,8013440952,725,8556526800
2026-08-05,169,6733336608,493,9116317314
2026-08-06,132,6924364704,1040,10553702075
2026-08-07,181,18426782016,936,8875054800
2026-08-08,118,3895472304,484,3580547975
2026-08-09,181,19182969576,982,6790549152
2026-08-10,145,8331238152,659,5038240740
2026-08-11,172,7360423200,717,6708061166
2026-08-12,149,5840094456,601,9249840781
2026-08-13,182,6399795672,647,7453390339
2026-08-14,223,6683226139,695,9774525100
2026-08-15,205,8624604456,419,10905667200
2026-08-16,290,9321744816,658,7619014152
2026-08-17,314,9456352704,941,8435196720
2026-08-18,206,7767967104,749,11535689257
2026-08-19,229,11840727960,554,10479549252
2026-08-20,359,11823590304,1044,13439122753
2026-08-21,664,12893308416,801,27122296329
2026-08-22,464,15947505847,514,13084154442
2026-08-23,447,22688715778,1432,13683776380
2026-08-24,291,8975817595,1186,19323903110
2026-08-25,280,11316175060,879,17542161000
2026-08-26,352,9070214112,1093,16681710735
2026-08-27,319,12684820032,983,20108574119
2026-08-28,254,9712805616,1389,31186448609
2026-08-29,198,7021050191,1081,10882097492
2026-08-30,214,9231780168,961,23063187146
2026-08-31,240,6929048304,829,9253758224
2026-09-01,291,12193905559,633,10843921232
2026-09-02,177,7557307129,914,17249083427
2026-09-03,229,9240183504,1048,9254330946
2026-09-04,261,9092332152,768,13344787255
2026-09-05,182,8722944830,1474,12441504554
2026-09-06,173,8228435904,652,9260426637
2026-09-07,349,12952978630,593,20099361600
2026-09-08,254,8705403400,1072,10198930126
2026-09-09,154,5992865290,582,8743549999
2026-09-10,181,8149441667,766,8303311752
2026-09-11,313,8715514320,1136,12208397798
2026-09-12,227,5729803082,531,10689097475
2026-09-13,168,6867103752,740,8633512636
2026-09-14,231,14058728856,901,11611424467
2026-09-15,125,5420044680,584,7460641447
2026-09-16,196,8231320056,589,9508413600
2026-09-17,189,7227797226,918,7392122031
2026-09-18,170,6406623482,1172,10141805855
2026-09-19,209,7018412257,623,6105030940
2026-09-20,218,6660471570,726,5017486892
2026-09-21,243,9393396552,490,7783757654
2026-09-22,130,8404304400,810,11089393147
